[27Oct2025 16:28:45.234] [main/INFO] [cpw.mods.modlauncher.Launcher/MODLAUNCHER]: ModLauncher running: args [--launchTarget, forgeserver, --fml.forgeVersion, 47.3.7, --fml.mcVersion, 1.20.1, --fml.forgeGroup, net.minecraftforge, --fml.mcpVersion, 20230612.114412, nogui]
[27Oct2025 16:28:45.238] [main/INFO] [cpw.mods.modlauncher.Launcher/MODLAUNCHER]: ModLauncher 10.0.9+10.0.9+main.dcd20f30 starting: java version 17.0.16 by Ubuntu; OS Linux arch amd64 version 6.8.0-1030-azure
[27Oct2025 16:28:45.263] [main/DEBUG] [cpw.mods.modlauncher.LaunchServiceHandler/MODLAUNCHER]: Found launch services [fmlclientdev,forgeclient,minecraft,forgegametestserverdev,fmlserveruserdev,fmlclient,fmldatauserdev,forgeserverdev,forgeserveruserdev,forgeclientdev,forgeclientuserdev,forgeserver,forgedatadev,fmlserver,fmlclientuserdev,fmlserverdev,forgedatauserdev,testharness,forgegametestserveruserdev]
[27Oct2025 16:28:45.273] [main/DEBUG] [cpw.mods.modlauncher.NameMappingServiceHandler/MODLAUNCHER]: Found naming services : [srgtomcp]
[27Oct2025 16:28:45.288] [main/DEBUG] [cpw.mods.modlauncher.LaunchPluginHandler/MODLAUNCHER]: Found launch plugins: [mixin,eventbus,slf4jfixer,object_holder_definalize,runtime_enum_extender,capability_token_subclass,accesstransformer,runtimedistcleaner]
[27Oct2025 16:28:45.298] [main/DEBUG] [cpw.mods.modlauncher.TransformationServicesHandler/MODLAUNCHER]: Discovering transformation services
[27Oct2025 16:28:45.302] [main/DEBUG] [net.minecraftforge.fml.loading.FMLPaths/CORE]: Path GAMEDIR is /workspaces/Marbella/servidor_minecraft
[27Oct2025 16:28:45.302] [main/DEBUG] [net.minecraftforge.fml.loading.FMLPaths/CORE]: Path MODSDIR is /workspaces/Marbella/servidor_minecraft/mods
[27Oct2025 16:28:45.302] [main/DEBUG] [net.minecraftforge.fml.loading.FMLPaths/CORE]: Path CONFIGDIR is /workspaces/Marbella/servidor_minecraft/config
[27Oct2025 16:28:45.303] [main/DEBUG] [net.minecraftforge.fml.loading.FMLPaths/CORE]: Path FMLCONFIG is /workspaces/Marbella/servidor_minecraft/config/fml.toml
[27Oct2025 16:28:46.041] [main/DEBUG] [cpw.mods.modlauncher.TransformationServicesHandler/MODLAUNCHER]: Found additional transformation services from discovery services: [/workspaces/Marbella/servidor_minecraft/mods/redirector-5.0.0.jar]
[27Oct2025 16:28:46.053] [main/INFO] [net.minecraftforge.fml.loading.ImmediateWindowHandler/]: ImmediateWindowProvider not loading because launch target is forgeserver
[27Oct2025 16:28:46.060] [main/INFO] [com.teampotato.redirector.Redirector/]: Redirector CoreMod initialized successfully!
[27Oct2025 16:28:46.067] [main/DEBUG] [cpw.mods.modlauncher.TransformationServicesHandler/MODLAUNCHER]: Found transformer services : [mixin,redirector,fml]
[27Oct2025 16:28:46.067] [main/DEBUG] [cpw.mods.modlauncher.TransformationServicesHandler/MODLAUNCHER]: Transformation services loading
[27Oct2025 16:28:46.068] [main/DEBUG] [cpw.mods.modlauncher.TransformationServiceDecorator/MODLAUNCHER]: Loading service mixin
[27Oct2025 16:28:46.068] [main/DEBUG] [cpw.mods.modlauncher.TransformationServiceDecorator/MODLAUNCHER]: Loaded service mixin
[27Oct2025 16:28:46.068] [main/DEBUG] [cpw.mods.modlauncher.TransformationServiceDecorator/MODLAUNCHER]: Loading service redirector
[27Oct2025 16:28:46.068] [main/DEBUG] [cpw.mods.modlauncher.TransformationServiceDecorator/MODLAUNCHER]: Loaded service redirector
[27Oct2025 16:28:46.069] [main/DEBUG] [cpw.mods.modlauncher.TransformationServiceDecorator/MODLAUNCHER]: Loading service fml
[27Oct2025 16:28:46.069] [main/DEBUG] [net.minecraftforge.fml.loading.LauncherVersion/CORE]: Found FMLLauncher version 1.0
[27Oct2025 16:28:46.070] [main/DEBUG] [net.minecraftforge.fml.loading.FMLLoader/CORE]: FML 1.0 loading
[27Oct2025 16:28:46.070] [main/DEBUG] [net.minecraftforge.fml.loading.FMLLoader/CORE]: FML found ModLauncher version : 10.0.9+10.0.9+main.dcd20f30
[27Oct2025 16:28:46.070] [main/DEBUG] [net.minecraftforge.fml.loading.FMLLoader/CORE]: FML found AccessTransformer version : 8.0.4+66+master.c09db6d7
[27Oct2025 16:28:46.070] [main/DEBUG] [net.minecraftforge.fml.loading.FMLLoader/CORE]: FML found EventBus version : 6.0.5+6.0.5+master.eb8e549b
[27Oct2025 16:28:46.071] [main/DEBUG] [net.minecraftforge.fml.loading.FMLLoader/CORE]: Found Runtime Dist Cleaner
[27Oct2025 16:28:46.072] [main/DEBUG] [net.minecraftforge.fml.loading.FMLLoader/CORE]: FML found CoreMod version : 5.1.6
[27Oct2025 16:28:46.072] [main/DEBUG] [net.minecraftforge.fml.loading.FMLLoader/CORE]: Found ForgeSPI package implementation version 7.0.1+7.0.1+master.d2b38bf6
[27Oct2025 16:28:46.073] [main/DEBUG] [net.minecraftforge.fml.loading.FMLLoader/CORE]: Found ForgeSPI package specification 5
[27Oct2025 16:28:46.073] [main/DEBUG] [cpw.mods.modlauncher.TransformationServiceDecorator/MODLAUNCHER]: Loaded service fml
[27Oct2025 16:28:46.073] [main/DEBUG] [cpw.mods.modlauncher.TransformationServicesHandler/MODLAUNCHER]: Configuring option handling for services
[27Oct2025 16:28:46.079] [main/DEBUG] [cpw.mods.modlauncher.TransformationServicesHandler/MODLAUNCHER]: Transformation services initializing
[27Oct2025 16:28:46.080] [main/DEBUG] [cpw.mods.modlauncher.TransformationServiceDecorator/MODLAUNCHER]: Initializing transformation service mixin
[27Oct2025 16:28:46.092] [main/DEBUG] [mixin/]: MixinService [ModLauncher] was successfully booted in cpw.mods.cl.ModuleClassLoader@44c8afef
[27Oct2025 16:28:46.114] [main/INFO] [mixin/]: SpongePowered MIXIN Subsystem Version=0.8.5 Source=union:/workspaces/Marbella/servidor_minecraft/libraries/org/spongepowered/mixin/0.8.5/mixin-0.8.5.jar%2363!/ Service=ModLauncher Env=SERVER
[27Oct2025 16:28:46.118] [main/DEBUG] [mixin/]: Initialising Mixin Platform Manager
[27Oct2025 16:28:46.118] [main/DEBUG] [mixin/]: Adding mixin platform agents for container ModLauncher Root Container(ModLauncher:4f56a0a2)
[27Oct2025 16:28:46.119] [main/DEBUG] [mixin/]: Instancing new MixinPlatformAgentMinecraftForge for ModLauncher Root Container(ModLauncher:4f56a0a2)
[27Oct2025 16:28:46.119] [main/DEBUG] [mixin/]: MixinPlatformAgentMinecraftForge rejected container ModLauncher Root Container(ModLauncher:4f56a0a2)
[27Oct2025 16:28:46.120] [main/DEBUG] [mixin/]: Instancing new MixinPlatformAgentDefault for ModLauncher Root Container(ModLauncher:4f56a0a2)
[27Oct2025 16:28:46.120] [main/DEBUG] [mixin/]: MixinPlatformAgentDefault accepted container ModLauncher Root Container(ModLauncher:4f56a0a2)
[27Oct2025 16:28:46.123] [main/DEBUG] [cpw.mods.modlauncher.TransformationServiceDecorator/MODLAUNCHER]: Initialized transformation service mixin
[27Oct2025 16:28:46.123] [main/DEBUG] [cpw.mods.modlauncher.TransformationServiceDecorator/MODLAUNCHER]: Initializing transformation service redirector
[27Oct2025 16:28:46.123] [main/DEBUG] [cpw.mods.modlauncher.TransformationServiceDecorator/MODLAUNCHER]: Initialized transformation service redirector
[27Oct2025 16:28:46.124] [main/DEBUG] [cpw.mods.modlauncher.TransformationServiceDecorator/MODLAUNCHER]: Initializing transformation service fml
[27Oct2025 16:28:46.124] [main/DEBUG] [net.minecraftforge.fml.loading.FMLServiceProvider/CORE]: Setting up basic FML game directories
[27Oct2025 16:28:46.124] [main/DEBUG] [net.minecraftforge.fml.loading.FMLPaths/CORE]: Path GAMEDIR is /workspaces/Marbella/servidor_minecraft
[27Oct2025 16:28:46.124] [main/DEBUG] [net.minecraftforge.fml.loading.FMLPaths/CORE]: Path MODSDIR is /workspaces/Marbella/servidor_minecraft/mods
[27Oct2025 16:28:46.124] [main/DEBUG] [net.minecraftforge.fml.loading.FMLPaths/CORE]: Path CONFIGDIR is /workspaces/Marbella/servidor_minecraft/config
[27Oct2025 16:28:46.125] [main/DEBUG] [net.minecraftforge.fml.loading.FMLPaths/CORE]: Path FMLCONFIG is /workspaces/Marbella/servidor_minecraft/config/fml.toml
[27Oct2025 16:28:46.125] [main/DEBUG] [net.minecraftforge.fml.loading.FMLServiceProvider/CORE]: Loading configuration
[27Oct2025 16:28:46.127] [main/DEBUG] [net.minecraftforge.fml.loading.FMLServiceProvider/CORE]: Preparing ModFile
[27Oct2025 16:28:46.130] [main/DEBUG] [net.minecraftforge.fml.loading.FMLServiceProvider/CORE]: Preparing launch handler
[27Oct2025 16:28:46.130] [main/DEBUG] [net.minecraftforge.fml.loading.FMLLoader/CORE]: Using forgeserver as launch service
[27Oct2025 16:28:46.148] [main/DEBUG] [net.minecraftforge.fml.loading.FMLLoader/CORE]: Received command line version data  : VersionInfo[forgeVersion=47.3.7, mcVersion=1.20.1, mcpVersion=20230612.114412, forgeGroup=net.minecraftforge]
[27Oct2025 16:28:46.149] [main/DEBUG] [cpw.mods.modlauncher.TransformationServiceDecorator/MODLAUNCHER]: Initialized transformation service fml
[27Oct2025 16:28:46.150] [main/DEBUG] [cpw.mods.modlauncher.NameMappingServiceHandler/MODLAUNCHER]: Current naming domain is 'srg'
[27Oct2025 16:28:46.150] [main/DEBUG] [cpw.mods.modlauncher.NameMappingServiceHandler/MODLAUNCHER]: Identified name mapping providers {}
[27Oct2025 16:28:46.150] [main/DEBUG] [cpw.mods.modlauncher.TransformationServicesHandler/MODLAUNCHER]: Transformation services begin scanning
[27Oct2025 16:28:46.151] [main/DEBUG] [cpw.mods.modlauncher.TransformationServiceDecorator/MODLAUNCHER]: Beginning scan trigger - transformation service mixin
[27Oct2025 16:28:46.152] [main/DEBUG] [cpw.mods.modlauncher.TransformationServiceDecorator/MODLAUNCHER]: End scan trigger - transformation service mixin
[27Oct2025 16:28:46.152] [main/DEBUG] [cpw.mods.modlauncher.TransformationServiceDecorator/MODLAUNCHER]: Beginning scan trigger - transformation service redirector
[27Oct2025 16:28:46.152] [main/DEBUG] [cpw.mods.modlauncher.TransformationServiceDecorator/MODLAUNCHER]: End scan trigger - transformation service redirector
[27Oct2025 16:28:46.152] [main/DEBUG] [cpw.mods.modlauncher.TransformationServiceDecorator/MODLAUNCHER]: Beginning scan trigger - transformation service fml
[27Oct2025 16:28:46.152] [main/DEBUG] [net.minecraftforge.fml.loading.FMLServiceProvider/CORE]: Initiating mod scan
[27Oct2025 16:28:46.162] [main/DEBUG] [net.minecraftforge.fml.loading.moddiscovery.ModListHandler/CORE]: Found mod coordinates from lists: []
[27Oct2025 16:28:46.169] [main/DEBUG] [net.minecraftforge.fml.loading.moddiscovery.ModDiscoverer/CORE]: Found Mod Locators : (mods folder:null),(maven libs:null),(exploded directory:null),(minecraft:null),(userdev classpath:null)
[27Oct2025 16:28:46.169] [main/DEBUG] [net.minecraftforge.fml.loading.moddiscovery.ModDiscoverer/CORE]: Found Dependency Locators : (JarInJar:null)
[27Oct2025 16:28:46.176] [main/DEBUG] [net.minecraftforge.fml.loading.moddiscovery.ModFileParser/LOADING]: Considering mod file candidate /workspaces/Marbella/servidor_minecraft/mods/architectury-9.2.14-forge.jar
[27Oct2025 16:28:46.216] [main/DEBUG] [net.minecraftforge.fml.loading.moddiscovery.ModFileInfo/LOADING]: Found valid mod file architectury-9.2.14-forge.jar with {architectury} mods - versions {9.2.14}
[27Oct2025 16:28:46.218] [main/DEBUG] [net.minecraftforge.fml.loading.moddiscovery.ModFileParser/LOADING]: Considering mod file candidate /workspaces/Marbella/servidor_minecraft/mods/asphalt cars 0.1.0 for 1.18.2x.jar
[27Oct2025 16:28:46.220] [main/DEBUG] [net.minecraftforge.fml.loading.moddiscovery.ModFileInfo/LOADING]: Found valid mod file asphalt cars 0.1.0 for 1.18.2x.jar with {bh} mods - versions {2.0.1}
[27Oct2025 16:28:46.225] [main/DEBUG] [net.minecraftforge.fml.loading.moddiscovery.ModFileParser/LOADING]: Considering mod file candidate /workspaces/Marbella/servidor_minecraft/mods/AttributeFix-Forge-1.20.1-21.0.4.jar
[27Oct2025 16:28:46.226] [main/DEBUG] [net.minecraftforge.fml.loading.moddiscovery.ModFileInfo/LOADING]: Found valid mod file AttributeFix-Forge-1.20.1-21.0.4.jar with {attributefix} mods - versions {21.0.4}
[27Oct2025 16:28:46.227] [main/DEBUG] [net.minecraftforge.fml.loading.moddiscovery.ModFileParser/LOADING]: Considering mod file candidate /workspaces/Marbella/servidor_minecraft/mods/betterfpsdist-1.20.1-6.0.jar
[27Oct2025 16:28:46.231] [main/DEBUG] [net.minecraftforge.fml.loading.moddiscovery.ModFileInfo/LOADING]: Found valid mod file betterfpsdist-1.20.1-6.0.jar with {betterfpsdist} mods - versions {1.20.1-6.0}
[27Oct2025 16:28:46.237] [main/DEBUG] [net.minecraftforge.fml.loading.moddiscovery.ModFileParser/LOADING]: Considering mod file candidate /workspaces/Marbella/servidor_minecraft/mods/Bookshelf-Forge-1.20.1-20.2.13.jar
[27Oct2025 16:28:46.238] [main/DEBUG] [net.minecraftforge.fml.loading.moddiscovery.ModFileInfo/LOADING]: Found valid mod file Bookshelf-Forge-1.20.1-20.2.13.jar with {bookshelf} mods - versions {20.2.13}
[27Oct2025 16:28:46.238] [main/DEBUG] [net.minecraftforge.fml.loading.moddiscovery.ModFileParser/LOADING]: Considering mod file candidate /workspaces/Marbella/servidor_minecraft/mods/boxing_madness_1.20.1.jar
[27Oct2025 16:28:46.239] [main/DEBUG] [net.minecraftforge.fml.loading.moddiscovery.ModFileInfo/LOADING]: Found valid mod file boxing_madness_1.20.1.jar with {boxing_madness} mods - versions {1.0.0}
[27Oct2025 16:28:46.240] [main/DEBUG] [net.minecraftforge.fml.loading.moddiscovery.ModFileParser/LOADING]: Considering mod file candidate /workspaces/Marbella/servidor_minecraft/mods/BRCC 1.0.5 1.16.5-1.20.1.jar
[27Oct2025 16:28:46.241] [main/DEBUG] [net.minecraftforge.fml.loading.moddiscovery.ModFileInfo/LOADING]: Found valid mod file BRCC 1.0.5 1.16.5-1.20.1.jar with {brcc} mods - versions {24}
[27Oct2025 16:28:46.242] [main/DEBUG] [net.minecraftforge.fml.loading.moddiscovery.ModFileParser/LOADING]: Considering mod file candidate /workspaces/Marbella/servidor_minecraft/mods/camera-forge-1.20.1-1.0.20.jar
[27Oct2025 16:28:46.244] [main/DEBUG] [net.minecraftforge.fml.loading.moddiscovery.ModFileInfo/LOADING]: Found valid mod file camera-forge-1.20.1-1.0.20.jar with {camera} mods - versions {1.20.1-1.0.20}
[27Oct2025 16:28:46.245] [main/DEBUG] [net.minecraftforge.fml.loading.moddiscovery.ModFileParser/LOADING]: Considering mod file candidate /workspaces/Marbella/servidor_minecraft/mods/CasinoCraft_1.20.1_v25.jar
[27Oct2025 16:28:46.246] [main/DEBUG] [net.minecraftforge.fml.loading.moddiscovery.ModFileInfo/LOADING]: Found valid mod file CasinoCraft_1.20.1_v25.jar with {casinocraft} mods - versions {25.0}
[27Oct2025 16:28:46.246] [main/DEBUG] [net.minecraftforge.fml.loading.moddiscovery.ModFileParser/LOADING]: Considering mod file candidate /workspaces/Marbella/servidor_minecraft/mods/connectivity-1.20.1-7.2.jar
[27Oct2025 16:28:46.248] [main/DEBUG] [net.minecraftforge.fml.loading.moddiscovery.ModFileInfo/LOADING]: Found valid mod file connectivity-1.20.1-7.2.jar with {connectivity} mods - versions {1.20.1-7.2}
[27Oct2025 16:28:46.249] [main/DEBUG] [net.minecraftforge.fml.loading.moddiscovery.ModFileParser/LOADING]: Considering mod file candidate /workspaces/Marbella/servidor_minecraft/mods/CreativeCore_FORGE_v2.12.32_mc1.20.1.jar
[27Oct2025 16:28:46.250] [main/DEBUG] [net.minecraftforge.fml.loading.moddiscovery.ModFileInfo/LOADING]: Found valid mod file CreativeCore_FORGE_v2.12.32_mc1.20.1.jar with {creativecore} mods - versions {2.12.32}
[27Oct2025 16:28:46.251] [main/DEBUG] [net.minecraftforge.fml.loading.moddiscovery.ModFileParser/LOADING]: Considering mod file candidate /workspaces/Marbella/servidor_minecraft/mods/Cuffed-1.20.1-1.3.9.jar
[27Oct2025 16:28:46.252] [main/DEBUG] [net.minecraftforge.fml.loading.moddiscovery.ModFileInfo/LOADING]: Found valid mod file Cuffed-1.20.1-1.3.9.jar with {cuffed} mods - versions {1.3.9}
[27Oct2025 16:28:46.253] [main/DEBUG] [net.minecraftforge.fml.loading.moddiscovery.ModFileParser/LOADING]: Considering mod file candidate /workspaces/Marbella/servidor_minecraft/mods/CullLessLeaves-Reforged-1.20.1-1.0.5.jar
[27Oct2025 16:28:46.254] [main/DEBUG] [net.minecraftforge.fml.loading.moddiscovery.ModFileInfo/LOADING]: Found valid mod file CullLessLeaves-Reforged-1.20.1-1.0.5.jar with {culllessleaves} mods - versions {1.20.1-1.0.5}
[27Oct2025 16:28:46.254] [main/DEBUG] [net.minecraftforge.fml.loading.moddiscovery.ModFileParser/LOADING]: Considering mod file candidate /workspaces/Marbella/servidor_minecraft/mods/cupboard-1.20.1-2.7.jar
[27Oct2025 16:28:46.255] [main/DEBUG] [net.minecraftforge.fml.loading.moddiscovery.ModFileInfo/LOADING]: Found valid mod file cupboard-1.20.1-2.7.jar with {cupboard} mods - versions {1.20.1-2.7}
[27Oct2025 16:28:46.256] [main/DEBUG] [net.minecraftforge.fml.loading.moddiscovery.ModFileParser/LOADING]: Considering mod file candidate /workspaces/Marbella/servidor_minecraft/mods/curios-forge-5.14.1+1.20.1 (1).jar
[27Oct2025 16:28:46.257] [main/DEBUG] [net.minecraftforge.fml.loading.moddiscovery.ModFileInfo/LOADING]: Found valid mod file curios-forge-5.14.1+1.20.1 (1).jar with {curios} mods - versions {5.14.1+1.20.1}
[27Oct2025 16:28:46.259] [main/DEBUG] [net.minecraftforge.fml.loading.moddiscovery.ModFileParser/LOADING]: Considering mod file candidate /workspaces/Marbella/servidor_minecraft/mods/CustomNPCs-1.20.1-GBPort-Unofficial-20250830.jar
[27Oct2025 16:28:46.260] [main/DEBUG] [net.minecraftforge.fml.loading.moddiscovery.ModFileInfo/LOADING]: Found valid mod file CustomNPCs-1.20.1-GBPort-Unofficial-20250830.jar with {customnpcs} mods - versions {1.20.1.20250830}
[27Oct2025 16:28:46.261] [main/DEBUG] [net.minecraftforge.fml.loading.moddiscovery.ModFileParser/LOADING]: Considering mod file candidate /workspaces/Marbella/servidor_minecraft/mods/devices-forge-0.8.4.jar
[27Oct2025 16:28:46.262] [main/DEBUG] [net.minecraftforge.fml.loading.moddiscovery.ModFileInfo/LOADING]: Found valid mod file devices-forge-0.8.4.jar with {devices} mods - versions {0.8.4}
[27Oct2025 16:28:46.263] [main/DEBUG] [net.minecraftforge.fml.loading.moddiscovery.ModFileParser/LOADING]: Considering mod file candidate /workspaces/Marbella/servidor_minecraft/mods/dtrch-1.3.0-forge-1.20.1.jar
[27Oct2025 16:28:46.264] [main/DEBUG] [net.minecraftforge.fml.loading.moddiscovery.ModFileInfo/LOADING]: Found valid mod file dtrch-1.3.0-forge-1.20.1.jar with {dtrch} mods - versions {1.0.0}
[27Oct2025 16:28:46.265] [main/DEBUG] [net.minecraftforge.fml.loading.moddiscovery.ModFileParser/LOADING]: Considering mod file candidate /workspaces/Marbella/servidor_minecraft/mods/eyemod-3.0.0.jar
[27Oct2025 16:28:46.266] [main/DEBUG] [net.minecraftforge.fml.loading.moddiscovery.ModFileInfo/LOADING]: Found valid mod file eyemod-3.0.0.jar with {eyemod} mods - versions {3.0.0}
[27Oct2025 16:28:46.267] [main/DEBUG] [net.minecraftforge.fml.loading.moddiscovery.ModFileParser/LOADING]: Considering mod file candidate /workspaces/Marbella/servidor_minecraft/mods/FazRoleplayClothes-1.20.1-2.1.jar
[27Oct2025 16:28:46.267] [main/DEBUG] [net.minecraftforge.fml.loading.moddiscovery.ModFileInfo/LOADING]: Found valid mod file FazRoleplayClothes-1.20.1-2.1.jar with {faz_roleplay_plus} mods - versions {2.1}
[27Oct2025 16:28:46.268] [main/DEBUG] [net.minecraftforge.fml.loading.moddiscovery.ModFileParser/LOADING]: Considering mod file candidate /workspaces/Marbella/servidor_minecraft/mods/fcl-20.33.jar
[27Oct2025 16:28:46.269] [main/DEBUG] [net.minecraftforge.fml.loading.moddiscovery.ModFileInfo/LOADING]: Found valid mod file fcl-20.33.jar with {fcl} mods - versions {20.33}
[27Oct2025 16:28:46.273] [main/DEBUG] [net.minecraftforge.fml.loading.moddiscovery.ModFileParser/LOADING]: Considering mod file candidate /workspaces/Marbella/servidor_minecraft/mods/ferritecore-6.0.1-forge (1).jar
[27Oct2025 16:28:46.274] [main/DEBUG] [net.minecraftforge.fml.loading.moddiscovery.ModFileInfo/LOADING]: Found valid mod file ferritecore-6.0.1-forge (1).jar with {ferritecore} mods - versions {6.0.1}
[27Oct2025 16:28:46.277] [main/DEBUG] [net.minecraftforge.fml.loading.moddiscovery.ModFileParser/LOADING]: Considering mod file candidate /workspaces/Marbella/servidor_minecraft/mods/framework-forge-1.20.1-0.7.15 (1).jar
[27Oct2025 16:28:46.279] [main/DEBUG] [net.minecraftforge.fml.loading.moddiscovery.ModFileInfo/LOADING]: Found valid mod file framework-forge-1.20.1-0.7.15 (1).jar with {framework} mods - versions {0.7.15}
[27Oct2025 16:28:46.280] [main/DEBUG] [net.minecraftforge.fml.loading.moddiscovery.ModFileParser/LOADING]: Considering mod file candidate /workspaces/Marbella/servidor_minecraft/mods/ftb-library-forge-2001.2.10.jar
[27Oct2025 16:28:46.281] [main/DEBUG] [net.minecraftforge.fml.loading.moddiscovery.ModFileInfo/LOADING]: Found valid mod file ftb-library-forge-2001.2.10.jar with {ftblibrary} mods - versions {2001.2.10}
[27Oct2025 16:28:46.282] [main/DEBUG] [net.minecraftforge.fml.loading.moddiscovery.ModFileParser/LOADING]: Considering mod file candidate /workspaces/Marbella/servidor_minecraft/mods/geckolib-forge-1.20.1-4.8.2.jar
[27Oct2025 16:28:46.283] [main/DEBUG] [net.minecraftforge.fml.loading.moddiscovery.ModFileInfo/LOADING]: Found valid mod file geckolib-forge-1.20.1-4.8.2.jar with {geckolib} mods - versions {4.8.2}
[27Oct2025 16:28:46.284] [main/DEBUG] [net.minecraftforge.fml.loading.moddiscovery.ModFileParser/LOADING]: Considering mod file candidate /workspaces/Marbella/servidor_minecraft/mods/Immersive Vehicles-1.20.1-22.18.0-pre.jar
[27Oct2025 16:28:46.285] [main/DEBUG] [net.minecraftforge.fml.loading.moddiscovery.ModFileInfo/LOADING]: Found valid mod file Immersive Vehicles-1.20.1-22.18.0-pre.jar with {mts} mods - versions {0.0NONE}
[27Oct2025 16:28:46.285] [main/DEBUG] [net.minecraftforge.fml.loading.moddiscovery.ModFileParser/LOADING]: Considering mod file candidate /workspaces/Marbella/servidor_minecraft/mods/inv_view_forge-2.1.0-1.20.1.jar
[27Oct2025 16:28:46.286] [main/DEBUG] [net.minecraftforge.fml.loading.moddiscovery.ModFileInfo/LOADING]: Found valid mod file inv_view_forge-2.1.0-1.20.1.jar with {inv_view_forge} mods - versions {2.1.0-1.20.1}
[27Oct2025 16:28:46.287] [main/DEBUG] [net.minecraftforge.fml.loading.moddiscovery.ModFileParser/LOADING]: Considering mod file candidate /workspaces/Marbella/servidor_minecraft/mods/ItemProductionLib-1.20.1-1.0.2a-all.jar
[27Oct2025 16:28:46.288] [main/DEBUG] [net.minecraftforge.fml.loading.moddiscovery.ModFileInfo/LOADING]: Found valid mod file ItemProductionLib-1.20.1-1.0.2a-all.jar with {itemproductionlib} mods - versions {1.0.2a}
[27Oct2025 16:28:46.289] [main/DEBUG] [net.minecraftforge.fml.loading.moddiscovery.ModFileParser/LOADING]: Considering mod file candidate /workspaces/Marbella/servidor_minecraft/mods/JustEnoughGuns-0.13.2-1.20.1.jar
[27Oct2025 16:28:46.290] [main/DEBUG] [net.minecraftforge.fml.loading.moddiscovery.ModFileInfo/LOADING]: Found valid mod file JustEnoughGuns-0.13.2-1.20.1.jar with {jeg} mods - versions {0.13.2}
[27Oct2025 16:28:46.291] [main/DEBUG] [net.minecraftforge.fml.loading.moddiscovery.ModFileParser/LOADING]: Considering mod file candidate /workspaces/Marbella/servidor_minecraft/mods/Lazr's Lib-1.20-1.1.1.jar
[27Oct2025 16:28:46.291] [main/DEBUG] [net.minecraftforge.fml.loading.moddiscovery.ModFileInfo/LOADING]: Found valid mod file Lazr's Lib-1.20-1.1.1.jar with {lazrslib} mods - versions {1.1.1}
[27Oct2025 16:28:46.292] [main/DEBUG] [net.minecraftforge.fml.loading.moddiscovery.ModFileParser/LOADING]: Considering mod file candidate /workspaces/Marbella/servidor_minecraft/mods/lexiconfig-forge-1.4.18-1.jar
[27Oct2025 16:28:46.292] [main/DEBUG] [net.minecraftforge.fml.loading.moddiscovery.ModFileInfo/LOADING]: Found valid mod file lexiconfig-forge-1.4.18-1.jar with {lexiconfig} mods - versions {1.4.18-1}
[27Oct2025 16:28:46.293] [main/DEBUG] [net.minecraftforge.fml.loading.moddiscovery.ModFileParser/LOADING]: Considering mod file candidate /workspaces/Marbella/servidor_minecraft/mods/Locks-Unoffical-forge-1.20.1-1.2.4.jar
[27Oct2025 16:28:46.294] [main/DEBUG] [net.minecraftforge.fml.loading.moddiscovery.ModFileInfo/LOADING]: Found valid mod file Locks-Unoffical-forge-1.20.1-1.2.4.jar with {locks} mods - versions {1.20.1-1.2.4}
[27Oct2025 16:28:46.294] [main/DEBUG] [net.minecraftforge.fml.loading.moddiscovery.ModFileParser/LOADING]: Considering mod file candidate /workspaces/Marbella/servidor_minecraft/mods/Lucky77_1.20.1_v04.jar
[27Oct2025 16:28:46.295] [main/DEBUG] [net.minecraftforge.fml.loading.moddiscovery.ModFileInfo/LOADING]: Found valid mod file Lucky77_1.20.1_v04.jar with {lucky77} mods - versions {4.0}
[27Oct2025 16:28:46.296] [main/DEBUG] [net.minecraftforge.fml.loading.moddiscovery.ModFileParser/LOADING]: Considering mod file candidate /workspaces/Marbella/servidor_minecraft/mods/modernfix-forge-5.24.4+mc1.20.1 (1).jar
[27Oct2025 16:28:46.297] [main/DEBUG] [net.minecraftforge.fml.loading.moddiscovery.ModFileInfo/LOADING]: Found valid mod file modernfix-forge-5.24.4+mc1.20.1 (1).jar with {modernfix} mods - versions {5.24.4+mc1.20.1}
[27Oct2025 16:28:46.298] [main/DEBUG] [net.minecraftforge.fml.loading.moddiscovery.ModFileParser/LOADING]: Considering mod file candidate /workspaces/Marbella/servidor_minecraft/mods/modernfurniture-e5-x128-forge-1.20.1.jar
[27Oct2025 16:28:46.299] [main/DEBUG] [net.minecraftforge.fml.loading.moddiscovery.ModFileInfo/LOADING]: Found valid mod file modernfurniture-e5-x128-forge-1.20.1.jar with {modernfurniture} mods - versions {0.5.0}
[27Oct2025 16:28:46.300] [main/DEBUG] [net.minecraftforge.fml.loading.moddiscovery.ModFileParser/LOADING]: Considering mod file candidate /workspaces/Marbella/servidor_minecraft/mods/PlayerRevive_FORGE_v2.0.31_mc1.20.1.jar
[27Oct2025 16:28:46.300] [main/DEBUG] [net.minecraftforge.fml.loading.moddiscovery.ModFileInfo/LOADING]: Found valid mod file PlayerRevive_FORGE_v2.0.31_mc1.20.1.jar with {playerrevive} mods - versions {2.0.31}
[27Oct2025 16:28:46.301] [main/DEBUG] [net.minecraftforge.fml.loading.moddiscovery.ModFileParser/LOADING]: Considering mod file candidate /workspaces/Marbella/servidor_minecraft/mods/Saros-Money-Mod.1.20.1-3.5.5.jar
[27Oct2025 16:28:46.302] [main/DEBUG] [net.minecraftforge.fml.loading.moddiscovery.ModFileInfo/LOADING]: Found valid mod file Saros-Money-Mod.1.20.1-3.5.5.jar with {saros__money_mod} mods - versions {3.5.5}
[27Oct2025 16:28:46.303] [main/DEBUG] [net.minecraftforge.fml.loading.moddiscovery.ModFileParser/LOADING]: Considering mod file candidate /workspaces/Marbella/servidor_minecraft/mods/Saros-Road-Blocks-Mod-1.20.1-4.0.jar
[27Oct2025 16:28:46.303] [main/DEBUG] [net.minecraftforge.fml.loading.moddiscovery.ModFileInfo/LOADING]: Found valid mod file Saros-Road-Blocks-Mod-1.20.1-4.0.jar with {saros_road_blocks_mod} mods - versions {4.0}
[27Oct2025 16:28:46.304] [main/DEBUG] [net.minecraftforge.fml.loading.moddiscovery.ModFileParser/LOADING]: Considering mod file candidate /workspaces/Marbella/servidor_minecraft/mods/Saros-Road-Signs-Mod-1.20.1-4.3.jar
[27Oct2025 16:28:46.305] [main/DEBUG] [net.minecraftforge.fml.loading.moddiscovery.ModFileInfo/LOADING]: Found valid mod file Saros-Road-Signs-Mod-1.20.1-4.3.jar with {saros_road_signs_mod} mods - versions {4.3}
[27Oct2025 16:28:46.305] [main/DEBUG] [net.minecraftforge.fml.loading.moddiscovery.ModFileParser/LOADING]: Considering mod file candidate /workspaces/Marbella/servidor_minecraft/mods/smoothchunk-1.20.1-4.1.jar
[27Oct2025 16:28:46.306] [main/DEBUG] [net.minecraftforge.fml.loading.moddiscovery.ModFileInfo/LOADING]: Found valid mod file smoothchunk-1.20.1-4.1.jar with {smoothchunk} mods - versions {1.20.1-4.1}
[27Oct2025 16:28:46.307] [main/DEBUG] [net.minecraftforge.fml.loading.moddiscovery.ModFileParser/LOADING]: Considering mod file candidate /workspaces/Marbella/servidor_minecraft/mods/starlight-1.1.2+forge.1cda73c.jar
[27Oct2025 16:28:46.307] [main/DEBUG] [net.minecraftforge.fml.loading.moddiscovery.ModFileInfo/LOADING]: Found valid mod file starlight-1.1.2+forge.1cda73c.jar with {starlight} mods - versions {1.1.2+forge.1cda73c}
[27Oct2025 16:28:46.389] [main/DEBUG] [net.minecraftforge.fml.loading.moddiscovery.ModFileInfo/LOADING]: Found valid mod file server-1.20.1-20230612.114412-srg.jar with {minecraft} mods - versions {1.20.1}
[27Oct2025 16:28:46.391] [main/DEBUG] [net.minecraftforge.fml.loading.moddiscovery.ModFileParser/LOADING]: Considering mod file candidate /workspaces/Marbella/servidor_minecraft/libraries/net/minecraftforge/fmlcore/1.20.1-47.3.7/fmlcore-1.20.1-47.3.7.jar
[27Oct2025 16:28:46.391] [main/WARN] [net.minecraftforge.fml.loading.moddiscovery.ModFileParser/LOADING]: Mod file /workspaces/Marbella/servidor_minecraft/libraries/net/minecraftforge/fmlcore/1.20.1-47.3.7/fmlcore-1.20.1-47.3.7.jar is missing mods.toml file
[27Oct2025 16:28:46.393] [main/DEBUG] [net.minecraftforge.fml.loading.moddiscovery.ModFileParser/LOADING]: Considering mod file candidate /workspaces/Marbella/servidor_minecraft/libraries/net/minecraftforge/javafmllanguage/1.20.1-47.3.7/javafmllanguage-1.20.1-47.3.7.jar
[27Oct2025 16:28:46.393] [main/WARN] [net.minecraftforge.fml.loading.moddiscovery.ModFileParser/LOADING]: Mod file /workspaces/Marbella/servidor_minecraft/libraries/net/minecraftforge/javafmllanguage/1.20.1-47.3.7/javafmllanguage-1.20.1-47.3.7.jar is missing mods.toml file
[27Oct2025 16:28:46.394] [main/DEBUG] [net.minecraftforge.fml.loading.moddiscovery.ModFileParser/LOADING]: Considering mod file candidate /workspaces/Marbella/servidor_minecraft/libraries/net/minecraftforge/lowcodelanguage/1.20.1-47.3.7/lowcodelanguage-1.20.1-47.3.7.jar
[27Oct2025 16:28:46.394] [main/WARN] [net.minecraftforge.fml.loading.moddiscovery.ModFileParser/LOADING]: Mod file /workspaces/Marbella/servidor_minecraft/libraries/net/minecraftforge/lowcodelanguage/1.20.1-47.3.7/lowcodelanguage-1.20.1-47.3.7.jar is missing mods.toml file
[27Oct2025 16:28:46.395] [main/DEBUG] [net.minecraftforge.fml.loading.moddiscovery.ModFileParser/LOADING]: Considering mod file candidate /workspaces/Marbella/servidor_minecraft/libraries/net/minecraftforge/mclanguage/1.20.1-47.3.7/mclanguage-1.20.1-47.3.7.jar
[27Oct2025 16:28:46.395] [main/WARN] [net.minecraftforge.fml.loading.moddiscovery.ModFileParser/LOADING]: Mod file /workspaces/Marbella/servidor_minecraft/libraries/net/minecraftforge/mclanguage/1.20.1-47.3.7/mclanguage-1.20.1-47.3.7.jar is missing mods.toml file
[27Oct2025 16:28:46.429] [main/DEBUG] [net.minecraftforge.fml.loading.moddiscovery.ModFileParser/LOADING]: Considering mod file candidate /workspaces/Marbella/servidor_minecraft/libraries/net/minecraftforge/forge/1.20.1-47.3.7/forge-1.20.1-47.3.7-universal.jar
[27Oct2025 16:28:46.431] [main/DEBUG] [net.minecraftforge.fml.loading.moddiscovery.ModFileInfo/LOADING]: Found valid mod file forge-1.20.1-47.3.7-universal.jar with {forge} mods - versions {47.3.7}
[27Oct2025 16:28:46.442] [main/DEBUG] [net.minecraftforge.fml.loading.moddiscovery.AbstractJarFileDependencyLocator/]: Failed to load resource META-INF/jarjar/metadata.json from server-1.20.1-20230612.114412-srg.jar, it does not contain dependency information.
[27Oct2025 16:28:46.442] [main/DEBUG] [net.minecraftforge.fml.loading.moddiscovery.AbstractJarFileDependencyLocator/]: Failed to load resource META-INF/jarjar/metadata.json from smoothchunk-1.20.1-4.1.jar, it does not contain dependency information.
[27Oct2025 16:28:46.443] [main/DEBUG] [net.minecraftforge.fml.loading.moddiscovery.AbstractJarFileDependencyLocator/]: Failed to load resource META-INF/jarjar/metadata.json from Cuffed-1.20.1-1.3.9.jar, it does not contain dependency information.
[27Oct2025 16:28:46.443] [main/DEBUG] [net.minecraftforge.fml.loading.moddiscovery.AbstractJarFileDependencyLocator/]: Failed to load resource META-INF/jarjar/metadata.json from eyemod-3.0.0.jar, it does not contain dependency information.
[27Oct2025 16:28:46.443] [main/DEBUG] [net.minecraftforge.fml.loading.moddiscovery.AbstractJarFileDependencyLocator/]: Failed to load resource META-INF/jarjar/metadata.json from asphalt cars 0.1.0 for 1.18.2x.jar, it does not contain dependency information.
[27Oct2025 16:28:46.443] [main/DEBUG] [net.minecraftforge.fml.loading.moddiscovery.AbstractJarFileDependencyLocator/]: Failed to load resource META-INF/jarjar/metadata.json from ftb-library-forge-2001.2.10.jar, it does not contain dependency information.
[27Oct2025 16:28:46.443] [main/DEBUG] [net.minecraftforge.fml.loading.moddiscovery.AbstractJarFileDependencyLocator/]: Failed to load resource META-INF/jarjar/metadata.json from CullLessLeaves-Reforged-1.20.1-1.0.5.jar, it does not contain dependency information.
[27Oct2025 16:28:46.443] [main/DEBUG] [net.minecraftforge.fml.loading.moddiscovery.AbstractJarFileDependencyLocator/]: Failed to load resource META-INF/jarjar/metadata.json from CreativeCore_FORGE_v2.12.32_mc1.20.1.jar, it does not contain dependency information.
[27Oct2025 16:28:46.444] [main/DEBUG] [net.minecraftforge.fml.loading.moddiscovery.AbstractJarFileDependencyLocator/]: Failed to load resource META-INF/jarjar/metadata.json from Locks-Unoffical-forge-1.20.1-1.2.4.jar, it does not contain dependency information.
[27Oct2025 16:28:46.444] [main/DEBUG] [net.minecraftforge.fml.loading.moddiscovery.AbstractJarFileDependencyLocator/]: Failed to load resource META-INF/jarjar/metadata.json from JustEnoughGuns-0.13.2-1.20.1.jar, it does not contain dependency information.
[27Oct2025 16:28:46.444] [main/DEBUG] [net.minecraftforge.fml.loading.moddiscovery.AbstractJarFileDependencyLocator/]: Failed to load resource META-INF/jarjar/metadata.json from fcl-20.33.jar, it does not contain dependency information.
[27Oct2025 16:28:46.444] [main/DEBUG] [net.minecraftforge.fml.loading.moddiscovery.AbstractJarFileDependencyLocator/]: Failed to load resource META-INF/jarjar/metadata.json from AttributeFix-Forge-1.20.1-21.0.4.jar, it does not contain dependency information.
[27Oct2025 16:28:46.445] [main/DEBUG] [net.minecraftforge.fml.loading.moddiscovery.AbstractJarFileDependencyLocator/]: Failed to load resource META-INF/jarjar/metadata.json from FazRoleplayClothes-1.20.1-2.1.jar, it does not contain dependency information.
[27Oct2025 16:28:46.445] [main/DEBUG] [net.minecraftforge.fml.loading.moddiscovery.AbstractJarFileDependencyLocator/]: Failed to load resource META-INF/jarjar/metadata.json from connectivity-1.20.1-7.2.jar, it does not contain dependency information.
[27Oct2025 16:28:46.445] [main/DEBUG] [net.minecraftforge.fml.loading.moddiscovery.AbstractJarFileDependencyLocator/]: Failed to load resource META-INF/jarjar/metadata.json from CasinoCraft_1.20.1_v25.jar, it does not contain dependency information.
[27Oct2025 16:28:46.445] [main/DEBUG] [net.minecraftforge.fml.loading.moddiscovery.AbstractJarFileDependencyLocator/]: Failed to load resource META-INF/jarjar/metadata.json from betterfpsdist-1.20.1-6.0.jar, it does not contain dependency information.
[27Oct2025 16:28:46.445] [main/DEBUG] [net.minecraftforge.fml.loading.moddiscovery.AbstractJarFileDependencyLocator/]: Failed to load resource META-INF/jarjar/metadata.json from Saros-Money-Mod.1.20.1-3.5.5.jar, it does not contain dependency information.
[27Oct2025 16:28:46.445] [main/DEBUG] [net.minecraftforge.fml.loading.moddiscovery.AbstractJarFileDependencyLocator/]: Failed to load resource META-INF/jarjar/metadata.json from curios-forge-5.14.1+1.20.1 (1).jar, it does not contain dependency information.
[27Oct2025 16:28:46.445] [main/DEBUG] [net.minecraftforge.fml.loading.moddiscovery.AbstractJarFileDependencyLocator/]: Failed to load resource META-INF/jarjar/metadata.json from lexiconfig-forge-1.4.18-1.jar, it does not contain dependency information.
[27Oct2025 16:28:46.446] [main/DEBUG] [net.minecraftforge.fml.loading.moddiscovery.AbstractJarFileDependencyLocator/]: Failed to load resource META-INF/jarjar/metadata.json from modernfurniture-e5-x128-forge-1.20.1.jar, it does not contain dependency information.
[27Oct2025 16:28:46.446] [main/DEBUG] [net.minecraftforge.fml.loading.moddiscovery.AbstractJarFileDependencyLocator/]: Failed to load resource META-INF/jarjar/metadata.json from camera-forge-1.20.1-1.0.20.jar, it does not contain dependency information.
[27Oct2025 16:28:46.446] [main/DEBUG] [net.minecraftforge.fml.loading.moddiscovery.AbstractJarFileDependencyLocator/]: Failed to load resource META-INF/jarjar/metadata.json from BRCC 1.0.5 1.16.5-1.20.1.jar, it does not contain dependency information.
[27Oct2025 16:28:46.446] [main/DEBUG] [net.minecraftforge.fml.loading.moddiscovery.AbstractJarFileDependencyLocator/]: Failed to load resource META-INF/jarjar/metadata.json from inv_view_forge-2.1.0-1.20.1.jar, it does not contain dependency information.
[27Oct2025 16:28:46.446] [main/DEBUG] [net.minecraftforge.fml.loading.moddiscovery.AbstractJarFileDependencyLocator/]: Failed to load resource META-INF/jarjar/metadata.json from Lucky77_1.20.1_v04.jar, it does not contain dependency information.
[27Oct2025 16:28:46.447] [main/DEBUG] [net.minecraftforge.fml.loading.moddiscovery.AbstractJarFileDependencyLocator/]: Failed to load resource META-INF/jarjar/metadata.json from devices-forge-0.8.4.jar, it does not contain dependency information.
[27Oct2025 16:28:46.447] [main/DEBUG] [net.minecraftforge.fml.loading.moddiscovery.AbstractJarFileDependencyLocator/]: Failed to load resource META-INF/jarjar/metadata.json from Bookshelf-Forge-1.20.1-20.2.13.jar, it does not contain dependency information.
[27Oct2025 16:28:46.447] [main/DEBUG] [net.minecraftforge.fml.loading.moddiscovery.AbstractJarFileDependencyLocator/]: Failed to load resource META-INF/jarjar/metadata.json from CustomNPCs-1.20.1-GBPort-Unofficial-20250830.jar, it does not contain dependency information.
[27Oct2025 16:28:46.447] [main/DEBUG] [net.minecraftforge.fml.loading.moddiscovery.AbstractJarFileDependencyLocator/]: Failed to load resource META-INF/jarjar/metadata.json from starlight-1.1.2+forge.1cda73c.jar, it does not contain dependency information.
[27Oct2025 16:28:46.447] [main/DEBUG] [net.minecraftforge.fml.loading.moddiscovery.AbstractJarFileDependencyLocator/]: Failed to load resource META-INF/jarjar/metadata.json from architectury-9.2.14-forge.jar, it does not contain dependency information.
[27Oct2025 16:28:46.447] [main/DEBUG] [net.minecraftforge.fml.loading.moddiscovery.AbstractJarFileDependencyLocator/]: Failed to load resource META-INF/jarjar/metadata.json from ferritecore-6.0.1-forge (1).jar, it does not contain dependency information.
[27Oct2025 16:28:46.448] [main/DEBUG] [net.minecraftforge.fml.loading.moddiscovery.AbstractJarFileDependencyLocator/]: Failed to load resource META-INF/jarjar/metadata.json from Immersive Vehicles-1.20.1-22.18.0-pre.jar, it does not contain dependency information.
[27Oct2025 16:28:46.448] [main/DEBUG] [net.minecraftforge.fml.loading.moddiscovery.AbstractJarFileDependencyLocator/]: Failed to load resource META-INF/jarjar/metadata.json from cupboard-1.20.1-2.7.jar, it does not contain dependency information.
[27Oct2025 16:28:46.448] [main/DEBUG] [net.minecraftforge.fml.loading.moddiscovery.AbstractJarFileDependencyLocator/]: Failed to load resource META-INF/jarjar/metadata.json from boxing_madness_1.20.1.jar, it does not contain dependency information.
[27Oct2025 16:28:46.448] [main/DEBUG] [net.minecraftforge.fml.loading.moddiscovery.AbstractJarFileDependencyLocator/]: Failed to load resource META-INF/jarjar/metadata.json from Saros-Road-Signs-Mod-1.20.1-4.3.jar, it does not contain dependency information.
[27Oct2025 16:28:46.448] [main/DEBUG] [net.minecraftforge.fml.loading.moddiscovery.AbstractJarFileDependencyLocator/]: Failed to load resource META-INF/jarjar/metadata.json from dtrch-1.3.0-forge-1.20.1.jar, it does not contain dependency information.
[27Oct2025 16:28:46.448] [main/DEBUG] [net.minecraftforge.fml.loading.moddiscovery.AbstractJarFileDependencyLocator/]: Failed to load resource META-INF/jarjar/metadata.json from Saros-Road-Blocks-Mod-1.20.1-4.0.jar, it does not contain dependency information.
[27Oct2025 16:28:46.448] [main/DEBUG] [net.minecraftforge.fml.loading.moddiscovery.AbstractJarFileDependencyLocator/]: Failed to load resource META-INF/jarjar/metadata.json from framework-forge-1.20.1-0.7.15 (1).jar, it does not contain dependency information.
[27Oct2025 16:28:46.449] [main/DEBUG] [net.minecraftforge.fml.loading.moddiscovery.AbstractJarFileDependencyLocator/]: Failed to load resource META-INF/jarjar/metadata.json from forge-1.20.1-47.3.7-universal.jar, it does not contain dependency information.
[27Oct2025 16:28:46.449] [main/DEBUG] [net.minecraftforge.fml.loading.moddiscovery.AbstractJarFileDependencyLocator/]: Failed to load resource META-INF/jarjar/metadata.json from Lazr's Lib-1.20-1.1.1.jar, it does not contain dependency information.
[27Oct2025 16:28:46.449] [main/DEBUG] [net.minecraftforge.fml.loading.moddiscovery.AbstractJarFileDependencyLocator/]: Failed to load resource META-INF/jarjar/metadata.json from PlayerRevive_FORGE_v2.0.31_mc1.20.1.jar, it does not contain dependency information.
[27Oct2025 16:28:46.449] [main/DEBUG] [net.minecraftforge.fml.loading.moddiscovery.AbstractJarFileDependencyLocator/]: Failed to load resource META-INF/jarjar/metadata.json from mclanguage-1.20.1-47.3.7.jar, it does not contain dependency information.
[27Oct2025 16:28:46.450] [main/DEBUG] [net.minecraftforge.fml.loading.moddiscovery.AbstractJarFileDependencyLocator/]: Failed to load resource META-INF/jarjar/metadata.json from javafmllanguage-1.20.1-47.3.7.jar, it does not contain dependency information.
[27Oct2025 16:28:46.450] [main/DEBUG] [net.minecraftforge.fml.loading.moddiscovery.AbstractJarFileDependencyLocator/]: Failed to load resource META-INF/jarjar/metadata.json from fmlcore-1.20.1-47.3.7.jar, it does not contain dependency information.
[27Oct2025 16:28:46.450] [main/DEBUG] [net.minecraftforge.fml.loading.moddiscovery.AbstractJarFileDependencyLocator/]: Failed to load resource META-INF/jarjar/metadata.json from lowcodelanguage-1.20.1-47.3.7.jar, it does not contain dependency information.
[27Oct2025 16:28:46.488] [main/DEBUG] [net.minecraftforge.fml.loading.moddiscovery.ModFileParser/LOADING]: Considering mod file candidate 
[27Oct2025 16:28:46.489] [main/DEBUG] [net.minecraftforge.fml.loading.moddiscovery.ModFileInfo/LOADING]: Found valid mod file mixinextras-forge-0.2.1.jar with {mixinextras} mods - versions {0.2.1}
[27Oct2025 16:28:46.490] [main/DEBUG] [net.minecraftforge.fml.loading.moddiscovery.ModFileParser/LOADING]: Considering mod file candidate 
[27Oct2025 16:28:46.490] [main/DEBUG] [net.minecraftforge.fml.loading.moddiscovery.ModFileInfo/LOADING]: Found valid mod file mixinextras-forge-0.4.1.jar with {mixinextras} mods - versions {0.4.1}
[27Oct2025 16:28:46.507] [main/DEBUG] [net.minecraftforge.fml.loading.moddiscovery.AbstractJarFileDependencyLocator/]: Failed to load resource META-INF/jarjar/metadata.json from mclib-20.jar, it does not contain dependency information.
[27Oct2025 16:28:46.507] [main/DEBUG] [net.minecraftforge.fml.loading.moddiscovery.AbstractJarFileDependencyLocator/]: Failed to load resource META-INF/jarjar/metadata.json from MixinExtras-0.2.1.jar, it does not contain dependency information.
[27Oct2025 16:28:46.508] [main/DEBUG] [net.minecraftforge.fml.loading.moddiscovery.AbstractJarFileDependencyLocator/]: Failed to load resource META-INF/jarjar/metadata.json from MixinExtras-0.4.1.jar, it does not contain dependency information.
[27Oct2025 16:28:46.535] [main/DEBUG] [net.minecraftforge.fml.loading.moddiscovery.ModFileParser/LOADING]: Considering mod file candidate 
[27Oct2025 16:28:46.536] [main/DEBUG] [net.minecraftforge.fml.loading.moddiscovery.ModFileInfo/LOADING]: Found valid mod file mixinextras-forge-0.4.1.jar with {mixinextras} mods - versions {0.4.1}
[27Oct2025 16:28:46.542] [main/INFO] [net.minecraftforge.fml.loading.moddiscovery.JarInJarDependencyLocator/]: Found 3 dependencies adding them to mods collection
[27Oct2025 16:28:46.544] [main/DEBUG] [net.minecraftforge.fml.loading.moddiscovery.ModFileParser/LOADING]: Considering mod file candidate /workspaces/Marbella/servidor_minecraft/mods/smoothchunk-1.20.1-4.1.jar
[27Oct2025 16:28:46.545] [main/DEBUG] [net.minecraftforge.fml.loading.moddiscovery.ModFileInfo/LOADING]: Found valid mod file smoothchunk-1.20.1-4.1.jar with {smoothchunk} mods - versions {1.20.1-4.1}
[27Oct2025 16:28:46.547] [main/DEBUG] [net.minecraftforge.fml.loading.moddiscovery.ModFile/LOADING]: Loading mod file /workspaces/Marbella/servidor_minecraft/mods/smoothchunk-1.20.1-4.1.jar with languages [LanguageSpec[languageName=javafml, acceptedVersions=[36,)]]
[27Oct2025 16:28:46.548] [main/DEBUG] [net.minecraftforge.fml.loading.moddiscovery.ModFileInfo/LOADING]: Found valid mod file server-1.20.1-20230612.114412-srg.jar with {minecraft} mods - versions {1.20.1}
[27Oct2025 16:28:46.548] [main/DEBUG] [net.minecraftforge.fml.loading.moddiscovery.ModFile/LOADING]: Loading mod file /workspaces/Marbella/servidor_minecraft/libraries/net/minecraft/server/1.20.1-20230612.114412/server-1.20.1-20230612.114412-srg.jar with languages [LanguageSpec[languageName=minecraft, acceptedVersions=1]]
[27Oct2025 16:28:46.552] [main/DEBUG] [net.minecraftforge.fml.loading.moddiscovery.ModFileParser/LOADING]: Considering mod file candidate /workspaces/Marbella/servidor_minecraft/mods/Cuffed-1.20.1-1.3.9.jar
[27Oct2025 16:28:46.552] [main/DEBUG] [net.minecraftforge.fml.loading.moddiscovery.ModFileInfo/LOADING]: Found valid mod file Cuffed-1.20.1-1.3.9.jar with {cuffed} mods - versions {1.3.9}
[27Oct2025 16:28:46.553] [main/DEBUG] [net.minecraftforge.fml.loading.moddiscovery.ModFile/LOADING]: Loading mod file /workspaces/Marbella/servidor_minecraft/mods/Cuffed-1.20.1-1.3.9.jar with languages [LanguageSpec[languageName=javafml, acceptedVersions=[46,)]]
[27Oct2025 16:28:46.553] [main/DEBUG] [net.minecraftforge.fml.loading.moddiscovery.ModFileParser/LOADING]: Considering mod file candidate /workspaces/Marbella/servidor_minecraft/mods/eyemod-3.0.0.jar
[27Oct2025 16:28:46.554] [main/DEBUG] [net.minecraftforge.fml.loading.moddiscovery.ModFileInfo/LOADING]: Found valid mod file eyemod-3.0.0.jar with {eyemod} mods - versions {3.0.0}
[27Oct2025 16:28:46.554] [main/DEBUG] [net.minecraftforge.fml.loading.moddiscovery.ModFile/LOADING]: Loading mod file /workspaces/Marbella/servidor_minecraft/mods/eyemod-3.0.0.jar with languages [LanguageSpec[languageName=javafml, acceptedVersions=[47,)]]
[27Oct2025 16:28:46.554] [main/DEBUG] [net.minecraftforge.fml.loading.moddiscovery.ModFileParser/LOADING]: Considering mod file candidate /workspaces/Marbella/servidor_minecraft/mods/asphalt cars 0.1.0 for 1.18.2x.jar
[27Oct2025 16:28:46.555] [main/DEBUG] [net.minecraftforge.fml.loading.moddiscovery.ModFileInfo/LOADING]: Found valid mod file asphalt cars 0.1.0 for 1.18.2x.jar with {bh} mods - versions {2.0.1}
[27Oct2025 16:28:46.555] [main/DEBUG] [net.minecraftforge.fml.loading.moddiscovery.ModFile/LOADING]: Loading mod file /workspaces/Marbella/servidor_minecraft/mods/asphalt cars 0.1.0 for 1.18.2x.jar with languages [LanguageSpec[languageName=javafml, acceptedVersions=[36,)]]
[27Oct2025 16:28:46.555] [main/DEBUG] [net.minecraftforge.fml.loading.moddiscovery.ModFileParser/LOADING]: Considering mod file candidate /workspaces/Marbella/servidor_minecraft/mods/ftb-library-forge-2001.2.10.jar
[27Oct2025 16:28:46.555] [main/DEBUG] [net.minecraftforge.fml.loading.moddiscovery.ModFileInfo/LOADING]: Found valid mod file ftb-library-forge-2001.2.10.jar with {ftblibrary} mods - versions {2001.2.10}
[27Oct2025 16:28:46.556] [main/DEBUG] [net.minecraftforge.fml.loading.moddiscovery.ModFile/LOADING]: Loading mod file /workspaces/Marbella/servidor_minecraft/mods/ftb-library-forge-2001.2.10.jar with languages [LanguageSpec[languageName=javafml, acceptedVersions=[47,)]]
[27Oct2025 16:28:46.556] [main/DEBUG] [net.minecraftforge.fml.loading.moddiscovery.ModFileParser/LOADING]: Considering mod file candidate /workspaces/Marbella/servidor_minecraft/mods/geckolib-forge-1.20.1-4.8.2.jar
[27Oct2025 16:28:46.556] [main/DEBUG] [net.minecraftforge.fml.loading.moddiscovery.ModFileInfo/LOADING]: Found valid mod file geckolib-forge-1.20.1-4.8.2.jar with {geckolib} mods - versions {4.8.2}
[27Oct2025 16:28:46.556] [main/DEBUG] [net.minecraftforge.fml.loading.moddiscovery.ModFile/LOADING]: Loading mod file /workspaces/Marbella/servidor_minecraft/mods/geckolib-forge-1.20.1-4.8.2.jar with languages [LanguageSpec[languageName=javafml, acceptedVersions=[47,)]]
[27Oct2025 16:28:46.557] [main/DEBUG] [net.minecraftforge.fml.loading.moddiscovery.ModFileParser/LOADING]: Considering mod file candidate /workspaces/Marbella/servidor_minecraft/mods/CreativeCore_FORGE_v2.12.32_mc1.20.1.jar
[27Oct2025 16:28:46.557] [main/DEBUG] [net.minecraftforge.fml.loading.moddiscovery.ModFileInfo/LOADING]: Found valid mod file CreativeCore_FORGE_v2.12.32_mc1.20.1.jar with {creativecore} mods - versions {2.12.32}
[27Oct2025 16:28:46.557] [main/DEBUG] [net.minecraftforge.fml.loading.moddiscovery.ModFile/LOADING]: Loading mod file /workspaces/Marbella/servidor_minecraft/mods/CreativeCore_FORGE_v2.12.32_mc1.20.1.jar with languages [LanguageSpec[languageName=javafml, acceptedVersions=[46,)]]
[27Oct2025 16:28:46.557] [main/DEBUG] [net.minecraftforge.fml.loading.moddiscovery.ModFileParser/LOADING]: Considering mod file candidate /workspaces/Marbella/servidor_minecraft/mods/CullLessLeaves-Reforged-1.20.1-1.0.5.jar
[27Oct2025 16:28:46.558] [main/DEBUG] [net.minecraftforge.fml.loading.moddiscovery.ModFileInfo/LOADING]: Found valid mod file CullLessLeaves-Reforged-1.20.1-1.0.5.jar with {culllessleaves} mods - versions {1.20.1-1.0.5}
[27Oct2025 16:28:46.558] [main/DEBUG] [net.minecraftforge.fml.loading.moddiscovery.ModFile/LOADING]: Loading mod file /workspaces/Marbella/servidor_minecraft/mods/CullLessLeaves-Reforged-1.20.1-1.0.5.jar with languages [LanguageSpec[languageName=javafml, acceptedVersions=[47,)]]
[27Oct2025 16:28:46.558] [main/DEBUG] [net.minecraftforge.fml.loading.moddiscovery.ModFileParser/LOADING]: Considering mod file candidate /workspaces/Marbella/servidor_minecraft/mods/JustEnoughGuns-0.13.2-1.20.1.jar
[27Oct2025 16:28:46.559] [main/DEBUG] [net.minecraftforge.fml.loading.moddiscovery.ModFileInfo/LOADING]: Found valid mod file JustEnoughGuns-0.13.2-1.20.1.jar with {jeg} mods - versions {0.13.2}
[27Oct2025 16:28:46.559] [main/DEBUG] [net.minecraftforge.fml.loading.moddiscovery.ModFile/LOADING]: Loading mod file /workspaces/Marbella/servidor_minecraft/mods/JustEnoughGuns-0.13.2-1.20.1.jar with languages [LanguageSpec[languageName=javafml, acceptedVersions=[40,)]]
[27Oct2025 16:28:46.559] [main/DEBUG] [net.minecraftforge.fml.loading.moddiscovery.ModFileParser/LOADING]: Considering mod file candidate /workspaces/Marbella/servidor_minecraft/mods/Locks-Unoffical-forge-1.20.1-1.2.4.jar
[27Oct2025 16:28:46.560] [main/DEBUG] [net.minecraftforge.fml.loading.moddiscovery.ModFileInfo/LOADING]: Found valid mod file Locks-Unoffical-forge-1.20.1-1.2.4.jar with {locks} mods - versions {1.20.1-1.2.4}
[27Oct2025 16:28:46.560] [main/DEBUG] [net.minecraftforge.fml.loading.moddiscovery.ModFile/LOADING]: Loading mod file /workspaces/Marbella/servidor_minecraft/mods/Locks-Unoffical-forge-1.20.1-1.2.4.jar with languages [LanguageSpec[languageName=javafml, acceptedVersions=[47,)]]
[27Oct2025 16:28:46.560] [main/DEBUG] [net.minecraftforge.fml.loading.moddiscovery.ModFileParser/LOADING]: Considering mod file candidate /workspaces/Marbella/servidor_minecraft/mods/fcl-20.33.jar
[27Oct2025 16:28:46.561] [main/DEBUG] [net.minecraftforge.fml.loading.moddiscovery.ModFileInfo/LOADING]: Found valid mod file fcl-20.33.jar with {fcl} mods - versions {20.33}
[27Oct2025 16:28:46.561] [main/DEBUG] [net.minecraftforge.fml.loading.moddiscovery.ModFile/LOADING]: Loading mod file /workspaces/Marbella/servidor_minecraft/mods/fcl-20.33.jar with languages [LanguageSpec[languageName=javafml, acceptedVersions=[47,)]]
[27Oct2025 16:28:46.561] [main/DEBUG] [net.minecraftforge.fml.loading.moddiscovery.ModFileParser/LOADING]: Considering mod file candidate /workspaces/Marbella/servidor_minecraft/mods/ItemProductionLib-1.20.1-1.0.2a-all.jar
[27Oct2025 16:28:46.562] [main/DEBUG] [net.minecraftforge.fml.loading.moddiscovery.ModFileInfo/LOADING]: Found valid mod file ItemProductionLib-1.20.1-1.0.2a-all.jar with {itemproductionlib} mods - versions {1.0.2a}
[27Oct2025 16:28:46.562] [main/DEBUG] [net.minecraftforge.fml.loading.moddiscovery.ModFile/LOADING]: Loading mod file /workspaces/Marbella/servidor_minecraft/mods/ItemProductionLib-1.20.1-1.0.2a-all.jar with languages [LanguageSpec[languageName=javafml, acceptedVersions=[47,)]]
[27Oct2025 16:28:46.564] [main/DEBUG] [net.minecraftforge.fml.loading.moddiscovery.ModFileParser/LOADING]: Considering mod file candidate /workspaces/Marbella/servidor_minecraft/mods/AttributeFix-Forge-1.20.1-21.0.4.jar
[27Oct2025 16:28:46.565] [main/DEBUG] [net.minecraftforge.fml.loading.moddiscovery.ModFileInfo/LOADING]: Found valid mod file AttributeFix-Forge-1.20.1-21.0.4.jar with {attributefix} mods - versions {21.0.4}
[27Oct2025 16:28:46.565] [main/DEBUG] [net.minecraftforge.fml.loading.moddiscovery.ModFile/LOADING]: Loading mod file /workspaces/Marbella/servidor_minecraft/mods/AttributeFix-Forge-1.20.1-21.0.4.jar with languages [LanguageSpec[languageName=javafml, acceptedVersions=[47,)]]
[27Oct2025 16:28:46.566] [main/DEBUG] [net.minecraftforge.fml.loading.moddiscovery.ModFileParser/LOADING]: Considering mod file candidate /workspaces/Marbella/servidor_minecraft/mods/FazRoleplayClothes-1.20.1-2.1.jar
[27Oct2025 16:28:46.566] [main/DEBUG] [net.minecraftforge.fml.loading.moddiscovery.ModFileInfo/LOADING]: Found valid mod file FazRoleplayClothes-1.20.1-2.1.jar with {faz_roleplay_plus} mods - versions {2.1}
[27Oct2025 16:28:46.567] [main/DEBUG] [net.minecraftforge.fml.loading.moddiscovery.ModFile/LOADING]: Loading mod file /workspaces/Marbella/servidor_minecraft/mods/FazRoleplayClothes-1.20.1-2.1.jar with languages [LanguageSpec[languageName=javafml, acceptedVersions=[47,)]]
[27Oct2025 16:28:46.567] [main/DEBUG] [net.minecraftforge.fml.loading.moddiscovery.ModFileParser/LOADING]: Considering mod file candidate /workspaces/Marbella/servidor_minecraft/mods/connectivity-1.20.1-7.2.jar
[27Oct2025 16:28:46.568] [main/DEBUG] [net.minecraftforge.fml.loading.moddiscovery.ModFileInfo/LOADING]: Found valid mod file connectivity-1.20.1-7.2.jar with {connectivity} mods - versions {1.20.1-7.2}
[27Oct2025 16:28:46.568] [main/DEBUG] [net.minecraftforge.fml.loading.moddiscovery.ModFile/LOADING]: Loading mod file /workspaces/Marbella/servidor_minecraft/mods/connectivity-1.20.1-7.2.jar with languages [LanguageSpec[languageName=javafml, acceptedVersions=[28,)]]
[27Oct2025 16:28:46.568] [main/DEBUG] [net.minecraftforge.fml.loading.moddiscovery.ModFileParser/LOADING]: Considering mod file candidate /workspaces/Marbella/servidor_minecraft/mods/betterfpsdist-1.20.1-6.0.jar
[27Oct2025 16:28:46.570] [main/DEBUG] [net.minecraftforge.fml.loading.moddiscovery.ModFileInfo/LOADING]: Found valid mod file betterfpsdist-1.20.1-6.0.jar with {betterfpsdist} mods - versions {1.20.1-6.0}
[27Oct2025 16:28:46.570] [main/DEBUG] [net.minecraftforge.fml.loading.moddiscovery.ModFile/LOADING]: Loading mod file /workspaces/Marbella/servidor_minecraft/mods/betterfpsdist-1.20.1-6.0.jar with languages [LanguageSpec[languageName=javafml, acceptedVersions=[26,)]]
[27Oct2025 16:28:46.570] [main/DEBUG] [net.minecraftforge.fml.loading.moddiscovery.ModFileParser/LOADING]: Considering mod file candidate /workspaces/Marbella/servidor_minecraft/mods/CasinoCraft_1.20.1_v25.jar
[27Oct2025 16:28:46.570] [main/DEBUG] [net.minecraftforge.fml.loading.moddiscovery.ModFileInfo/LOADING]: Found valid mod file CasinoCraft_1.20.1_v25.jar with {casinocraft} mods - versions {25.0}
[27Oct2025 16:28:46.570] [main/DEBUG] [net.minecraftforge.fml.loading.moddiscovery.ModFile/LOADING]: Loading mod file /workspaces/Marbella/servidor_minecraft/mods/CasinoCraft_1.20.1_v25.jar with languages [LanguageSpec[languageName=javafml, acceptedVersions=[47,)]]
[27Oct2025 16:28:46.571] [main/DEBUG] [net.minecraftforge.fml.loading.moddiscovery.ModFileParser/LOADING]: Considering mod file candidate /workspaces/Marbella/servidor_minecraft/mods/Saros-Money-Mod.1.20.1-3.5.5.jar
[27Oct2025 16:28:46.571] [main/DEBUG] [net.minecraftforge.fml.loading.moddiscovery.ModFileInfo/LOADING]: Found valid mod file Saros-Money-Mod.1.20.1-3.5.5.jar with {saros__money_mod} mods - versions {3.5.5}
[27Oct2025 16:28:46.571] [main/DEBUG] [net.minecraftforge.fml.loading.moddiscovery.ModFile/LOADING]: Loading mod file /workspaces/Marbella/servidor_minecraft/mods/Saros-Money-Mod.1.20.1-3.5.5.jar with languages [LanguageSpec[languageName=javafml, acceptedVersions=[47,)]]
[27Oct2025 16:28:46.571] [main/DEBUG] [net.minecraftforge.fml.loading.moddiscovery.ModFileParser/LOADING]: Considering mod file candidate /workspaces/Marbella/servidor_minecraft/mods/curios-forge-5.14.1+1.20.1 (1).jar
[27Oct2025 16:28:46.572] [main/DEBUG] [net.minecraftforge.fml.loading.moddiscovery.ModFileInfo/LOADING]: Found valid mod file curios-forge-5.14.1+1.20.1 (1).jar with {curios} mods - versions {5.14.1+1.20.1}
[27Oct2025 16:28:46.572] [main/DEBUG] [net.minecraftforge.fml.loading.moddiscovery.ModFile/LOADING]: Loading mod file /workspaces/Marbella/servidor_minecraft/mods/curios-forge-5.14.1+1.20.1 (1).jar with languages [LanguageSpec[languageName=javafml, acceptedVersions=[41,)]]
[27Oct2025 16:28:46.572] [main/DEBUG] [net.minecraftforge.fml.loading.moddiscovery.ModFileParser/LOADING]: Considering mod file candidate /workspaces/Marbella/servidor_minecraft/mods/lexiconfig-forge-1.4.18-1.jar
[27Oct2025 16:28:46.572] [main/DEBUG] [net.minecraftforge.fml.loading.moddiscovery.ModFileInfo/LOADING]: Found valid mod file lexiconfig-forge-1.4.18-1.jar with {lexiconfig} mods - versions {1.4.18-1}
[27Oct2025 16:28:46.572] [main/DEBUG] [net.minecraftforge.fml.loading.moddiscovery.ModFile/LOADING]: Loading mod file /workspaces/Marbella/servidor_minecraft/mods/lexiconfig-forge-1.4.18-1.jar with languages [LanguageSpec[languageName=javafml, acceptedVersions=[1,)]]
[27Oct2025 16:28:46.574] [main/DEBUG] [net.minecraftforge.fml.loading.moddiscovery.ModFileParser/LOADING]: Considering mod file candidate /workspaces/Marbella/servidor_minecraft/mods/modernfurniture-e5-x128-forge-1.20.1.jar
[27Oct2025 16:28:46.575] [main/DEBUG] [net.minecraftforge.fml.loading.moddiscovery.ModFileInfo/LOADING]: Found valid mod file modernfurniture-e5-x128-forge-1.20.1.jar with {modernfurniture} mods - versions {0.5.0}
[27Oct2025 16:28:46.575] [main/DEBUG] [net.minecraftforge.fml.loading.moddiscovery.ModFile/LOADING]: Loading mod file /workspaces/Marbella/servidor_minecraft/mods/modernfurniture-e5-x128-forge-1.20.1.jar with languages [LanguageSpec[languageName=javafml, acceptedVersions=[47,)]]
[27Oct2025 16:28:46.575] [main/DEBUG] [net.minecraftforge.fml.loading.moddiscovery.ModFileParser/LOADING]: Considering mod file candidate /workspaces/Marbella/servidor_minecraft/mods/camera-forge-1.20.1-1.0.20.jar
[27Oct2025 16:28:46.576] [main/DEBUG] [net.minecraftforge.fml.loading.moddiscovery.ModFileInfo/LOADING]: Found valid mod file camera-forge-1.20.1-1.0.20.jar with {camera} mods - versions {1.20.1-1.0.20}
[27Oct2025 16:28:46.576] [main/DEBUG] [net.minecraftforge.fml.loading.moddiscovery.ModFile/LOADING]: Loading mod file /workspaces/Marbella/servidor_minecraft/mods/camera-forge-1.20.1-1.0.20.jar with languages [LanguageSpec[languageName=javafml, acceptedVersions=*]]
[27Oct2025 16:28:46.576] [main/DEBUG] [net.minecraftforge.fml.loading.moddiscovery.ModFileParser/LOADING]: Considering mod file candidate /workspaces/Marbella/servidor_minecraft/mods/BRCC 1.0.5 1.16.5-1.20.1.jar
[27Oct2025 16:28:46.577] [main/DEBUG] [net.minecraftforge.fml.loading.moddiscovery.ModFileInfo/LOADING]: Found valid mod file BRCC 1.0.5 1.16.5-1.20.1.jar with {brcc} mods - versions {24}
[27Oct2025 16:28:46.577] [main/DEBUG] [net.minecraftforge.fml.loading.moddiscovery.ModFile/LOADING]: Loading mod file /workspaces/Marbella/servidor_minecraft/mods/BRCC 1.0.5 1.16.5-1.20.1.jar with languages [LanguageSpec[languageName=javafml, acceptedVersions=[36,)]]
[27Oct2025 16:28:46.578] [main/DEBUG] [net.minecraftforge.fml.loading.moddiscovery.ModFileParser/LOADING]: Considering mod file candidate /workspaces/Marbella/servidor_minecraft/mods/modernfix-forge-5.24.4+mc1.20.1 (1).jar
[27Oct2025 16:28:46.579] [main/DEBUG] [net.minecraftforge.fml.loading.moddiscovery.ModFileInfo/LOADING]: Found valid mod file modernfix-forge-5.24.4+mc1.20.1 (1).jar with {modernfix} mods - versions {5.24.4+mc1.20.1}
[27Oct2025 16:28:46.579] [main/DEBUG] [net.minecraftforge.fml.loading.moddiscovery.ModFile/LOADING]: Loading mod file /workspaces/Marbella/servidor_minecraft/mods/modernfix-forge-5.24.4+mc1.20.1 (1).jar with languages [LanguageSpec[languageName=javafml, acceptedVersions=[46,)]]
[27Oct2025 16:28:46.579] [main/DEBUG] [net.minecraftforge.fml.loading.moddiscovery.ModFileParser/LOADING]: Considering mod file candidate /workspaces/Marbella/servidor_minecraft/mods/inv_view_forge-2.1.0-1.20.1.jar
[27Oct2025 16:28:46.580] [main/DEBUG] [net.minecraftforge.fml.loading.moddiscovery.ModFileInfo/LOADING]: Found valid mod file inv_view_forge-2.1.0-1.20.1.jar with {inv_view_forge} mods - versions {2.1.0-1.20.1}
[27Oct2025 16:28:46.580] [main/DEBUG] [net.minecraftforge.fml.loading.moddiscovery.ModFile/LOADING]: Loading mod file /workspaces/Marbella/servidor_minecraft/mods/inv_view_forge-2.1.0-1.20.1.jar with languages [LanguageSpec[languageName=javafml, acceptedVersions=[47,)]]
[27Oct2025 16:28:46.580] [main/DEBUG] [net.minecraftforge.fml.loading.moddiscovery.ModFileParser/LOADING]: Considering mod file candidate /workspaces/Marbella/servidor_minecraft/mods/Bookshelf-Forge-1.20.1-20.2.13.jar
[27Oct2025 16:28:46.580] [main/DEBUG] [net.minecraftforge.fml.loading.moddiscovery.ModFileInfo/LOADING]: Found valid mod file Bookshelf-Forge-1.20.1-20.2.13.jar with {bookshelf} mods - versions {20.2.13}
[27Oct2025 16:28:46.581] [main/DEBUG] [net.minecraftforge.fml.loading.moddiscovery.ModFile/LOADING]: Loading mod file /workspaces/Marbella/servidor_minecraft/mods/Bookshelf-Forge-1.20.1-20.2.13.jar with languages [LanguageSpec[languageName=javafml, acceptedVersions=[47,)]]
[27Oct2025 16:28:46.581] [main/DEBUG] [net.minecraftforge.fml.loading.moddiscovery.ModFileParser/LOADING]: Considering mod file candidate /workspaces/Marbella/servidor_minecraft/mods/devices-forge-0.8.4.jar
[27Oct2025 16:28:46.581] [main/DEBUG] [net.minecraftforge.fml.loading.moddiscovery.ModFileInfo/LOADING]: Found valid mod file devices-forge-0.8.4.jar with {devices} mods - versions {0.8.4}
[27Oct2025 16:28:46.581] [main/DEBUG] [net.minecraftforge.fml.loading.moddiscovery.ModFile/LOADING]: Loading mod file /workspaces/Marbella/servidor_minecraft/mods/devices-forge-0.8.4.jar with languages [LanguageSpec[languageName=javafml, acceptedVersions=[47,)]]
[27Oct2025 16:28:46.581] [main/DEBUG] [net.minecraftforge.fml.loading.moddiscovery.ModFileParser/LOADING]: Considering mod file candidate /workspaces/Marbella/servidor_minecraft/mods/Lucky77_1.20.1_v04.jar
[27Oct2025 16:28:46.584] [main/DEBUG] [net.minecraftforge.fml.loading.moddiscovery.ModFileInfo/LOADING]: Found valid mod file Lucky77_1.20.1_v04.jar with {lucky77} mods - versions {4.0}
[27Oct2025 16:28:46.584] [main/DEBUG] [net.minecraftforge.fml.loading.moddiscovery.ModFile/LOADING]: Loading mod file /workspaces/Marbella/servidor_minecraft/mods/Lucky77_1.20.1_v04.jar with languages [LanguageSpec[languageName=javafml, acceptedVersions=[47,)]]
[27Oct2025 16:28:46.584] [main/DEBUG] [net.minecraftforge.fml.loading.moddiscovery.ModFileParser/LOADING]: Considering mod file candidate /workspaces/Marbella/servidor_minecraft/mods/CustomNPCs-1.20.1-GBPort-Unofficial-20250830.jar
[27Oct2025 16:28:46.585] [main/DEBUG] [net.minecraftforge.fml.loading.moddiscovery.ModFileInfo/LOADING]: Found valid mod file CustomNPCs-1.20.1-GBPort-Unofficial-20250830.jar with {customnpcs} mods - versions {1.20.1.20250830}
[27Oct2025 16:28:46.585] [main/DEBUG] [net.minecraftforge.fml.loading.moddiscovery.ModFile/LOADING]: Loading mod file /workspaces/Marbella/servidor_minecraft/mods/CustomNPCs-1.20.1-GBPort-Unofficial-20250830.jar with languages [LanguageSpec[languageName=javafml, acceptedVersions=[47,)]]
[27Oct2025 16:28:46.585] [main/DEBUG] [net.minecraftforge.fml.loading.moddiscovery.ModFileParser/LOADING]: Considering mod file candidate /workspaces/Marbella/servidor_minecraft/mods/starlight-1.1.2+forge.1cda73c.jar
[27Oct2025 16:28:46.585] [main/DEBUG] [net.minecraftforge.fml.loading.moddiscovery.ModFileInfo/LOADING]: Found valid mod file starlight-1.1.2+forge.1cda73c.jar with {starlight} mods - versions {1.1.2+forge.1cda73c}
[27Oct2025 16:28:46.585] [main/DEBUG] [net.minecraftforge.fml.loading.moddiscovery.ModFile/LOADING]: Loading mod file /workspaces/Marbella/servidor_minecraft/mods/starlight-1.1.2+forge.1cda73c.jar with languages [LanguageSpec[languageName=javafml, acceptedVersions=[46,)]]
[27Oct2025 16:28:46.585] [main/DEBUG] [net.minecraftforge.fml.loading.moddiscovery.ModFileParser/LOADING]: Considering mod file candidate /workspaces/Marbella/servidor_minecraft/mods/architectury-9.2.14-forge.jar
[27Oct2025 16:28:46.586] [main/DEBUG] [net.minecraftforge.fml.loading.moddiscovery.ModFileInfo/LOADING]: Found valid mod file architectury-9.2.14-forge.jar with {architectury} mods - versions {9.2.14}
[27Oct2025 16:28:46.586] [main/DEBUG] [net.minecraftforge.fml.loading.moddiscovery.ModFile/LOADING]: Loading mod file /workspaces/Marbella/servidor_minecraft/mods/architectury-9.2.14-forge.jar with languages [LanguageSpec[languageName=javafml, acceptedVersions=[46,)]]
[27Oct2025 16:28:46.586] [main/DEBUG] [net.minecraftforge.fml.loading.moddiscovery.ModFileParser/LOADING]: Considering mod file candidate /workspaces/Marbella/servidor_minecraft/mods/ferritecore-6.0.1-forge (1).jar
[27Oct2025 16:28:46.587] [main/DEBUG] [net.minecraftforge.fml.loading.moddiscovery.ModFileInfo/LOADING]: Found valid mod file ferritecore-6.0.1-forge (1).jar with {ferritecore} mods - versions {6.0.1}
[27Oct2025 16:28:46.587] [main/DEBUG] [net.minecraftforge.fml.loading.moddiscovery.ModFile/LOADING]: Loading mod file /workspaces/Marbella/servidor_minecraft/mods/ferritecore-6.0.1-forge (1).jar with languages [LanguageSpec[languageName=javafml, acceptedVersions=[28,)]]
[27Oct2025 16:28:46.587] [main/DEBUG] [net.minecraftforge.fml.loading.moddiscovery.ModFileParser/LOADING]: Considering mod file candidate /workspaces/Marbella/servidor_minecraft/mods/boxing_madness_1.20.1.jar
[27Oct2025 16:28:46.587] [main/DEBUG] [net.minecraftforge.fml.loading.moddiscovery.ModFileInfo/LOADING]: Found valid mod file boxing_madness_1.20.1.jar with {boxing_madness} mods - versions {1.0.0}
[27Oct2025 16:28:46.588] [main/DEBUG] [net.minecraftforge.fml.loading.moddiscovery.ModFile/LOADING]: Loading mod file /workspaces/Marbella/servidor_minecraft/mods/boxing_madness_1.20.1.jar with languages [LanguageSpec[languageName=javafml, acceptedVersions=[47,)]]
[27Oct2025 16:28:46.588] [main/DEBUG] [net.minecraftforge.fml.loading.moddiscovery.ModFileParser/LOADING]: Considering mod file candidate /workspaces/Marbella/servidor_minecraft/mods/cupboard-1.20.1-2.7.jar
[27Oct2025 16:28:46.589] [main/DEBUG] [net.minecraftforge.fml.loading.moddiscovery.ModFileInfo/LOADING]: Found valid mod file cupboard-1.20.1-2.7.jar with {cupboard} mods - versions {1.20.1-2.7}
[27Oct2025 16:28:46.589] [main/DEBUG] [net.minecraftforge.fml.loading.moddiscovery.ModFile/LOADING]: Loading mod file /workspaces/Marbella/servidor_minecraft/mods/cupboard-1.20.1-2.7.jar with languages [LanguageSpec[languageName=javafml, acceptedVersions=[36,)]]
[27Oct2025 16:28:46.589] [main/DEBUG] [net.minecraftforge.fml.loading.moddiscovery.ModFileParser/LOADING]: Considering mod file candidate /workspaces/Marbella/servidor_minecraft/mods/Immersive Vehicles-1.20.1-22.18.0-pre.jar
[27Oct2025 16:28:46.590] [main/DEBUG] [net.minecraftforge.fml.loading.moddiscovery.ModFileInfo/LOADING]: Found valid mod file Immersive Vehicles-1.20.1-22.18.0-pre.jar with {mts} mods - versions {0.0NONE}
[27Oct2025 16:28:46.590] [main/DEBUG] [net.minecraftforge.fml.loading.moddiscovery.ModFile/LOADING]: Loading mod file /workspaces/Marbella/servidor_minecraft/mods/Immersive Vehicles-1.20.1-22.18.0-pre.jar with languages [LanguageSpec[languageName=javafml, acceptedVersions=[47,)]]
[27Oct2025 16:28:46.590] [main/DEBUG] [net.minecraftforge.fml.loading.moddiscovery.ModFileParser/LOADING]: Considering mod file candidate /workspaces/Marbella/servidor_minecraft/mods/Saros-Road-Signs-Mod-1.20.1-4.3.jar
[27Oct2025 16:28:46.591] [main/DEBUG] [net.minecraftforge.fml.loading.moddiscovery.ModFileInfo/LOADING]: Found valid mod file Saros-Road-Signs-Mod-1.20.1-4.3.jar with {saros_road_signs_mod} mods - versions {4.3}
[27Oct2025 16:28:46.591] [main/DEBUG] [net.minecraftforge.fml.loading.moddiscovery.ModFile/LOADING]: Loading mod file /workspaces/Marbella/servidor_minecraft/mods/Saros-Road-Signs-Mod-1.20.1-4.3.jar with languages [LanguageSpec[languageName=javafml, acceptedVersions=[47,)]]
[27Oct2025 16:28:46.591] [main/DEBUG] [net.minecraftforge.fml.loading.moddiscovery.ModFileParser/LOADING]: Considering mod file candidate /workspaces/Marbella/servidor_minecraft/mods/dtrch-1.3.0-forge-1.20.1.jar
[27Oct2025 16:28:46.592] [main/DEBUG] [net.minecraftforge.fml.loading.moddiscovery.ModFileInfo/LOADING]: Found valid mod file dtrch-1.3.0-forge-1.20.1.jar with {dtrch} mods - versions {1.0.0}
[27Oct2025 16:28:46.592] [main/DEBUG] [net.minecraftforge.fml.loading.moddiscovery.ModFile/LOADING]: Loading mod file /workspaces/Marbella/servidor_minecraft/mods/dtrch-1.3.0-forge-1.20.1.jar with languages [LanguageSpec[languageName=javafml, acceptedVersions=[47,)]]
[27Oct2025 16:28:46.592] [main/DEBUG] [net.minecraftforge.fml.loading.moddiscovery.ModFileParser/LOADING]: Considering mod file candidate /workspaces/Marbella/servidor_minecraft/mods/Saros-Road-Blocks-Mod-1.20.1-4.0.jar
[27Oct2025 16:28:46.592] [main/DEBUG] [net.minecraftforge.fml.loading.moddiscovery.ModFileInfo/LOADING]: Found valid mod file Saros-Road-Blocks-Mod-1.20.1-4.0.jar with {saros_road_blocks_mod} mods - versions {4.0}
[27Oct2025 16:28:46.593] [main/DEBUG] [net.minecraftforge.fml.loading.moddiscovery.ModFile/LOADING]: Loading mod file /workspaces/Marbella/servidor_minecraft/mods/Saros-Road-Blocks-Mod-1.20.1-4.0.jar with languages [LanguageSpec[languageName=javafml, acceptedVersions=[47,)]]
[27Oct2025 16:28:46.593] [main/DEBUG] [net.minecraftforge.fml.loading.moddiscovery.ModFileParser/LOADING]: Considering mod file candidate /workspaces/Marbella/servidor_minecraft/mods/framework-forge-1.20.1-0.7.15 (1).jar
[27Oct2025 16:28:46.593] [main/DEBUG] [net.minecraftforge.fml.loading.moddiscovery.ModFileInfo/LOADING]: Found valid mod file framework-forge-1.20.1-0.7.15 (1).jar with {framework} mods - versions {0.7.15}
[27Oct2025 16:28:46.594] [main/DEBUG] [net.minecraftforge.fml.loading.moddiscovery.ModFile/LOADING]: Loading mod file /workspaces/Marbella/servidor_minecraft/mods/framework-forge-1.20.1-0.7.15 (1).jar with languages [LanguageSpec[languageName=javafml, acceptedVersions=[39,)]]
[27Oct2025 16:28:46.594] [main/DEBUG] [net.minecraftforge.fml.loading.moddiscovery.ModFileParser/LOADING]: Considering mod file candidate /workspaces/Marbella/servidor_minecraft/libraries/net/minecraftforge/forge/1.20.1-47.3.7/forge-1.20.1-47.3.7-universal.jar
[27Oct2025 16:28:46.594] [main/DEBUG] [net.minecraftforge.fml.loading.moddiscovery.ModFileInfo/LOADING]: Found valid mod file forge-1.20.1-47.3.7-universal.jar with {forge} mods - versions {47.3.7}
[27Oct2025 16:28:46.594] [main/DEBUG] [net.minecraftforge.fml.loading.moddiscovery.ModFile/LOADING]: Loading mod file /workspaces/Marbella/servidor_minecraft/libraries/net/minecraftforge/forge/1.20.1-47.3.7/forge-1.20.1-47.3.7-universal.jar with languages [LanguageSpec[languageName=javafml, acceptedVersions=[24,]]]
[27Oct2025 16:28:46.597] [main/DEBUG] [net.minecraftforge.fml.loading.moddiscovery.ModFileParser/LOADING]: Found coremod field_to_method with Javascript path coremods/field_to_method.js
[27Oct2025 16:28:46.597] [main/DEBUG] [net.minecraftforge.fml.loading.moddiscovery.ModFileParser/LOADING]: Found coremod field_to_instanceof with Javascript path coremods/field_to_instanceof.js
[27Oct2025 16:28:46.597] [main/DEBUG] [net.minecraftforge.fml.loading.moddiscovery.ModFileParser/LOADING]: Found coremod add_bouncer_method with Javascript path coremods/add_bouncer_method.js
[27Oct2025 16:28:46.597] [main/DEBUG] [net.minecraftforge.fml.loading.moddiscovery.ModFileParser/LOADING]: Found coremod method_redirector with Javascript path coremods/method_redirector.js
[27Oct2025 16:28:46.598] [main/DEBUG] [net.minecraftforge.fml.loading.moddiscovery.ModFile/LOADING]: Found coremod coremods/field_to_method.js
[27Oct2025 16:28:46.598] [main/DEBUG] [net.minecraftforge.fml.loading.moddiscovery.ModFile/LOADING]: Found coremod coremods/field_to_instanceof.js
[27Oct2025 16:28:46.598] [main/DEBUG] [net.minecraftforge.fml.loading.moddiscovery.ModFile/LOADING]: Found coremod coremods/add_bouncer_method.js
[27Oct2025 16:28:46.598] [main/DEBUG] [net.minecraftforge.fml.loading.moddiscovery.ModFile/LOADING]: Found coremod coremods/method_redirector.js
[27Oct2025 16:28:46.598] [main/DEBUG] [net.minecraftforge.fml.loading.moddiscovery.ModFileParser/LOADING]: Considering mod file candidate /workspaces/Marbella/servidor_minecraft/mods/Lazr's Lib-1.20-1.1.1.jar
[27Oct2025 16:28:46.599] [main/DEBUG] [net.minecraftforge.fml.loading.moddiscovery.ModFileInfo/LOADING]: Found valid mod file Lazr's Lib-1.20-1.1.1.jar with {lazrslib} mods - versions {1.1.1}
[27Oct2025 16:28:46.599] [main/DEBUG] [net.minecraftforge.fml.loading.moddiscovery.ModFile/LOADING]: Loading mod file /workspaces/Marbella/servidor_minecraft/mods/Lazr's Lib-1.20-1.1.1.jar with languages [LanguageSpec[languageName=javafml, acceptedVersions=[46,)]]
[27Oct2025 16:28:46.599] [main/DEBUG] [net.minecraftforge.fml.loading.moddiscovery.ModFileParser/LOADING]: Considering mod file candidate /workspaces/Marbella/servidor_minecraft/mods/PlayerRevive_FORGE_v2.0.31_mc1.20.1.jar
[27Oct2025 16:28:46.600] [main/DEBUG] [net.minecraftforge.fml.loading.moddiscovery.ModFileInfo/LOADING]: Found valid mod file PlayerRevive_FORGE_v2.0.31_mc1.20.1.jar with {playerrevive} mods - versions {2.0.31}
[27Oct2025 16:28:46.600] [main/DEBUG] [net.minecraftforge.fml.loading.moddiscovery.ModFile/LOADING]: Loading mod file /workspaces/Marbella/servidor_minecraft/mods/PlayerRevive_FORGE_v2.0.31_mc1.20.1.jar with languages [LanguageSpec[languageName=javafml, acceptedVersions=[46,)]]
[27Oct2025 16:28:46.600] [main/DEBUG] [net.minecraftforge.fml.loading.moddiscovery.ModFile/LOADING]: Loading mod file  with languages []
[27Oct2025 16:28:46.601] [main/DEBUG] [net.minecraftforge.fml.loading.moddiscovery.ModFileParser/LOADING]: Considering mod file candidate 
[27Oct2025 16:28:46.601] [main/DEBUG] [net.minecraftforge.fml.loading.moddiscovery.ModFileInfo/LOADING]: Found valid mod file mixinextras-forge-0.4.1.jar with {mixinextras} mods - versions {0.4.1}
[27Oct2025 16:28:46.601] [main/DEBUG] [net.minecraftforge.fml.loading.moddiscovery.ModFile/LOADING]: Loading mod file  with languages [LanguageSpec[languageName=javafml, acceptedVersions=*]]
[27Oct2025 16:28:46.602] [main/DEBUG] [net.minecraftforge.fml.loading.moddiscovery.ModFile/LOADING]: Loading mod file  with languages []
[27Oct2025 16:28:46.602] [main/DEBUG] [net.minecraftforge.fml.loading.moddiscovery.ModFile/LOADING]: Loading mod file  with languages []
[27Oct2025 16:28:46.602] [main/DEBUG] [net.minecraftforge.fml.loading.moddiscovery.ModFileParser/LOADING]: Considering mod file candidate 
[27Oct2025 16:28:46.603] [main/DEBUG] [net.minecraftforge.fml.loading.moddiscovery.ModFileInfo/LOADING]: Found valid mod file mixinextras-forge-0.4.1.jar with {mixinextras} mods - versions {0.4.1}
[27Oct2025 16:28:46.603] [main/DEBUG] [net.minecraftforge.fml.loading.moddiscovery.ModFile/LOADING]: Loading mod file  with languages [LanguageSpec[languageName=javafml, acceptedVersions=*]]
[27Oct2025 16:28:46.603] [main/DEBUG] [net.minecraftforge.fml.loading.moddiscovery.ModFile/LOADING]: Loading mod file  with languages []
[27Oct2025 16:28:46.604] [main/DEBUG] [cpw.mods.modlauncher.TransformationServiceDecorator/MODLAUNCHER]: End scan trigger - transformation service fml
[27Oct2025 16:28:46.613] [main/DEBUG] [net.minecraftforge.fml.loading.LanguageLoadingProvider/CORE]: Found 3 language providers
[27Oct2025 16:28:46.614] [main/DEBUG] [net.minecraftforge.fml.loading.LanguageLoadingProvider/CORE]: Found language provider minecraft, version 1.0
[27Oct2025 16:28:46.614] [main/DEBUG] [net.minecraftforge.fml.loading.LanguageLoadingProvider/CORE]: Found language provider lowcodefml, version 47
[27Oct2025 16:28:46.614] [main/DEBUG] [net.minecraftforge.fml.loading.LanguageLoadingProvider/CORE]: Found language provider javafml, version 47
[27Oct2025 16:28:46.618] [main/DEBUG] [net.minecraftforge.fml.loading.UniqueModListBuilder/]: Found 2 mods for first modid mclib, selecting most recent based on version data
[27Oct2025 16:28:46.619] [main/DEBUG] [net.minecraftforge.fml.loading.UniqueModListBuilder/]: Selected file mclib-20.jar for modid mclib with version 0.0NONE
[27Oct2025 16:28:46.619] [main/DEBUG] [net.minecraftforge.fml.loading.UniqueModListBuilder/]: Found 2 mods for first modid mixinextras, selecting most recent based on version data
[27Oct2025 16:28:46.619] [main/DEBUG] [net.minecraftforge.fml.loading.UniqueModListBuilder/]: Selected file mixinextras-forge-0.4.1.jar for modid mixinextras with version 0.4.1
[27Oct2025 16:28:46.619] [main/DEBUG] [net.minecraftforge.fml.loading.UniqueModListBuilder/]: Found 2 mods for first modid MixinExtras, selecting most recent based on version data
[27Oct2025 16:28:46.620] [main/DEBUG] [net.minecraftforge.fml.loading.UniqueModListBuilder/]: Selected file MixinExtras-0.4.1.jar for modid MixinExtras with version 0.0NONE
[27Oct2025 16:28:46.621] [main/DEBUG] [net.minecraftforge.fml.loading.ModSorter/]: Configured system mods: [minecraft, forge]
[27Oct2025 16:28:46.621] [main/DEBUG] [net.minecraftforge.fml.loading.ModSorter/]: Found system mod: minecraft
[27Oct2025 16:28:46.622] [main/DEBUG] [net.minecraftforge.fml.loading.ModSorter/]: Found system mod: forge
[27Oct2025 16:28:46.624] [main/DEBUG] [net.minecraftforge.fml.loading.ModSorter/LOADING]: Found 81 mod requirements (75 mandatory, 6 optional)
[27Oct2025 16:28:46.625] [main/DEBUG] [net.minecraftforge.fml.loading.ModSorter/LOADING]: Found 0 mod requirements missing (0 mandatory, 0 optional)
[27Oct2025 16:28:47.094] [main/DEBUG] [cpw.mods.modlauncher.TransformationServicesHandler/MODLAUNCHER]: Transformation services loading transformers
[27Oct2025 16:28:47.095] [main/DEBUG] [cpw.mods.modlauncher.TransformationServiceDecorator/MODLAUNCHER]: Initializing transformers for transformation service mixin
[27Oct2025 16:28:47.096] [main/DEBUG] [cpw.mods.modlauncher.TransformationServiceDecorator/MODLAUNCHER]: Initialized transformers for transformation service mixin
[27Oct2025 16:28:47.096] [main/DEBUG] [cpw.mods.modlauncher.TransformationServiceDecorator/MODLAUNCHER]: Initializing transformers for transformation service redirector
[27Oct2025 16:28:47.096] [main/DEBUG] [cpw.mods.modlauncher.TransformationServiceDecorator/MODLAUNCHER]: Initialized transformers for transformation service redirector
[27Oct2025 16:28:47.096] [main/DEBUG] [cpw.mods.modlauncher.TransformationServiceDecorator/MODLAUNCHER]: Initializing transformers for transformation service fml
[27Oct2025 16:28:47.096] [main/DEBUG] [net.minecraftforge.fml.loading.FMLServiceProvider/CORE]: Loading coremod transformers
[27Oct2025 16:28:47.096] [main/DEBUG] [net.minecraftforge.coremod.CoreModEngine/COREMOD]: Loading CoreMod from coremods/field_to_method.js
[27Oct2025 16:28:47.324] [main/DEBUG] [net.minecraftforge.coremod.CoreModEngine/COREMOD]: CoreMod loaded successfully
[27Oct2025 16:28:47.325] [main/DEBUG] [net.minecraftforge.coremod.CoreModEngine/COREMOD]: Loading CoreMod from coremods/field_to_instanceof.js
[27Oct2025 16:28:47.409] [main/DEBUG] [net.minecraftforge.coremod.CoreModEngine/COREMOD]: CoreMod loaded successfully
[27Oct2025 16:28:47.409] [main/DEBUG] [net.minecraftforge.coremod.CoreModEngine/COREMOD]: Loading CoreMod from coremods/add_bouncer_method.js
[27Oct2025 16:28:47.457] [main/DEBUG] [net.minecraftforge.coremod.CoreModEngine/COREMOD]: CoreMod loaded successfully
[27Oct2025 16:28:47.457] [main/DEBUG] [net.minecraftforge.coremod.CoreModEngine/COREMOD]: Loading CoreMod from coremods/method_redirector.js
[27Oct2025 16:28:47.541] [main/DEBUG] [net.minecraftforge.coremod.CoreModEngine/COREMOD]: CoreMod loaded successfully
[27Oct2025 16:28:47.556] [main/DEBUG] [cpw.mods.modlauncher.TransformStore/MODLAUNCHER]: Adding transformer net.minecraftforge.coremod.transformer.CoreModClassTransformer@68a78f3c to Target : CLASS {Lnet/minecraft/world/level/biome/Biome;} {} {V}
[27Oct2025 16:28:47.558] [main/DEBUG] [cpw.mods.modlauncher.TransformStore/MODLAUNCHER]: Adding transformer net.minecraftforge.coremod.transformer.CoreModClassTransformer@7d70638 to Target : CLASS {Lnet/minecraft/world/level/levelgen/structure/Structure;} {} {V}
[27Oct2025 16:28:47.558] [main/DEBUG] [cpw.mods.modlauncher.TransformStore/MODLAUNCHER]: Adding transformer net.minecraftforge.coremod.transformer.CoreModClassTransformer@732f6050 to Target : CLASS {Lnet/minecraft/world/effect/MobEffectInstance;} {} {V}
[27Oct2025 16:28:47.558] [main/DEBUG] [cpw.mods.modlauncher.TransformStore/MODLAUNCHER]: Adding transformer net.minecraftforge.coremod.transformer.CoreModClassTransformer@6fbc1bb to Target : CLASS {Lnet/minecraft/world/level/block/LiquidBlock;} {} {V}
[27Oct2025 16:28:47.558] [main/DEBUG] [cpw.mods.modlauncher.TransformStore/MODLAUNCHER]: Adding transformer net.minecraftforge.coremod.transformer.CoreModClassTransformer@30c4e352 to Target : CLASS {Lnet/minecraft/world/item/BucketItem;} {} {V}
[27Oct2025 16:28:47.558] [main/DEBUG] [cpw.mods.modlauncher.TransformStore/MODLAUNCHER]: Adding transformer net.minecraftforge.coremod.transformer.CoreModClassTransformer@f1dd5b4 to Target : CLASS {Lnet/minecraft/world/level/block/StairBlock;} {} {V}
[27Oct2025 16:28:47.559] [main/DEBUG] [cpw.mods.modlauncher.TransformStore/MODLAUNCHER]: Adding transformer net.minecraftforge.coremod.transformer.CoreModClassTransformer@73809e7 to Target : CLASS {Lnet/minecraft/world/level/block/FlowerPotBlock;} {} {V}
[27Oct2025 16:28:47.559] [main/DEBUG] [cpw.mods.modlauncher.TransformStore/MODLAUNCHER]: Adding transformer net.minecraftforge.coremod.transformer.CoreModClassTransformer@5f96f6a2 to Target : CLASS {Lnet/minecraft/world/item/ItemStack;} {} {V}
[27Oct2025 16:28:47.560] [main/DEBUG] [cpw.mods.modlauncher.TransformStore/MODLAUNCHER]: Adding transformer net.minecraftforge.coremod.transformer.CoreModClassTransformer@48df4071 to Target : CLASS {Lnet/minecraft/network/play/client/CClientSettingsPacket;} {} {V}
[27Oct2025 16:28:47.560] [main/DEBUG] [cpw.mods.modlauncher.TransformStore/MODLAUNCHER]: Adding transformer net.minecraftforge.coremod.transformer.CoreModClassTransformer@290e8cab to Target : CLASS {Lnet/minecraft/world/entity/monster/Evoker$EvokerSummonSpellGoal;} {} {V}
[27Oct2025 16:28:47.560] [main/DEBUG] [cpw.mods.modlauncher.TransformStore/MODLAUNCHER]: Adding transformer net.minecraftforge.coremod.transformer.CoreModClassTransformer@290e8cab to Target : CLASS {Lnet/minecraft/world/entity/monster/ZombieVillager;} {} {V}
[27Oct2025 16:28:47.560] [main/DEBUG] [cpw.mods.modlauncher.TransformStore/MODLAUNCHER]: Adding transformer net.minecraftforge.coremod.transformer.CoreModClassTransformer@290e8cab to Target : CLASS {Lnet/minecraft/world/entity/animal/frog/Tadpole;} {} {V}
[27Oct2025 16:28:47.560] [main/DEBUG] [cpw.mods.modlauncher.TransformStore/MODLAUNCHER]: Adding transformer net.minecraftforge.coremod.transformer.CoreModClassTransformer@290e8cab to Target : CLASS {Lnet/minecraft/world/entity/monster/Strider;} {} {V}
[27Oct2025 16:28:47.560] [main/DEBUG] [cpw.mods.modlauncher.TransformStore/MODLAUNCHER]: Adding transformer net.minecraftforge.coremod.transformer.CoreModClassTransformer@290e8cab to Target : CLASS {Lnet/minecraft/server/commands/SummonCommand;} {} {V}
[27Oct2025 16:28:47.560] [main/DEBUG] [cpw.mods.modlauncher.TransformStore/MODLAUNCHER]: Adding transformer net.minecraftforge.coremod.transformer.CoreModClassTransformer@290e8cab to Target : CLASS {Lnet/minecraft/world/entity/animal/horse/SkeletonTrapGoal;} {} {V}
[27Oct2025 16:28:47.560] [main/DEBUG] [cpw.mods.modlauncher.TransformStore/MODLAUNCHER]: Adding transformer net.minecraftforge.coremod.transformer.CoreModClassTransformer@290e8cab to Target : CLASS {Lnet/minecraft/world/entity/ai/village/VillageSiege;} {} {V}
[27Oct2025 16:28:47.561] [main/DEBUG] [cpw.mods.modlauncher.TransformStore/MODLAUNCHER]: Adding transformer net.minecraftforge.coremod.transformer.CoreModClassTransformer@290e8cab to Target : CLASS {Lnet/minecraft/world/level/NaturalSpawner;} {} {V}
[27Oct2025 16:28:47.561] [main/DEBUG] [cpw.mods.modlauncher.TransformStore/MODLAUNCHER]: Adding transformer net.minecraftforge.coremod.transformer.CoreModClassTransformer@290e8cab to Target : CLASS {Lnet/minecraft/world/level/levelgen/PhantomSpawner;} {} {V}
[27Oct2025 16:28:47.561] [main/DEBUG] [cpw.mods.modlauncher.TransformStore/MODLAUNCHER]: Adding transformer net.minecraftforge.coremod.transformer.CoreModClassTransformer@290e8cab to Target : CLASS {Lnet/minecraft/world/level/levelgen/structure/structures/SwampHutPiece;} {} {V}
[27Oct2025 16:28:47.561] [main/DEBUG] [cpw.mods.modlauncher.TransformStore/MODLAUNCHER]: Adding transformer net.minecraftforge.coremod.transformer.CoreModClassTransformer@290e8cab to Target : CLASS {Lnet/minecraft/world/level/levelgen/structure/structures/WoodlandMansionPieces$WoodlandMansionPiece;} {} {V}
[27Oct2025 16:28:47.561] [main/DEBUG] [cpw.mods.modlauncher.TransformStore/MODLAUNCHER]: Adding transformer net.minecraftforge.coremod.transformer.CoreModClassTransformer@290e8cab to Target : CLASS {Lnet/minecraft/server/commands/RaidCommand;} {} {V}
[27Oct2025 16:28:47.561] [main/DEBUG] [cpw.mods.modlauncher.TransformStore/MODLAUNCHER]: Adding transformer net.minecraftforge.coremod.transformer.CoreModClassTransformer@290e8cab to Target : CLASS {Lnet/minecraft/world/entity/EntityType;} {} {V}
[27Oct2025 16:28:47.561] [main/DEBUG] [cpw.mods.modlauncher.TransformStore/MODLAUNCHER]: Adding transformer net.minecraftforge.coremod.transformer.CoreModClassTransformer@290e8cab to Target : CLASS {Lnet/minecraft/world/entity/npc/CatSpawner;} {} {V}
[27Oct2025 16:28:47.561] [main/DEBUG] [cpw.mods.modlauncher.TransformStore/MODLAUNCHER]: Adding transformer net.minecraftforge.coremod.transformer.CoreModClassTransformer@290e8cab to Target : CLASS {Lnet/minecraft/world/entity/raid/Raid;} {} {V}
[27Oct2025 16:28:47.561] [main/DEBUG] [cpw.mods.modlauncher.TransformStore/MODLAUNCHER]: Adding transformer net.minecraftforge.coremod.transformer.CoreModClassTransformer@290e8cab to Target : CLASS {Lnet/minecraft/world/level/levelgen/structure/templatesystem/StructureTemplate;} {} {V}
[27Oct2025 16:28:47.561] [main/DEBUG] [cpw.mods.modlauncher.TransformStore/MODLAUNCHER]: Adding transformer net.minecraftforge.coremod.transformer.CoreModClassTransformer@290e8cab to Target : CLASS {Lnet/minecraft/world/level/levelgen/structure/structures/OceanRuinPieces$OceanRuinPiece;} {} {V}
[27Oct2025 16:28:47.561] [main/DEBUG] [cpw.mods.modlauncher.TransformStore/MODLAUNCHER]: Adding transformer net.minecraftforge.coremod.transformer.CoreModClassTransformer@290e8cab to Target : CLASS {Lnet/minecraft/world/entity/npc/Villager;} {} {V}
[27Oct2025 16:28:47.561] [main/DEBUG] [cpw.mods.modlauncher.TransformStore/MODLAUNCHER]: Adding transformer net.minecraftforge.coremod.transformer.CoreModClassTransformer@290e8cab to Target : CLASS {Lnet/minecraft/world/level/levelgen/structure/structures/OceanMonumentPieces$OceanMonumentPiece;} {} {V}
[27Oct2025 16:28:47.561] [main/DEBUG] [cpw.mods.modlauncher.TransformStore/MODLAUNCHER]: Adding transformer net.minecraftforge.coremod.transformer.CoreModClassTransformer@290e8cab to Target : CLASS {Lnet/minecraft/world/entity/monster/Spider;} {} {V}
[27Oct2025 16:28:47.561] [main/DEBUG] [cpw.mods.modlauncher.TransformStore/MODLAUNCHER]: Adding transformer net.minecraftforge.coremod.transformer.CoreModClassTransformer@290e8cab to Target : CLASS {Lnet/minecraft/world/entity/monster/Zombie;} {} {V}
[27Oct2025 16:28:47.562] [main/DEBUG] [cpw.mods.modlauncher.TransformStore/MODLAUNCHER]: Adding transformer net.minecraftforge.coremod.transformer.CoreModClassTransformer@290e8cab to Target : CLASS {Lnet/minecraft/world/level/levelgen/PatrolSpawner;} {} {V}
[27Oct2025 16:28:47.562] [main/DEBUG] [cpw.mods.modlauncher.TransformationServiceDecorator/MODLAUNCHER]: Initialized transformers for transformation service fml
[27Oct2025 16:28:48.556] [main/DEBUG] [mixin/]: Processing prepare() for PlatformAgent[MixinPlatformAgentDefault:ModLauncher Root Container(ModLauncher:4f56a0a2)]
[27Oct2025 16:28:48.556] [main/DEBUG] [mixin/]: Processing launch tasks for PlatformAgent[MixinPlatformAgentDefault:ModLauncher Root Container(ModLauncher:4f56a0a2)]
[27Oct2025 16:28:48.556] [main/DEBUG] [mixin/]: Adding mixin platform agents for container SecureJarResource(minecraft)
[27Oct2025 16:28:48.556] [main/DEBUG] [mixin/]: Instancing new MixinPlatformAgentMinecraftForge for SecureJarResource(minecraft)
[27Oct2025 16:28:48.556] [main/DEBUG] [mixin/]: MixinPlatformAgentMinecraftForge rejected container SecureJarResource(minecraft)
[27Oct2025 16:28:48.556] [main/DEBUG] [mixin/]: Instancing new MixinPlatformAgentDefault for SecureJarResource(minecraft)
[27Oct2025 16:28:48.557] [main/DEBUG] [mixin/]: MixinPlatformAgentDefault accepted container SecureJarResource(minecraft)
[27Oct2025 16:28:48.557] [main/DEBUG] [mixin/]: Processing prepare() for PlatformAgent[MixinPlatformAgentDefault:SecureJarResource(minecraft)]
[27Oct2025 16:28:48.557] [main/DEBUG] [mixin/]: Adding mixin platform agents for container SecureJarResource(smoothchunk)
[27Oct2025 16:28:48.557] [main/DEBUG] [mixin/]: Instancing new MixinPlatformAgentMinecraftForge for SecureJarResource(smoothchunk)
[27Oct2025 16:28:48.557] [main/DEBUG] [mixin/]: MixinPlatformAgentMinecraftForge rejected container SecureJarResource(smoothchunk)
[27Oct2025 16:28:48.557] [main/DEBUG] [mixin/]: Instancing new MixinPlatformAgentDefault for SecureJarResource(smoothchunk)
[27Oct2025 16:28:48.557] [main/DEBUG] [mixin/]: MixinPlatformAgentDefault accepted container SecureJarResource(smoothchunk)
[27Oct2025 16:28:48.557] [main/DEBUG] [mixin/]: Processing prepare() for PlatformAgent[MixinPlatformAgentDefault:SecureJarResource(smoothchunk)]
[27Oct2025 16:28:48.557] [main/DEBUG] [mixin/]: Registering mixin config: smoothchunk.mixins.json
[27Oct2025 16:28:48.580] [main/DEBUG] [mixin/]: Compatibility level JAVA_17 specified by smoothchunk.mixins.json is higher than the maximum level supported by this version of mixin (JAVA_13).
[27Oct2025 16:28:48.584] [main/INFO] [mixin/]: Compatibility level set to JAVA_17
[27Oct2025 16:28:48.585] [main/DEBUG] [mixin/]: Adding mixin platform agents for container SecureJarResource(cuffed)
[27Oct2025 16:28:48.585] [main/DEBUG] [mixin/]: Instancing new MixinPlatformAgentMinecraftForge for SecureJarResource(cuffed)
[27Oct2025 16:28:48.586] [main/DEBUG] [mixin/]: MixinPlatformAgentMinecraftForge rejected container SecureJarResource(cuffed)
[27Oct2025 16:28:48.586] [main/DEBUG] [mixin/]: Instancing new MixinPlatformAgentDefault for SecureJarResource(cuffed)
[27Oct2025 16:28:48.586] [main/DEBUG] [mixin/]: MixinPlatformAgentDefault accepted container SecureJarResource(cuffed)
[27Oct2025 16:28:48.586] [main/DEBUG] [mixin/]: Processing prepare() for PlatformAgent[MixinPlatformAgentDefault:SecureJarResource(cuffed)]
[27Oct2025 16:28:48.587] [main/DEBUG] [mixin/]: Registering mixin config: mixins.cuffed.json
[27Oct2025 16:28:48.589] [main/DEBUG] [mixin/]: Adding mixin platform agents for container SecureJarResource(eyemod)
[27Oct2025 16:28:48.591] [main/DEBUG] [mixin/]: Instancing new MixinPlatformAgentMinecraftForge for SecureJarResource(eyemod)
[27Oct2025 16:28:48.591] [main/DEBUG] [mixin/]: MixinPlatformAgentMinecraftForge rejected container SecureJarResource(eyemod)
[27Oct2025 16:28:48.592] [main/DEBUG] [mixin/]: Instancing new MixinPlatformAgentDefault for SecureJarResource(eyemod)
[27Oct2025 16:28:48.592] [main/DEBUG] [mixin/]: MixinPlatformAgentDefault accepted container SecureJarResource(eyemod)
[27Oct2025 16:28:48.592] [main/DEBUG] [mixin/]: Processing prepare() for PlatformAgent[MixinPlatformAgentDefault:SecureJarResource(eyemod)]
[27Oct2025 16:28:48.592] [main/DEBUG] [mixin/]: Adding mixin platform agents for container SecureJarResource(bh)
[27Oct2025 16:28:48.593] [main/DEBUG] [mixin/]: Instancing new MixinPlatformAgentMinecraftForge for SecureJarResource(bh)
[27Oct2025 16:28:48.593] [main/DEBUG] [mixin/]: MixinPlatformAgentMinecraftForge rejected container SecureJarResource(bh)
[27Oct2025 16:28:48.593] [main/DEBUG] [mixin/]: Instancing new MixinPlatformAgentDefault for SecureJarResource(bh)
[27Oct2025 16:28:48.593] [main/DEBUG] [mixin/]: MixinPlatformAgentDefault accepted container SecureJarResource(bh)
[27Oct2025 16:28:48.593] [main/DEBUG] [mixin/]: Processing prepare() for PlatformAgent[MixinPlatformAgentDefault:SecureJarResource(bh)]
[27Oct2025 16:28:48.593] [main/DEBUG] [mixin/]: Adding mixin platform agents for container SecureJarResource(geckolib)
[27Oct2025 16:28:48.593] [main/DEBUG] [mixin/]: Instancing new MixinPlatformAgentMinecraftForge for SecureJarResource(geckolib)
[27Oct2025 16:28:48.593] [main/DEBUG] [mixin/]: MixinPlatformAgentMinecraftForge rejected container SecureJarResource(geckolib)
[27Oct2025 16:28:48.593] [main/DEBUG] [mixin/]: Instancing new MixinPlatformAgentDefault for SecureJarResource(geckolib)
[27Oct2025 16:28:48.593] [main/DEBUG] [mixin/]: MixinPlatformAgentDefault accepted container SecureJarResource(geckolib)
[27Oct2025 16:28:48.593] [main/DEBUG] [mixin/]: Processing prepare() for PlatformAgent[MixinPlatformAgentDefault:SecureJarResource(geckolib)]
[27Oct2025 16:28:48.593] [main/DEBUG] [mixin/]: Registering mixin config: geckolib.mixins.json
[27Oct2025 16:28:48.597] [main/DEBUG] [mixin/]: Adding mixin platform agents for container SecureJarResource(culllessleaves)
[27Oct2025 16:28:48.598] [main/DEBUG] [mixin/]: Instancing new MixinPlatformAgentMinecraftForge for SecureJarResource(culllessleaves)
[27Oct2025 16:28:48.598] [main/DEBUG] [mixin/]: MixinPlatformAgentMinecraftForge rejected container SecureJarResource(culllessleaves)
[27Oct2025 16:28:48.599] [main/DEBUG] [mixin/]: Instancing new MixinPlatformAgentDefault for SecureJarResource(culllessleaves)
[27Oct2025 16:28:48.599] [main/DEBUG] [mixin/]: MixinPlatformAgentDefault accepted container SecureJarResource(culllessleaves)
[27Oct2025 16:28:48.600] [main/DEBUG] [mixin/]: Processing prepare() for PlatformAgent[MixinPlatformAgentDefault:SecureJarResource(culllessleaves)]
[27Oct2025 16:28:48.600] [main/DEBUG] [mixin/]: Registering mixin config: cull-less-leaves.mixins.json
[27Oct2025 16:28:48.603] [main/DEBUG] [mixin/]: Adding mixin platform agents for container SecureJarResource(creativecore)
[27Oct2025 16:28:48.603] [main/DEBUG] [mixin/]: Instancing new MixinPlatformAgentMinecraftForge for SecureJarResource(creativecore)
[27Oct2025 16:28:48.603] [main/DEBUG] [mixin/]: MixinPlatformAgentMinecraftForge rejected container SecureJarResource(creativecore)
[27Oct2025 16:28:48.604] [main/DEBUG] [mixin/]: Instancing new MixinPlatformAgentDefault for SecureJarResource(creativecore)
[27Oct2025 16:28:48.604] [main/DEBUG] [mixin/]: MixinPlatformAgentDefault accepted container SecureJarResource(creativecore)
[27Oct2025 16:28:48.604] [main/DEBUG] [mixin/]: Processing prepare() for PlatformAgent[MixinPlatformAgentDefault:SecureJarResource(creativecore)]
[27Oct2025 16:28:48.604] [main/DEBUG] [mixin/]: Registering mixin config: creativecore.mixins.json
[27Oct2025 16:28:48.606] [main/DEBUG] [mixin/]: Registering mixin config: creativecore.forge.mixins.json
[27Oct2025 16:28:48.608] [main/DEBUG] [mixin/]: Adding mixin platform agents for container SecureJarResource(locks)
[27Oct2025 16:28:48.608] [main/DEBUG] [mixin/]: Instancing new MixinPlatformAgentMinecraftForge for SecureJarResource(locks)
[27Oct2025 16:28:48.608] [main/DEBUG] [mixin/]: MixinPlatformAgentMinecraftForge rejected container SecureJarResource(locks)
[27Oct2025 16:28:48.609] [main/DEBUG] [mixin/]: Instancing new MixinPlatformAgentDefault for SecureJarResource(locks)
[27Oct2025 16:28:48.609] [main/DEBUG] [mixin/]: MixinPlatformAgentDefault accepted container SecureJarResource(locks)
[27Oct2025 16:28:48.609] [main/DEBUG] [mixin/]: Processing prepare() for PlatformAgent[MixinPlatformAgentDefault:SecureJarResource(locks)]
[27Oct2025 16:28:48.609] [main/DEBUG] [mixin/]: Registering mixin config: locks.mixins.json
[27Oct2025 16:28:48.612] [main/DEBUG] [mixin/]: Adding mixin platform agents for container SecureJarResource(jeg)
[27Oct2025 16:28:48.612] [main/DEBUG] [mixin/]: Instancing new MixinPlatformAgentMinecraftForge for SecureJarResource(jeg)
[27Oct2025 16:28:48.612] [main/DEBUG] [mixin/]: MixinPlatformAgentMinecraftForge rejected container SecureJarResource(jeg)
[27Oct2025 16:28:48.612] [main/DEBUG] [mixin/]: Instancing new MixinPlatformAgentDefault for SecureJarResource(jeg)
[27Oct2025 16:28:48.612] [main/DEBUG] [mixin/]: MixinPlatformAgentDefault accepted container SecureJarResource(jeg)
[27Oct2025 16:28:48.612] [main/DEBUG] [mixin/]: Processing prepare() for PlatformAgent[MixinPlatformAgentDefault:SecureJarResource(jeg)]
[27Oct2025 16:28:48.612] [main/DEBUG] [mixin/]: Registering mixin config: jeg.mixins.json
[27Oct2025 16:28:48.614] [main/DEBUG] [mixin/]: Compatibility level JAVA_8 specified by jeg.mixins.json is lower than the default level supported by the current mixin service (JAVA_16).
[27Oct2025 16:28:48.616] [main/DEBUG] [mixin/]: Adding mixin platform agents for container SecureJarResource(itemproductionlib)
[27Oct2025 16:28:48.617] [main/DEBUG] [mixin/]: Instancing new MixinPlatformAgentMinecraftForge for SecureJarResource(itemproductionlib)
[27Oct2025 16:28:48.617] [main/DEBUG] [mixin/]: MixinPlatformAgentMinecraftForge rejected container SecureJarResource(itemproductionlib)
[27Oct2025 16:28:48.617] [main/DEBUG] [mixin/]: Instancing new MixinPlatformAgentDefault for SecureJarResource(itemproductionlib)
[27Oct2025 16:28:48.617] [main/DEBUG] [mixin/]: MixinPlatformAgentDefault accepted container SecureJarResource(itemproductionlib)
[27Oct2025 16:28:48.617] [main/DEBUG] [mixin/]: Processing prepare() for PlatformAgent[MixinPlatformAgentDefault:SecureJarResource(itemproductionlib)]
[27Oct2025 16:28:48.617] [main/DEBUG] [mixin/]: Registering mixin config: itemproductionlib.mixins.json
[27Oct2025 16:28:48.619] [main/DEBUG] [mixin/]: Adding mixin platform agents for container SecureJarResource(fcl)
[27Oct2025 16:28:48.619] [main/DEBUG] [mixin/]: Instancing new MixinPlatformAgentMinecraftForge for SecureJarResource(fcl)
[27Oct2025 16:28:48.619] [main/DEBUG] [mixin/]: MixinPlatformAgentMinecraftForge rejected container SecureJarResource(fcl)
[27Oct2025 16:28:48.620] [main/DEBUG] [mixin/]: Instancing new MixinPlatformAgentDefault for SecureJarResource(fcl)
[27Oct2025 16:28:48.620] [main/DEBUG] [mixin/]: MixinPlatformAgentDefault accepted container SecureJarResource(fcl)
[27Oct2025 16:28:48.620] [main/DEBUG] [mixin/]: Processing prepare() for PlatformAgent[MixinPlatformAgentDefault:SecureJarResource(fcl)]
[27Oct2025 16:28:48.620] [main/DEBUG] [mixin/]: Registering mixin config: fcl.mixins.json
[27Oct2025 16:28:48.622] [main/ERROR] [mixin/]: Mixin config fcl.mixins.json does not specify "minVersion" property
[27Oct2025 16:28:48.622] [main/DEBUG] [mixin/]: Adding mixin platform agents for container SecureJarResource(attributefix)
[27Oct2025 16:28:48.622] [main/DEBUG] [mixin/]: Instancing new MixinPlatformAgentMinecraftForge for SecureJarResource(attributefix)
[27Oct2025 16:28:48.622] [main/DEBUG] [mixin/]: MixinPlatformAgentMinecraftForge rejected container SecureJarResource(attributefix)
[27Oct2025 16:28:48.622] [main/DEBUG] [mixin/]: Instancing new MixinPlatformAgentDefault for SecureJarResource(attributefix)
[27Oct2025 16:28:48.623] [main/DEBUG] [mixin/]: MixinPlatformAgentDefault accepted container SecureJarResource(attributefix)
[27Oct2025 16:28:48.623] [main/DEBUG] [mixin/]: Processing prepare() for PlatformAgent[MixinPlatformAgentDefault:SecureJarResource(attributefix)]
[27Oct2025 16:28:48.623] [main/DEBUG] [mixin/]: Registering mixin config: attributefix.mixins.json
[27Oct2025 16:28:48.624] [main/DEBUG] [mixin/]: Adding mixin platform agents for container SecureJarResource(faz_roleplay_plus)
[27Oct2025 16:28:48.624] [main/DEBUG] [mixin/]: Instancing new MixinPlatformAgentMinecraftForge for SecureJarResource(faz_roleplay_plus)
[27Oct2025 16:28:48.625] [main/DEBUG] [mixin/]: MixinPlatformAgentMinecraftForge rejected container SecureJarResource(faz_roleplay_plus)
[27Oct2025 16:28:48.626] [main/DEBUG] [mixin/]: Instancing new MixinPlatformAgentDefault for SecureJarResource(faz_roleplay_plus)
[27Oct2025 16:28:48.626] [main/DEBUG] [mixin/]: MixinPlatformAgentDefault accepted container SecureJarResource(faz_roleplay_plus)
[27Oct2025 16:28:48.626] [main/DEBUG] [mixin/]: Processing prepare() for PlatformAgent[MixinPlatformAgentDefault:SecureJarResource(faz_roleplay_plus)]
[27Oct2025 16:28:48.626] [main/DEBUG] [mixin/]: Adding mixin platform agents for container SecureJarResource(connectivity)
[27Oct2025 16:28:48.626] [main/DEBUG] [mixin/]: Instancing new MixinPlatformAgentMinecraftForge for SecureJarResource(connectivity)
[27Oct2025 16:28:48.626] [main/DEBUG] [mixin/]: MixinPlatformAgentMinecraftForge rejected container SecureJarResource(connectivity)
[27Oct2025 16:28:48.627] [main/DEBUG] [mixin/]: Instancing new MixinPlatformAgentDefault for SecureJarResource(connectivity)
[27Oct2025 16:28:48.627] [main/DEBUG] [mixin/]: MixinPlatformAgentDefault accepted container SecureJarResource(connectivity)
[27Oct2025 16:28:48.627] [main/DEBUG] [mixin/]: Processing prepare() for PlatformAgent[MixinPlatformAgentDefault:SecureJarResource(connectivity)]
[27Oct2025 16:28:48.627] [main/DEBUG] [mixin/]: Registering mixin config: connectivity.mixins.json
[27Oct2025 16:28:48.629] [main/DEBUG] [mixin/]: Adding mixin platform agents for container SecureJarResource(casinocraft)
[27Oct2025 16:28:48.629] [main/DEBUG] [mixin/]: Instancing new MixinPlatformAgentMinecraftForge for SecureJarResource(casinocraft)
[27Oct2025 16:28:48.629] [main/DEBUG] [mixin/]: MixinPlatformAgentMinecraftForge rejected container SecureJarResource(casinocraft)
[27Oct2025 16:28:48.629] [main/DEBUG] [mixin/]: Instancing new MixinPlatformAgentDefault for SecureJarResource(casinocraft)
[27Oct2025 16:28:48.629] [main/DEBUG] [mixin/]: MixinPlatformAgentDefault accepted container SecureJarResource(casinocraft)
[27Oct2025 16:28:48.629] [main/DEBUG] [mixin/]: Processing prepare() for PlatformAgent[MixinPlatformAgentDefault:SecureJarResource(casinocraft)]
[27Oct2025 16:28:48.629] [main/DEBUG] [mixin/]: Adding mixin platform agents for container SecureJarResource(betterfpsdist)
[27Oct2025 16:28:48.629] [main/DEBUG] [mixin/]: Instancing new MixinPlatformAgentMinecraftForge for SecureJarResource(betterfpsdist)
[27Oct2025 16:28:48.629] [main/DEBUG] [mixin/]: MixinPlatformAgentMinecraftForge rejected container SecureJarResource(betterfpsdist)
[27Oct2025 16:28:48.629] [main/DEBUG] [mixin/]: Instancing new MixinPlatformAgentDefault for SecureJarResource(betterfpsdist)
[27Oct2025 16:28:48.630] [main/DEBUG] [mixin/]: MixinPlatformAgentDefault accepted container SecureJarResource(betterfpsdist)
[27Oct2025 16:28:48.630] [main/DEBUG] [mixin/]: Processing prepare() for PlatformAgent[MixinPlatformAgentDefault:SecureJarResource(betterfpsdist)]
[27Oct2025 16:28:48.630] [main/DEBUG] [mixin/]: Registering mixin config: betterfpsdist.mixins.json
[27Oct2025 16:28:48.633] [main/DEBUG] [mixin/]: Adding mixin platform agents for container SecureJarResource(saros__money_mod)
[27Oct2025 16:28:48.634] [main/DEBUG] [mixin/]: Instancing new MixinPlatformAgentMinecraftForge for SecureJarResource(saros__money_mod)
[27Oct2025 16:28:48.634] [main/DEBUG] [mixin/]: MixinPlatformAgentMinecraftForge rejected container SecureJarResource(saros__money_mod)
[27Oct2025 16:28:48.634] [main/DEBUG] [mixin/]: Instancing new MixinPlatformAgentDefault for SecureJarResource(saros__money_mod)
[27Oct2025 16:28:48.634] [main/DEBUG] [mixin/]: MixinPlatformAgentDefault accepted container SecureJarResource(saros__money_mod)
[27Oct2025 16:28:48.634] [main/DEBUG] [mixin/]: Processing prepare() for PlatformAgent[MixinPlatformAgentDefault:SecureJarResource(saros__money_mod)]
[27Oct2025 16:28:48.634] [main/DEBUG] [mixin/]: Adding mixin platform agents for container SecureJarResource(curios)
[27Oct2025 16:28:48.635] [main/DEBUG] [mixin/]: Instancing new MixinPlatformAgentMinecraftForge for SecureJarResource(curios)
[27Oct2025 16:28:48.635] [main/DEBUG] [mixin/]: MixinPlatformAgentMinecraftForge rejected container SecureJarResource(curios)
[27Oct2025 16:28:48.635] [main/DEBUG] [mixin/]: Instancing new MixinPlatformAgentDefault for SecureJarResource(curios)
[27Oct2025 16:28:48.635] [main/DEBUG] [mixin/]: MixinPlatformAgentDefault accepted container SecureJarResource(curios)
[27Oct2025 16:28:48.635] [main/DEBUG] [mixin/]: Processing prepare() for PlatformAgent[MixinPlatformAgentDefault:SecureJarResource(curios)]
[27Oct2025 16:28:48.636] [main/DEBUG] [mixin/]: Registering mixin config: curios.mixins.json
[27Oct2025 16:28:48.638] [main/DEBUG] [mixin/]: Adding mixin platform agents for container SecureJarResource(lexiconfig)
[27Oct2025 16:28:48.638] [main/DEBUG] [mixin/]: Instancing new MixinPlatformAgentMinecraftForge for SecureJarResource(lexiconfig)
[27Oct2025 16:28:48.638] [main/DEBUG] [mixin/]: MixinPlatformAgentMinecraftForge rejected container SecureJarResource(lexiconfig)
[27Oct2025 16:28:48.638] [main/DEBUG] [mixin/]: Instancing new MixinPlatformAgentDefault for SecureJarResource(lexiconfig)
[27Oct2025 16:28:48.638] [main/DEBUG] [mixin/]: MixinPlatformAgentDefault accepted container SecureJarResource(lexiconfig)
[27Oct2025 16:28:48.638] [main/DEBUG] [mixin/]: Processing prepare() for PlatformAgent[MixinPlatformAgentDefault:SecureJarResource(lexiconfig)]
[27Oct2025 16:28:48.639] [main/DEBUG] [mixin/]: Registering mixin config: lexiconfig.mixins.json
[27Oct2025 16:28:48.642] [main/DEBUG] [mixin/]: Registering mixin config: lexiconfig.forge.mixins.json
[27Oct2025 16:28:48.648] [main/DEBUG] [mixin/]: Adding mixin platform agents for container SecureJarResource(modernfurniture)
[27Oct2025 16:28:48.648] [main/DEBUG] [mixin/]: Instancing new MixinPlatformAgentMinecraftForge for SecureJarResource(modernfurniture)
[27Oct2025 16:28:48.648] [main/DEBUG] [mixin/]: MixinPlatformAgentMinecraftForge rejected container SecureJarResource(modernfurniture)
[27Oct2025 16:28:48.648] [main/DEBUG] [mixin/]: Instancing new MixinPlatformAgentDefault for SecureJarResource(modernfurniture)
[27Oct2025 16:28:48.648] [main/DEBUG] [mixin/]: MixinPlatformAgentDefault accepted container SecureJarResource(modernfurniture)
[27Oct2025 16:28:48.648] [main/DEBUG] [mixin/]: Processing prepare() for PlatformAgent[MixinPlatformAgentDefault:SecureJarResource(modernfurniture)]
[27Oct2025 16:28:48.648] [main/DEBUG] [mixin/]: Adding mixin platform agents for container SecureJarResource(camera)
[27Oct2025 16:28:48.648] [main/DEBUG] [mixin/]: Instancing new MixinPlatformAgentMinecraftForge for SecureJarResource(camera)
[27Oct2025 16:28:48.648] [main/DEBUG] [mixin/]: MixinPlatformAgentMinecraftForge rejected container SecureJarResource(camera)
[27Oct2025 16:28:48.648] [main/DEBUG] [mixin/]: Instancing new MixinPlatformAgentDefault for SecureJarResource(camera)
[27Oct2025 16:28:48.648] [main/DEBUG] [mixin/]: MixinPlatformAgentDefault accepted container SecureJarResource(camera)
[27Oct2025 16:28:48.648] [main/DEBUG] [mixin/]: Processing prepare() for PlatformAgent[MixinPlatformAgentDefault:SecureJarResource(camera)]
[27Oct2025 16:28:48.648] [main/DEBUG] [mixin/]: Adding mixin platform agents for container SecureJarResource(modernfix)
[27Oct2025 16:28:48.649] [main/DEBUG] [mixin/]: Instancing new MixinPlatformAgentMinecraftForge for SecureJarResource(modernfix)
[27Oct2025 16:28:48.649] [main/DEBUG] [mixin/]: MixinPlatformAgentMinecraftForge rejected container SecureJarResource(modernfix)
[27Oct2025 16:28:48.649] [main/DEBUG] [mixin/]: Instancing new MixinPlatformAgentDefault for SecureJarResource(modernfix)
[27Oct2025 16:28:48.649] [main/DEBUG] [mixin/]: MixinPlatformAgentDefault accepted container SecureJarResource(modernfix)
[27Oct2025 16:28:48.649] [main/DEBUG] [mixin/]: Processing prepare() for PlatformAgent[MixinPlatformAgentDefault:SecureJarResource(modernfix)]
[27Oct2025 16:28:48.649] [main/DEBUG] [mixin/]: Registering mixin config: modernfix-common.mixins.json
[27Oct2025 16:28:48.652] [main/DEBUG] [mixin/]: Registering mixin config: modernfix-forge.mixins.json
[27Oct2025 16:28:48.654] [main/DEBUG] [mixin/]: Adding mixin platform agents for container SecureJarResource(brcc)
[27Oct2025 16:28:48.656] [main/DEBUG] [mixin/]: Instancing new MixinPlatformAgentMinecraftForge for SecureJarResource(brcc)
[27Oct2025 16:28:48.656] [main/DEBUG] [mixin/]: MixinPlatformAgentMinecraftForge rejected container SecureJarResource(brcc)
[27Oct2025 16:28:48.657] [main/DEBUG] [mixin/]: Instancing new MixinPlatformAgentDefault for SecureJarResource(brcc)
[27Oct2025 16:28:48.657] [main/DEBUG] [mixin/]: MixinPlatformAgentDefault accepted container SecureJarResource(brcc)
[27Oct2025 16:28:48.657] [main/DEBUG] [mixin/]: Processing prepare() for PlatformAgent[MixinPlatformAgentDefault:SecureJarResource(brcc)]
[27Oct2025 16:28:48.657] [main/DEBUG] [mixin/]: Adding mixin platform agents for container SecureJarResource(inv_view_forge)
[27Oct2025 16:28:48.657] [main/DEBUG] [mixin/]: Instancing new MixinPlatformAgentMinecraftForge for SecureJarResource(inv_view_forge)
[27Oct2025 16:28:48.657] [main/DEBUG] [mixin/]: MixinPlatformAgentMinecraftForge rejected container SecureJarResource(inv_view_forge)
[27Oct2025 16:28:48.657] [main/DEBUG] [mixin/]: Instancing new MixinPlatformAgentDefault for SecureJarResource(inv_view_forge)
[27Oct2025 16:28:48.657] [main/DEBUG] [mixin/]: MixinPlatformAgentDefault accepted container SecureJarResource(inv_view_forge)
[27Oct2025 16:28:48.657] [main/DEBUG] [mixin/]: Processing prepare() for PlatformAgent[MixinPlatformAgentDefault:SecureJarResource(inv_view_forge)]
[27Oct2025 16:28:48.657] [main/DEBUG] [mixin/]: Adding mixin platform agents for container SecureJarResource(mixinextras)
[27Oct2025 16:28:48.657] [main/DEBUG] [mixin/]: Instancing new MixinPlatformAgentMinecraftForge for SecureJarResource(mixinextras)
[27Oct2025 16:28:48.657] [main/DEBUG] [mixin/]: MixinPlatformAgentMinecraftForge rejected container SecureJarResource(mixinextras)
[27Oct2025 16:28:48.657] [main/DEBUG] [mixin/]: Instancing new MixinPlatformAgentDefault for SecureJarResource(mixinextras)
[27Oct2025 16:28:48.657] [main/DEBUG] [mixin/]: MixinPlatformAgentDefault accepted container SecureJarResource(mixinextras)
[27Oct2025 16:28:48.660] [main/DEBUG] [mixin/]: Processing prepare() for PlatformAgent[MixinPlatformAgentDefault:SecureJarResource(mixinextras)]
[27Oct2025 16:28:48.661] [main/DEBUG] [mixin/]: Registering mixin config: mixinextras.init.mixins.json
[27Oct2025 16:28:48.662] [main/DEBUG] [mixin/]: Adding mixin platform agents for container SecureJarResource(lucky77)
[27Oct2025 16:28:48.662] [main/DEBUG] [mixin/]: Instancing new MixinPlatformAgentMinecraftForge for SecureJarResource(lucky77)
[27Oct2025 16:28:48.663] [main/DEBUG] [mixin/]: MixinPlatformAgentMinecraftForge rejected container SecureJarResource(lucky77)
[27Oct2025 16:28:48.665] [main/DEBUG] [mixin/]: Instancing new MixinPlatformAgentDefault for SecureJarResource(lucky77)
[27Oct2025 16:28:48.666] [main/DEBUG] [mixin/]: MixinPlatformAgentDefault accepted container SecureJarResource(lucky77)
[27Oct2025 16:28:48.666] [main/DEBUG] [mixin/]: Processing prepare() for PlatformAgent[MixinPlatformAgentDefault:SecureJarResource(lucky77)]
[27Oct2025 16:28:48.666] [main/DEBUG] [mixin/]: Adding mixin platform agents for container SecureJarResource(devices)
[27Oct2025 16:28:48.666] [main/DEBUG] [mixin/]: Instancing new MixinPlatformAgentMinecraftForge for SecureJarResource(devices)
[27Oct2025 16:28:48.666] [main/DEBUG] [mixin/]: MixinPlatformAgentMinecraftForge rejected container SecureJarResource(devices)
[27Oct2025 16:28:48.666] [main/DEBUG] [mixin/]: Instancing new MixinPlatformAgentDefault for SecureJarResource(devices)
[27Oct2025 16:28:48.667] [main/DEBUG] [mixin/]: MixinPlatformAgentDefault accepted container SecureJarResource(devices)
[27Oct2025 16:28:48.667] [main/DEBUG] [mixin/]: Processing prepare() for PlatformAgent[MixinPlatformAgentDefault:SecureJarResource(devices)]
[27Oct2025 16:28:48.667] [main/DEBUG] [mixin/]: Adding mixin platform agents for container SecureJarResource(bookshelf)
[27Oct2025 16:28:48.667] [main/DEBUG] [mixin/]: Instancing new MixinPlatformAgentMinecraftForge for SecureJarResource(bookshelf)
[27Oct2025 16:28:48.667] [main/DEBUG] [mixin/]: MixinPlatformAgentMinecraftForge rejected container SecureJarResource(bookshelf)
[27Oct2025 16:28:48.668] [main/DEBUG] [mixin/]: Instancing new MixinPlatformAgentDefault for SecureJarResource(bookshelf)
[27Oct2025 16:28:48.668] [main/DEBUG] [mixin/]: MixinPlatformAgentDefault accepted container SecureJarResource(bookshelf)
[27Oct2025 16:28:48.668] [main/DEBUG] [mixin/]: Processing prepare() for PlatformAgent[MixinPlatformAgentDefault:SecureJarResource(bookshelf)]
[27Oct2025 16:28:48.668] [main/DEBUG] [mixin/]: Registering mixin config: bookshelf.common.mixins.json
[27Oct2025 16:28:48.670] [main/DEBUG] [mixin/]: Registering mixin config: bookshelf.forge.mixins.json
[27Oct2025 16:28:48.672] [main/DEBUG] [mixin/]: Adding mixin platform agents for container SecureJarResource(customnpcs)
[27Oct2025 16:28:48.672] [main/DEBUG] [mixin/]: Instancing new MixinPlatformAgentMinecraftForge for SecureJarResource(customnpcs)
[27Oct2025 16:28:48.672] [main/DEBUG] [mixin/]: MixinPlatformAgentMinecraftForge rejected container SecureJarResource(customnpcs)
[27Oct2025 16:28:48.672] [main/DEBUG] [mixin/]: Instancing new MixinPlatformAgentDefault for SecureJarResource(customnpcs)
[27Oct2025 16:28:48.673] [main/DEBUG] [mixin/]: MixinPlatformAgentDefault accepted container SecureJarResource(customnpcs)
[27Oct2025 16:28:48.673] [main/DEBUG] [mixin/]: Processing prepare() for PlatformAgent[MixinPlatformAgentDefault:SecureJarResource(customnpcs)]
[27Oct2025 16:28:48.673] [main/DEBUG] [mixin/]: Registering mixin config: customnpcs.mixins.json
[27Oct2025 16:28:48.675] [main/DEBUG] [mixin/]: Adding mixin platform agents for container SecureJarResource(starlight)
[27Oct2025 16:28:48.675] [main/DEBUG] [mixin/]: Instancing new MixinPlatformAgentMinecraftForge for SecureJarResource(starlight)
[27Oct2025 16:28:48.675] [main/DEBUG] [mixin/]: MixinPlatformAgentMinecraftForge rejected container SecureJarResource(starlight)
[27Oct2025 16:28:48.675] [main/DEBUG] [mixin/]: Instancing new MixinPlatformAgentDefault for SecureJarResource(starlight)
[27Oct2025 16:28:48.676] [main/DEBUG] [mixin/]: MixinPlatformAgentDefault accepted container SecureJarResource(starlight)
[27Oct2025 16:28:48.676] [main/DEBUG] [mixin/]: Processing prepare() for PlatformAgent[MixinPlatformAgentDefault:SecureJarResource(starlight)]
[27Oct2025 16:28:48.676] [main/DEBUG] [mixin/]: Registering mixin config: starlight.mixins.json
[27Oct2025 16:28:48.677] [main/DEBUG] [mixin/]: Adding mixin platform agents for container SecureJarResource(architectury)
[27Oct2025 16:28:48.678] [main/DEBUG] [mixin/]: Instancing new MixinPlatformAgentMinecraftForge for SecureJarResource(architectury)
[27Oct2025 16:28:48.678] [main/DEBUG] [mixin/]: MixinPlatformAgentMinecraftForge rejected container SecureJarResource(architectury)
[27Oct2025 16:28:48.678] [main/DEBUG] [mixin/]: Instancing new MixinPlatformAgentDefault for SecureJarResource(architectury)
[27Oct2025 16:28:48.678] [main/DEBUG] [mixin/]: MixinPlatformAgentDefault accepted container SecureJarResource(architectury)
[27Oct2025 16:28:48.678] [main/DEBUG] [mixin/]: Processing prepare() for PlatformAgent[MixinPlatformAgentDefault:SecureJarResource(architectury)]
[27Oct2025 16:28:48.678] [main/DEBUG] [mixin/]: Registering mixin config: architectury.mixins.json
[27Oct2025 16:28:48.680] [main/DEBUG] [mixin/]: Compatibility level JAVA_16 specified by architectury.mixins.json is higher than the maximum level supported by this version of mixin (JAVA_13).
[27Oct2025 16:28:48.681] [main/DEBUG] [mixin/]: Registering mixin config: architectury-common.mixins.json
[27Oct2025 16:28:48.682] [main/DEBUG] [mixin/]: Compatibility level JAVA_16 specified by architectury-common.mixins.json is higher than the maximum level supported by this version of mixin (JAVA_13).
[27Oct2025 16:28:48.683] [main/DEBUG] [mixin/]: Adding mixin platform agents for container SecureJarResource(ftblibrary)
[27Oct2025 16:28:48.683] [main/DEBUG] [mixin/]: Instancing new MixinPlatformAgentMinecraftForge for SecureJarResource(ftblibrary)
[27Oct2025 16:28:48.683] [main/DEBUG] [mixin/]: MixinPlatformAgentMinecraftForge rejected container SecureJarResource(ftblibrary)
[27Oct2025 16:28:48.683] [main/DEBUG] [mixin/]: Instancing new MixinPlatformAgentDefault for SecureJarResource(ftblibrary)
[27Oct2025 16:28:48.684] [main/DEBUG] [mixin/]: MixinPlatformAgentDefault accepted container SecureJarResource(ftblibrary)
[27Oct2025 16:28:48.684] [main/DEBUG] [mixin/]: Processing prepare() for PlatformAgent[MixinPlatformAgentDefault:SecureJarResource(ftblibrary)]
[27Oct2025 16:28:48.684] [main/DEBUG] [mixin/]: Registering mixin config: ftblibrary-common.mixins.json
[27Oct2025 16:28:48.686] [main/DEBUG] [mixin/]: Compatibility level JAVA_8 specified by ftblibrary-common.mixins.json is lower than the default level supported by the current mixin service (JAVA_16).
[27Oct2025 16:28:48.688] [main/DEBUG] [mixin/]: Adding mixin platform agents for container SecureJarResource(ferritecore)
[27Oct2025 16:28:48.688] [main/DEBUG] [mixin/]: Instancing new MixinPlatformAgentMinecraftForge for SecureJarResource(ferritecore)
[27Oct2025 16:28:48.688] [main/DEBUG] [mixin/]: MixinPlatformAgentMinecraftForge rejected container SecureJarResource(ferritecore)
[27Oct2025 16:28:48.688] [main/DEBUG] [mixin/]: Instancing new MixinPlatformAgentDefault for SecureJarResource(ferritecore)
[27Oct2025 16:28:48.688] [main/DEBUG] [mixin/]: MixinPlatformAgentDefault accepted container SecureJarResource(ferritecore)
[27Oct2025 16:28:48.688] [main/DEBUG] [mixin/]: Processing prepare() for PlatformAgent[MixinPlatformAgentDefault:SecureJarResource(ferritecore)]
[27Oct2025 16:28:48.689] [main/DEBUG] [mixin/]: Registering mixin config: ferritecore.predicates.mixin.json
[27Oct2025 16:28:48.691] [main/DEBUG] [mixin/]: Registering mixin config: ferritecore.fastmap.mixin.json
[27Oct2025 16:28:48.692] [main/DEBUG] [mixin/]: Registering mixin config: ferritecore.mrl.mixin.json
[27Oct2025 16:28:48.694] [main/DEBUG] [mixin/]: Registering mixin config: ferritecore.dedupmultipart.mixin.json
[27Oct2025 16:28:48.696] [main/DEBUG] [mixin/]: Registering mixin config: ferritecore.blockstatecache.mixin.json
[27Oct2025 16:28:48.699] [main/DEBUG] [mixin/]: Registering mixin config: ferritecore.dedupbakedquad.mixin.json
[27Oct2025 16:28:48.700] [main/DEBUG] [mixin/]: Registering mixin config: ferritecore.threaddetec.mixin.json
[27Oct2025 16:28:48.702] [main/DEBUG] [mixin/]: Registering mixin config: ferritecore.modelsides.mixin.json
[27Oct2025 16:28:48.703] [main/DEBUG] [mixin/]: Adding mixin platform agents for container SecureJarResource(mts)
[27Oct2025 16:28:48.703] [main/DEBUG] [mixin/]: Instancing new MixinPlatformAgentMinecraftForge for SecureJarResource(mts)
[27Oct2025 16:28:48.703] [main/DEBUG] [mixin/]: MixinPlatformAgentMinecraftForge rejected container SecureJarResource(mts)
[27Oct2025 16:28:48.703] [main/DEBUG] [mixin/]: Instancing new MixinPlatformAgentDefault for SecureJarResource(mts)
[27Oct2025 16:28:48.703] [main/DEBUG] [mixin/]: MixinPlatformAgentDefault accepted container SecureJarResource(mts)
[27Oct2025 16:28:48.704] [main/DEBUG] [mixin/]: Processing prepare() for PlatformAgent[MixinPlatformAgentDefault:SecureJarResource(mts)]
[27Oct2025 16:28:48.704] [main/DEBUG] [mixin/]: Registering mixin config: mts.mixins.json
[27Oct2025 16:28:48.705] [main/DEBUG] [mixin/]: Adding mixin platform agents for container SecureJarResource(cupboard)
[27Oct2025 16:28:48.705] [main/DEBUG] [mixin/]: Instancing new MixinPlatformAgentMinecraftForge for SecureJarResource(cupboard)
[27Oct2025 16:28:48.706] [main/DEBUG] [mixin/]: MixinPlatformAgentMinecraftForge rejected container SecureJarResource(cupboard)
[27Oct2025 16:28:48.706] [main/DEBUG] [mixin/]: Instancing new MixinPlatformAgentDefault for SecureJarResource(cupboard)
[27Oct2025 16:28:48.706] [main/DEBUG] [mixin/]: MixinPlatformAgentDefault accepted container SecureJarResource(cupboard)
[27Oct2025 16:28:48.706] [main/DEBUG] [mixin/]: Processing prepare() for PlatformAgent[MixinPlatformAgentDefault:SecureJarResource(cupboard)]
[27Oct2025 16:28:48.706] [main/DEBUG] [mixin/]: Registering mixin config: cupboard.mixins.json
[27Oct2025 16:28:48.708] [main/DEBUG] [mixin/]: Adding mixin platform agents for container SecureJarResource(boxing_madness)
[27Oct2025 16:28:48.708] [main/DEBUG] [mixin/]: Instancing new MixinPlatformAgentMinecraftForge for SecureJarResource(boxing_madness)
[27Oct2025 16:28:48.708] [main/DEBUG] [mixin/]: MixinPlatformAgentMinecraftForge rejected container SecureJarResource(boxing_madness)
[27Oct2025 16:28:48.708] [main/DEBUG] [mixin/]: Instancing new MixinPlatformAgentDefault for SecureJarResource(boxing_madness)
[27Oct2025 16:28:48.708] [main/DEBUG] [mixin/]: MixinPlatformAgentDefault accepted container SecureJarResource(boxing_madness)
[27Oct2025 16:28:48.708] [main/DEBUG] [mixin/]: Processing prepare() for PlatformAgent[MixinPlatformAgentDefault:SecureJarResource(boxing_madness)]
[27Oct2025 16:28:48.708] [main/DEBUG] [mixin/]: Adding mixin platform agents for container SecureJarResource(saros_road_signs_mod)
[27Oct2025 16:28:48.708] [main/DEBUG] [mixin/]: Instancing new MixinPlatformAgentMinecraftForge for SecureJarResource(saros_road_signs_mod)
[27Oct2025 16:28:48.709] [main/DEBUG] [mixin/]: MixinPlatformAgentMinecraftForge rejected container SecureJarResource(saros_road_signs_mod)
[27Oct2025 16:28:48.709] [main/DEBUG] [mixin/]: Instancing new MixinPlatformAgentDefault for SecureJarResource(saros_road_signs_mod)
[27Oct2025 16:28:48.709] [main/DEBUG] [mixin/]: MixinPlatformAgentDefault accepted container SecureJarResource(saros_road_signs_mod)
[27Oct2025 16:28:48.709] [main/DEBUG] [mixin/]: Processing prepare() for PlatformAgent[MixinPlatformAgentDefault:SecureJarResource(saros_road_signs_mod)]
[27Oct2025 16:28:48.709] [main/DEBUG] [mixin/]: Adding mixin platform agents for container SecureJarResource(dtrch)
[27Oct2025 16:28:48.709] [main/DEBUG] [mixin/]: Instancing new MixinPlatformAgentMinecraftForge for SecureJarResource(dtrch)
[27Oct2025 16:28:48.709] [main/DEBUG] [mixin/]: MixinPlatformAgentMinecraftForge rejected container SecureJarResource(dtrch)
[27Oct2025 16:28:48.709] [main/DEBUG] [mixin/]: Instancing new MixinPlatformAgentDefault for SecureJarResource(dtrch)
[27Oct2025 16:28:48.709] [main/DEBUG] [mixin/]: MixinPlatformAgentDefault accepted container SecureJarResource(dtrch)
[27Oct2025 16:28:48.709] [main/DEBUG] [mixin/]: Processing prepare() for PlatformAgent[MixinPlatformAgentDefault:SecureJarResource(dtrch)]
[27Oct2025 16:28:48.709] [main/DEBUG] [mixin/]: Adding mixin platform agents for container SecureJarResource(saros_road_blocks_mod)
[27Oct2025 16:28:48.709] [main/DEBUG] [mixin/]: Instancing new MixinPlatformAgentMinecraftForge for SecureJarResource(saros_road_blocks_mod)
[27Oct2025 16:28:48.709] [main/DEBUG] [mixin/]: MixinPlatformAgentMinecraftForge rejected container SecureJarResource(saros_road_blocks_mod)
[27Oct2025 16:28:48.709] [main/DEBUG] [mixin/]: Instancing new MixinPlatformAgentDefault for SecureJarResource(saros_road_blocks_mod)
[27Oct2025 16:28:48.710] [main/DEBUG] [mixin/]: MixinPlatformAgentDefault accepted container SecureJarResource(saros_road_blocks_mod)
[27Oct2025 16:28:48.710] [main/DEBUG] [mixin/]: Processing prepare() for PlatformAgent[MixinPlatformAgentDefault:SecureJarResource(saros_road_blocks_mod)]
[27Oct2025 16:28:48.710] [main/DEBUG] [mixin/]: Adding mixin platform agents for container SecureJarResource(framework)
[27Oct2025 16:28:48.710] [main/DEBUG] [mixin/]: Instancing new MixinPlatformAgentMinecraftForge for SecureJarResource(framework)
[27Oct2025 16:28:48.710] [main/DEBUG] [mixin/]: MixinPlatformAgentMinecraftForge rejected container SecureJarResource(framework)
[27Oct2025 16:28:48.710] [main/DEBUG] [mixin/]: Instancing new MixinPlatformAgentDefault for SecureJarResource(framework)
[27Oct2025 16:28:48.710] [main/DEBUG] [mixin/]: MixinPlatformAgentDefault accepted container SecureJarResource(framework)
[27Oct2025 16:28:48.710] [main/DEBUG] [mixin/]: Processing prepare() for PlatformAgent[MixinPlatformAgentDefault:SecureJarResource(framework)]
[27Oct2025 16:28:48.710] [main/DEBUG] [mixin/]: Adding mixin platform agents for container SecureJarResource(forge)
[27Oct2025 16:28:48.710] [main/DEBUG] [mixin/]: Instancing new MixinPlatformAgentMinecraftForge for SecureJarResource(forge)
[27Oct2025 16:28:48.710] [main/DEBUG] [mixin/]: MixinPlatformAgentMinecraftForge rejected container SecureJarResource(forge)
[27Oct2025 16:28:48.710] [main/DEBUG] [mixin/]: Instancing new MixinPlatformAgentDefault for SecureJarResource(forge)
[27Oct2025 16:28:48.710] [main/DEBUG] [mixin/]: MixinPlatformAgentDefault accepted container SecureJarResource(forge)
[27Oct2025 16:28:48.710] [main/DEBUG] [mixin/]: Processing prepare() for PlatformAgent[MixinPlatformAgentDefault:SecureJarResource(forge)]
[27Oct2025 16:28:48.710] [main/DEBUG] [mixin/]: Adding mixin platform agents for container SecureJarResource(lazrslib)
[27Oct2025 16:28:48.710] [main/DEBUG] [mixin/]: Instancing new MixinPlatformAgentMinecraftForge for SecureJarResource(lazrslib)
[27Oct2025 16:28:48.710] [main/DEBUG] [mixin/]: MixinPlatformAgentMinecraftForge rejected container SecureJarResource(lazrslib)
[27Oct2025 16:28:48.711] [main/DEBUG] [mixin/]: Instancing new MixinPlatformAgentDefault for SecureJarResource(lazrslib)
[27Oct2025 16:28:48.711] [main/DEBUG] [mixin/]: MixinPlatformAgentDefault accepted container SecureJarResource(lazrslib)
[27Oct2025 16:28:48.711] [main/DEBUG] [mixin/]: Processing prepare() for PlatformAgent[MixinPlatformAgentDefault:SecureJarResource(lazrslib)]
[27Oct2025 16:28:48.711] [main/DEBUG] [mixin/]: Registering mixin config: mixins.lazrslib.json
[27Oct2025 16:28:48.712] [main/DEBUG] [mixin/]: Adding mixin platform agents for container SecureJarResource(playerrevive)
[27Oct2025 16:28:48.712] [main/DEBUG] [mixin/]: Instancing new MixinPlatformAgentMinecraftForge for SecureJarResource(playerrevive)
[27Oct2025 16:28:48.712] [main/DEBUG] [mixin/]: MixinPlatformAgentMinecraftForge rejected container SecureJarResource(playerrevive)
[27Oct2025 16:28:48.712] [main/DEBUG] [mixin/]: Instancing new MixinPlatformAgentDefault for SecureJarResource(playerrevive)
[27Oct2025 16:28:48.712] [main/DEBUG] [mixin/]: MixinPlatformAgentDefault accepted container SecureJarResource(playerrevive)
[27Oct2025 16:28:48.712] [main/DEBUG] [mixin/]: Processing prepare() for PlatformAgent[MixinPlatformAgentDefault:SecureJarResource(playerrevive)]
[27Oct2025 16:28:48.712] [main/DEBUG] [mixin/]: Registering mixin config: playerrevive.mixins.json
[27Oct2025 16:28:48.713] [main/DEBUG] [mixin/]: Adding mixin platform agents for container SecureJarResource(mclib)
[27Oct2025 16:28:48.713] [main/DEBUG] [mixin/]: Instancing new MixinPlatformAgentMinecraftForge for SecureJarResource(mclib)
[27Oct2025 16:28:48.713] [main/DEBUG] [mixin/]: MixinPlatformAgentMinecraftForge rejected container SecureJarResource(mclib)
[27Oct2025 16:28:48.714] [main/DEBUG] [mixin/]: Instancing new MixinPlatformAgentDefault for SecureJarResource(mclib)
[27Oct2025 16:28:48.714] [main/DEBUG] [mixin/]: MixinPlatformAgentDefault accepted container SecureJarResource(mclib)
[27Oct2025 16:28:48.714] [main/DEBUG] [mixin/]: Processing prepare() for PlatformAgent[MixinPlatformAgentDefault:SecureJarResource(mclib)]
[27Oct2025 16:28:48.714] [main/DEBUG] [mixin/]: Adding mixin platform agents for container SecureJarResource(MixinExtras)
[27Oct2025 16:28:48.714] [main/DEBUG] [mixin/]: Instancing new MixinPlatformAgentMinecraftForge for SecureJarResource(MixinExtras)
[27Oct2025 16:28:48.714] [main/DEBUG] [mixin/]: MixinPlatformAgentMinecraftForge rejected container SecureJarResource(MixinExtras)
[27Oct2025 16:28:48.714] [main/DEBUG] [mixin/]: Instancing new MixinPlatformAgentDefault for SecureJarResource(MixinExtras)
[27Oct2025 16:28:48.714] [main/DEBUG] [mixin/]: MixinPlatformAgentDefault accepted container SecureJarResource(MixinExtras)
[27Oct2025 16:28:48.714] [main/DEBUG] [mixin/]: Processing prepare() for PlatformAgent[MixinPlatformAgentDefault:SecureJarResource(MixinExtras)]
[27Oct2025 16:28:48.714] [main/DEBUG] [mixin/]: inject() running with 47 agents
[27Oct2025 16:28:48.714] [main/DEBUG] [mixin/]: Processing inject() for PlatformAgent[MixinPlatformAgentDefault:ModLauncher Root Container(ModLauncher:4f56a0a2)]
[27Oct2025 16:28:48.714] [main/DEBUG] [mixin/]: Processing inject() for PlatformAgent[MixinPlatformAgentDefault:SecureJarResource(minecraft)]
[27Oct2025 16:28:48.714] [main/DEBUG] [mixin/]: Processing inject() for PlatformAgent[MixinPlatformAgentDefault:SecureJarResource(smoothchunk)]
[27Oct2025 16:28:48.714] [main/DEBUG] [mixin/]: Processing inject() for PlatformAgent[MixinPlatformAgentDefault:SecureJarResource(cuffed)]
[27Oct2025 16:28:48.714] [main/DEBUG] [mixin/]: Processing inject() for PlatformAgent[MixinPlatformAgentDefault:SecureJarResource(eyemod)]
[27Oct2025 16:28:48.714] [main/DEBUG] [mixin/]: Processing inject() for PlatformAgent[MixinPlatformAgentDefault:SecureJarResource(bh)]
[27Oct2025 16:28:48.714] [main/DEBUG] [mixin/]: Processing inject() for PlatformAgent[MixinPlatformAgentDefault:SecureJarResource(geckolib)]
[27Oct2025 16:28:48.714] [main/DEBUG] [mixin/]: Processing inject() for PlatformAgent[MixinPlatformAgentDefault:SecureJarResource(culllessleaves)]
[27Oct2025 16:28:48.714] [main/DEBUG] [mixin/]: Processing inject() for PlatformAgent[MixinPlatformAgentDefault:SecureJarResource(creativecore)]
[27Oct2025 16:28:48.714] [main/DEBUG] [mixin/]: Processing inject() for PlatformAgent[MixinPlatformAgentDefault:SecureJarResource(locks)]
[27Oct2025 16:28:48.714] [main/DEBUG] [mixin/]: Processing inject() for PlatformAgent[MixinPlatformAgentDefault:SecureJarResource(jeg)]
[27Oct2025 16:28:48.714] [main/DEBUG] [mixin/]: Processing inject() for PlatformAgent[MixinPlatformAgentDefault:SecureJarResource(itemproductionlib)]
[27Oct2025 16:28:48.714] [main/DEBUG] [mixin/]: Processing inject() for PlatformAgent[MixinPlatformAgentDefault:SecureJarResource(fcl)]
[27Oct2025 16:28:48.715] [main/DEBUG] [mixin/]: Processing inject() for PlatformAgent[MixinPlatformAgentDefault:SecureJarResource(attributefix)]
[27Oct2025 16:28:48.715] [main/DEBUG] [mixin/]: Processing inject() for PlatformAgent[MixinPlatformAgentDefault:SecureJarResource(faz_roleplay_plus)]
[27Oct2025 16:28:48.715] [main/DEBUG] [mixin/]: Processing inject() for PlatformAgent[MixinPlatformAgentDefault:SecureJarResource(connectivity)]
[27Oct2025 16:28:48.715] [main/DEBUG] [mixin/]: Processing inject() for PlatformAgent[MixinPlatformAgentDefault:SecureJarResource(casinocraft)]
[27Oct2025 16:28:48.715] [main/DEBUG] [mixin/]: Processing inject() for PlatformAgent[MixinPlatformAgentDefault:SecureJarResource(betterfpsdist)]
[27Oct2025 16:28:48.715] [main/DEBUG] [mixin/]: Processing inject() for PlatformAgent[MixinPlatformAgentDefault:SecureJarResource(saros__money_mod)]
[27Oct2025 16:28:48.715] [main/DEBUG] [mixin/]: Processing inject() for PlatformAgent[MixinPlatformAgentDefault:SecureJarResource(curios)]
[27Oct2025 16:28:48.715] [main/DEBUG] [mixin/]: Processing inject() for PlatformAgent[MixinPlatformAgentDefault:SecureJarResource(lexiconfig)]
[27Oct2025 16:28:48.715] [main/DEBUG] [mixin/]: Processing inject() for PlatformAgent[MixinPlatformAgentDefault:SecureJarResource(modernfurniture)]
[27Oct2025 16:28:48.715] [main/DEBUG] [mixin/]: Processing inject() for PlatformAgent[MixinPlatformAgentDefault:SecureJarResource(camera)]
[27Oct2025 16:28:48.715] [main/DEBUG] [mixin/]: Processing inject() for PlatformAgent[MixinPlatformAgentDefault:SecureJarResource(modernfix)]
[27Oct2025 16:28:48.715] [main/DEBUG] [mixin/]: Processing inject() for PlatformAgent[MixinPlatformAgentDefault:SecureJarResource(brcc)]
[27Oct2025 16:28:48.715] [main/DEBUG] [mixin/]: Processing inject() for PlatformAgent[MixinPlatformAgentDefault:SecureJarResource(inv_view_forge)]
[27Oct2025 16:28:48.715] [main/DEBUG] [mixin/]: Processing inject() for PlatformAgent[MixinPlatformAgentDefault:SecureJarResource(mixinextras)]
[27Oct2025 16:28:48.715] [main/DEBUG] [mixin/]: Processing inject() for PlatformAgent[MixinPlatformAgentDefault:SecureJarResource(lucky77)]
[27Oct2025 16:28:48.715] [main/DEBUG] [mixin/]: Processing inject() for PlatformAgent[MixinPlatformAgentDefault:SecureJarResource(devices)]
[27Oct2025 16:28:48.715] [main/DEBUG] [mixin/]: Processing inject() for PlatformAgent[MixinPlatformAgentDefault:SecureJarResource(bookshelf)]
[27Oct2025 16:28:48.716] [main/DEBUG] [mixin/]: Processing inject() for PlatformAgent[MixinPlatformAgentDefault:SecureJarResource(customnpcs)]
[27Oct2025 16:28:48.716] [main/DEBUG] [mixin/]: Processing inject() for PlatformAgent[MixinPlatformAgentDefault:SecureJarResource(starlight)]
[27Oct2025 16:28:48.716] [main/DEBUG] [mixin/]: Processing inject() for PlatformAgent[MixinPlatformAgentDefault:SecureJarResource(architectury)]
[27Oct2025 16:28:48.716] [main/DEBUG] [mixin/]: Processing inject() for PlatformAgent[MixinPlatformAgentDefault:SecureJarResource(ftblibrary)]
[27Oct2025 16:28:48.716] [main/DEBUG] [mixin/]: Processing inject() for PlatformAgent[MixinPlatformAgentDefault:SecureJarResource(ferritecore)]
[27Oct2025 16:28:48.716] [main/DEBUG] [mixin/]: Processing inject() for PlatformAgent[MixinPlatformAgentDefault:SecureJarResource(mts)]
[27Oct2025 16:28:48.716] [main/DEBUG] [mixin/]: Processing inject() for PlatformAgent[MixinPlatformAgentDefault:SecureJarResource(cupboard)]
[27Oct2025 16:28:48.716] [main/DEBUG] [mixin/]: Processing inject() for PlatformAgent[MixinPlatformAgentDefault:SecureJarResource(boxing_madness)]
[27Oct2025 16:28:48.716] [main/DEBUG] [mixin/]: Processing inject() for PlatformAgent[MixinPlatformAgentDefault:SecureJarResource(saros_road_signs_mod)]
[27Oct2025 16:28:48.716] [main/DEBUG] [mixin/]: Processing inject() for PlatformAgent[MixinPlatformAgentDefault:SecureJarResource(dtrch)]
[27Oct2025 16:28:48.716] [main/DEBUG] [mixin/]: Processing inject() for PlatformAgent[MixinPlatformAgentDefault:SecureJarResource(saros_road_blocks_mod)]
[27Oct2025 16:28:48.716] [main/DEBUG] [mixin/]: Processing inject() for PlatformAgent[MixinPlatformAgentDefault:SecureJarResource(framework)]
[27Oct2025 16:28:48.716] [main/DEBUG] [mixin/]: Processing inject() for PlatformAgent[MixinPlatformAgentDefault:SecureJarResource(forge)]
[27Oct2025 16:28:48.716] [main/DEBUG] [mixin/]: Processing inject() for PlatformAgent[MixinPlatformAgentDefault:SecureJarResource(lazrslib)]
[27Oct2025 16:28:48.716] [main/DEBUG] [mixin/]: Processing inject() for PlatformAgent[MixinPlatformAgentDefault:SecureJarResource(playerrevive)]
[27Oct2025 16:28:48.716] [main/DEBUG] [mixin/]: Processing inject() for PlatformAgent[MixinPlatformAgentDefault:SecureJarResource(mclib)]
[27Oct2025 16:28:48.716] [main/DEBUG] [mixin/]: Processing inject() for PlatformAgent[MixinPlatformAgentDefault:SecureJarResource(MixinExtras)]
[27Oct2025 16:28:48.753] [main/DEBUG] [mixin/]: Error cleaning class output directory: .mixin.out
[27Oct2025 16:28:48.755] [main/DEBUG] [mixin/]: Preparing mixins for MixinEnvironment[PREINIT]
[27Oct2025 16:28:48.761] [main/INFO] [mixin/]: Successfully loaded Mixin Connector [de.maxhenkel.camera.MixinConnector]
[27Oct2025 16:28:48.763] [main/INFO] [mixin/]: Successfully loaded Mixin Connector [ca.spottedleaf.starlight.mixin.MixinConnector]
[27Oct2025 16:28:48.764] [main/INFO] [mixin/]: Successfully loaded Mixin Connector [mcinterface1201.mixin.MixinConnector]
[27Oct2025 16:28:48.766] [main/INFO] [cpw.mods.modlauncher.LaunchServiceHandler/MODLAUNCHER]: Launching target 'forgeserver' with arguments [nogui]
[27Oct2025 16:28:48.770] [main/DEBUG] [mixin/]: Preparing mixins for MixinEnvironment[DEFAULT]
[27Oct2025 16:28:48.771] [main/DEBUG] [mixin/]: Selecting config smoothchunk.mixins.json
[27Oct2025 16:28:48.774] [main/DEBUG] [mixin/]: Selecting config mixins.cuffed.json
[27Oct2025 16:28:48.778] [main/DEBUG] [mixin/]: Selecting config geckolib.mixins.json
[27Oct2025 16:28:48.780] [main/DEBUG] [mixin/]: Selecting config cull-less-leaves.mixins.json
[27Oct2025 16:28:48.781] [main/DEBUG] [mixin/]: Selecting config creativecore.mixins.json
[27Oct2025 16:28:48.783] [main/DEBUG] [mixin/]: Selecting config creativecore.forge.mixins.json
[27Oct2025 16:28:48.784] [main/DEBUG] [mixin/]: Selecting config locks.mixins.json
[27Oct2025 16:28:48.786] [main/DEBUG] [mixin/]: Selecting config jeg.mixins.json
[27Oct2025 16:28:48.792] [main/DEBUG] [mixin/]: Selecting config itemproductionlib.mixins.json
[27Oct2025 16:28:48.794] [main/DEBUG] [mixin/]: Selecting config fcl.mixins.json
[27Oct2025 16:28:48.795] [main/DEBUG] [mixin/]: Selecting config attributefix.mixins.json
[27Oct2025 16:28:48.796] [main/DEBUG] [mixin/]: Selecting config connectivity.mixins.json
[27Oct2025 16:28:48.799] [main/DEBUG] [mixin/]: Selecting config betterfpsdist.mixins.json
[27Oct2025 16:28:48.801] [main/DEBUG] [mixin/]: Selecting config curios.mixins.json
[27Oct2025 16:28:48.803] [main/DEBUG] [mixin/]: Selecting config lexiconfig.mixins.json
[27Oct2025 16:28:48.804] [main/DEBUG] [mixin/]: Selecting config lexiconfig.forge.mixins.json
[27Oct2025 16:28:48.805] [main/DEBUG] [mixin/]: Selecting config modernfix-common.mixins.json
[27Oct2025 16:28:48.901] [main/INFO] [ModernFix/]: Loaded configuration file for ModernFix 5.24.4+mc1.20.1: 96 options available, 0 override(s) found
[27Oct2025 16:28:48.903] [main/INFO] [ModernFix/]: Applying Nashorn fix
[27Oct2025 16:28:48.921] [main/INFO] [ModernFix/]: Applied Forge config corruption patch
[27Oct2025 16:28:48.930] [main/DEBUG] [mixin/]: Selecting config modernfix-forge.mixins.json
[27Oct2025 16:28:48.932] [main/DEBUG] [mixin/]: Selecting config mixinextras.init.mixins.json
[27Oct2025 16:28:48.942] [main/INFO] [com.teampotato.redirector.Redirector/]: Redirecting com/llamalad7/mixinextras/service/MixinExtrasVersion
[27Oct2025 16:28:48.962] [main/DEBUG] [MixinExtras|Service/]: com.llamalad7.mixinextras.service.MixinExtrasServiceImpl(version=0.4.1) is taking over from null
[27Oct2025 16:28:49.002] [main/DEBUG] [mixin/]: Registering new injector for @Inject with org.spongepowered.asm.mixin.injection.struct.CallbackInjectionInfo
[27Oct2025 16:28:49.006] [main/DEBUG] [mixin/]: Registering new injector for @ModifyArg with org.spongepowered.asm.mixin.injection.struct.ModifyArgInjectionInfo
[27Oct2025 16:28:49.009] [main/DEBUG] [mixin/]: Registering new injector for @ModifyArgs with org.spongepowered.asm.mixin.injection.struct.ModifyArgsInjectionInfo
[27Oct2025 16:28:49.010] [main/DEBUG] [mixin/]: Registering new injector for @Redirect with org.spongepowered.asm.mixin.injection.struct.RedirectInjectionInfo
[27Oct2025 16:28:49.012] [main/DEBUG] [mixin/]: Registering new injector for @ModifyVariable with org.spongepowered.asm.mixin.injection.struct.ModifyVariableInjectionInfo
[27Oct2025 16:28:49.013] [main/DEBUG] [mixin/]: Registering new injector for @ModifyConstant with org.spongepowered.asm.mixin.injection.struct.ModifyConstantInjectionInfo
[27Oct2025 16:28:49.025] [main/DEBUG] [mixin/]: Selecting config bookshelf.common.mixins.json
[27Oct2025 16:28:49.027] [main/DEBUG] [mixin/]: Selecting config bookshelf.forge.mixins.json
[27Oct2025 16:28:49.028] [main/DEBUG] [mixin/]: Selecting config customnpcs.mixins.json
[27Oct2025 16:28:49.030] [main/DEBUG] [mixin/]: Selecting config starlight.mixins.json
[27Oct2025 16:28:49.031] [main/DEBUG] [mixin/]: Selecting config architectury.mixins.json
[27Oct2025 16:28:49.033] [main/DEBUG] [mixin/]: Selecting config architectury-common.mixins.json
[27Oct2025 16:28:49.034] [main/DEBUG] [mixin/]: Selecting config ftblibrary-common.mixins.json
[27Oct2025 16:28:49.036] [main/DEBUG] [mixin/]: Selecting config ferritecore.predicates.mixin.json
[27Oct2025 16:28:49.054] [main/INFO] [com.teampotato.redirector.Redirector/]: Redirecting malte0811/ferritecore/mixin/config/FerriteMixinConfig$LithiumSupportState
[27Oct2025 16:28:49.057] [main/DEBUG] [mixin/]: Selecting config ferritecore.fastmap.mixin.json
[27Oct2025 16:28:49.059] [main/DEBUG] [mixin/]: Selecting config ferritecore.mrl.mixin.json
[27Oct2025 16:28:49.060] [main/DEBUG] [mixin/]: Selecting config ferritecore.dedupmultipart.mixin.json
[27Oct2025 16:28:49.063] [main/DEBUG] [mixin/]: Selecting config ferritecore.blockstatecache.mixin.json
[27Oct2025 16:28:49.067] [main/DEBUG] [mixin/]: Selecting config ferritecore.dedupbakedquad.mixin.json
[27Oct2025 16:28:49.069] [main/DEBUG] [mixin/]: Selecting config ferritecore.threaddetec.mixin.json
[27Oct2025 16:28:49.072] [main/DEBUG] [mixin/]: Selecting config ferritecore.modelsides.mixin.json
[27Oct2025 16:28:49.074] [main/DEBUG] [mixin/]: Selecting config mts.mixins.json
[27Oct2025 16:28:49.076] [main/DEBUG] [mixin/]: Selecting config cupboard.mixins.json
[27Oct2025 16:28:49.077] [main/DEBUG] [mixin/]: Selecting config mixins.lazrslib.json
[27Oct2025 16:28:49.078] [main/DEBUG] [mixin/]: Selecting config playerrevive.mixins.json
[27Oct2025 16:28:49.079] [main/DEBUG] [mixin/]: Selecting config assets/camera/camera.mixins.json
[27Oct2025 16:28:49.080] [main/DEBUG] [mixin/]: Preparing connectivity.mixins.json (29)
[27Oct2025 16:28:49.214] [main/DEBUG] [mixin/]: Preparing smoothchunk.mixins.json (5)
[27Oct2025 16:28:49.264] [main/DEBUG] [mixin/]: Preparing mixins.cuffed.json (12)
[27Oct2025 16:28:49.342] [main/DEBUG] [mixin/]: Preparing geckolib.mixins.json (1)
[27Oct2025 16:28:49.342] [main/DEBUG] [mixin/]: Preparing cull-less-leaves.mixins.json (4)
[27Oct2025 16:28:49.342] [main/DEBUG] [mixin/]: Preparing creativecore.mixins.json (8)
[27Oct2025 16:28:49.369] [main/DEBUG] [mixin/]: Preparing creativecore.forge.mixins.json (3)
[27Oct2025 16:28:49.370] [main/DEBUG] [mixin/]: Preparing locks.mixins.json (23)
[27Oct2025 16:28:49.447] [main/DEBUG] [net.minecraftforge.coremod.transformer.CoreModBaseTransformer/COREMOD]: Transforming net/minecraft/world/level/levelgen/structure/templatesystem/StructureTemplate
[27Oct2025 16:28:49.835] [main/WARN] [mixin/]: Error loading class: noobanidus/mods/lootr/block/entities/TileTicker (java.lang.ClassNotFoundException: noobanidus.mods.lootr.block.entities.TileTicker)
[27Oct2025 16:28:49.836] [main/DEBUG] [mixin/]: Skipping virtual target noobanidus.mods.lootr.block.entities.TileTicker for locks.mixins.json:compact.LootrMixin
[27Oct2025 16:28:49.836] [main/DEBUG] [mixin/]: Preparing jeg.mixins.json (15)
[27Oct2025 16:28:49.846] [main/DEBUG] [mixin/]: Preparing itemproductionlib.mixins.json (10)
[27Oct2025 16:28:49.859] [main/WARN] [mixin/]: Error loading class: tfar/davespotioneering/blockentity/AdvancedBrewingStandBlockEntity (java.lang.ClassNotFoundException: tfar.davespotioneering.blockentity.AdvancedBrewingStandBlockEntity)
[27Oct2025 16:28:49.860] [main/WARN] [mixin/]: @Mixin target tfar.davespotioneering.blockentity.AdvancedBrewingStandBlockEntity was not found itemproductionlib.mixins.json:davespotioneering/AdvancedBrewingStandBlockEntityMixin
[27Oct2025 16:28:49.861] [main/WARN] [mixin/]: Error loading class: vectorwing/farmersdelight/common/block/entity/CookingPotBlockEntity (java.lang.ClassNotFoundException: vectorwing.farmersdelight.common.block.entity.CookingPotBlockEntity)
[27Oct2025 16:28:49.861] [main/WARN] [mixin/]: @Mixin target vectorwing.farmersdelight.common.block.entity.CookingPotBlockEntity was not found itemproductionlib.mixins.json:farmersdelight/CookingPotBlockEntityMixin
[27Oct2025 16:28:49.865] [main/WARN] [mixin/]: Error loading class: vectorwing/farmersdelight/common/block/entity/StoveBlockEntity (java.lang.ClassNotFoundException: vectorwing.farmersdelight.common.block.entity.StoveBlockEntity)
[27Oct2025 16:28:49.865] [main/WARN] [mixin/]: @Mixin target vectorwing.farmersdelight.common.block.entity.StoveBlockEntity was not found itemproductionlib.mixins.json:farmersdelight/StoveBlockEntityMixin
[27Oct2025 16:28:49.867] [main/WARN] [mixin/]: Error loading class: fuzs/visualworkbench/world/inventory/ModCraftingMenu (java.lang.ClassNotFoundException: fuzs.visualworkbench.world.inventory.ModCraftingMenu)
[27Oct2025 16:28:49.867] [main/WARN] [mixin/]: @Mixin target fuzs.visualworkbench.world.inventory.ModCraftingMenu was not found itemproductionlib.mixins.json:visualworkbench/ModCraftingMenuMixin
[27Oct2025 16:28:49.867] [main/DEBUG] [mixin/]: Preparing fcl.mixins.json (4)
[27Oct2025 16:28:49.889] [main/DEBUG] [net.minecraftforge.coremod.transformer.CoreModBaseTransformer/COREMOD]: Transforming net/minecraft/world/item/ItemStack
[27Oct2025 16:28:49.919] [main/DEBUG] [mixin/]: Preparing attributefix.mixins.json (1)
[27Oct2025 16:28:49.920] [main/DEBUG] [mixin/]: Preparing betterfpsdist.mixins.json (5)
[27Oct2025 16:28:49.920] [main/DEBUG] [mixin/]: Preparing curios.mixins.json (13)
[27Oct2025 16:28:49.944] [main/DEBUG] [mixin/]: Preparing lexiconfig.mixins.json (1)
[27Oct2025 16:28:49.944] [main/DEBUG] [mixin/]: Preparing lexiconfig.forge.mixins.json (0)
[27Oct2025 16:28:49.944] [main/DEBUG] [mixin/]: Preparing modernfix-common.mixins.json (109)
[27Oct2025 16:28:49.960] [main/DEBUG] [ModernFix/]: No rules matched mixin 'perf.compact_mojang_registries.MappedRegistryMixin', treating as foreign and disabling!
[27Oct2025 16:28:50.049] [main/DEBUG] [net.minecraftforge.coremod.transformer.CoreModBaseTransformer/COREMOD]: Transforming net/minecraft/world/level/biome/Biome
[27Oct2025 16:28:50.096] [main/DEBUG] [mixin/]: Preparing modernfix-forge.mixins.json (60)
[27Oct2025 16:28:50.145] [main/DEBUG] [mixin/]: Preparing mixinextras.init.mixins.json (0)
[27Oct2025 16:28:50.145] [main/DEBUG] [mixin/]: Preparing bookshelf.common.mixins.json (23)
[27Oct2025 16:28:50.155] [main/DEBUG] [net.minecraftforge.coremod.transformer.CoreModBaseTransformer/COREMOD]: Transforming net/minecraft/world/effect/MobEffectInstance
[27Oct2025 16:28:50.171] [main/DEBUG] [mixin/]: Preparing bookshelf.forge.mixins.json (1)
[27Oct2025 16:28:50.171] [main/DEBUG] [mixin/]: Preparing customnpcs.mixins.json (47)
[27Oct2025 16:28:50.200] [main/DEBUG] [mixin/]: Preparing starlight.mixins.json (13)
[27Oct2025 16:28:50.211] [main/DEBUG] [mixin/]: Preparing architectury.mixins.json (9)
[27Oct2025 16:28:50.215] [main/DEBUG] [mixin/]: Preparing architectury-common.mixins.json (10)
[27Oct2025 16:28:50.218] [main/DEBUG] [net.minecraftforge.coremod.transformer.CoreModBaseTransformer/COREMOD]: Transforming net/minecraft/world/item/BucketItem
[27Oct2025 16:28:50.226] [main/DEBUG] [net.minecraftforge.coremod.transformer.CoreModBaseTransformer/COREMOD]: Transforming net/minecraft/world/entity/EntityType
[27Oct2025 16:28:50.304] [main/DEBUG] [net.minecraftforge.coremod.transformer.CoreModBaseTransformer/COREMOD]: Transforming net/minecraft/world/level/block/LiquidBlock
[27Oct2025 16:28:50.309] [main/DEBUG] [mixin/]: Preparing ftblibrary-common.mixins.json (5)
[27Oct2025 16:28:50.313] [main/DEBUG] [mixin/]: Preparing ferritecore.predicates.mixin.json (3)
[27Oct2025 16:28:50.313] [main/DEBUG] [mixin/]: Preparing ferritecore.fastmap.mixin.json (1)
[27Oct2025 16:28:50.315] [main/DEBUG] [mixin/]: Preparing ferritecore.mrl.mixin.json (2)
[27Oct2025 16:28:50.315] [main/DEBUG] [mixin/]: Preparing ferritecore.dedupmultipart.mixin.json (2)
[27Oct2025 16:28:50.315] [main/DEBUG] [mixin/]: Preparing ferritecore.blockstatecache.mixin.json (8)
[27Oct2025 16:28:50.321] [main/DEBUG] [mixin/]: @Mixin target net/minecraft/world/level/block/state/BlockBehaviour$BlockStateBase$Cache is public in ferritecore.blockstatecache.mixin.json:BlockStateCacheMixin and should be specified in value
[27Oct2025 16:28:50.324] [main/DEBUG] [mixin/]: Preparing ferritecore.dedupbakedquad.mixin.json (2)
[27Oct2025 16:28:50.325] [main/DEBUG] [mixin/]: Preparing ferritecore.threaddetec.mixin.json (1)
[27Oct2025 16:28:50.325] [main/DEBUG] [mixin/]: Preparing ferritecore.modelsides.mixin.json (1)
[27Oct2025 16:28:50.325] [main/DEBUG] [mixin/]: Preparing mts.mixins.json (12)
[27Oct2025 16:28:50.327] [main/DEBUG] [mixin/]: Preparing cupboard.mixins.json (5)
[27Oct2025 16:28:50.330] [main/DEBUG] [mixin/]: Preparing mixins.lazrslib.json (2)
[27Oct2025 16:28:50.330] [main/DEBUG] [mixin/]: Preparing playerrevive.mixins.json (5)
[27Oct2025 16:28:50.332] [main/DEBUG] [mixin/]: Preparing assets/camera/camera.mixins.json (1)
[27Oct2025 16:28:50.424] [main/DEBUG] [mixin/]: Prepared 264 mixins in 1.652 sec (6.3ms avg) (0ms load, 0ms transform, 0ms plugin)
[27Oct2025 16:28:50.437] [main/INFO] [MixinExtras|Service/]: Initializing MixinExtras via com.llamalad7.mixinextras.service.MixinExtrasServiceImpl(version=0.4.1).
[27Oct2025 16:28:50.439] [main/DEBUG] [mixin/]: Registering new injector for @SugarWrapper with com.llamalad7.mixinextras.sugar.impl.SugarWrapperInjectionInfo
[27Oct2025 16:28:50.439] [main/DEBUG] [mixin/]: Registering new injector for @FactoryRedirectWrapper with com.llamalad7.mixinextras.wrapper.factory.FactoryRedirectWrapperInjectionInfo
[27Oct2025 16:28:50.444] [main/DEBUG] [mixin/]: Mixing perf.fix_loop_spin_waiting.MinecraftServerMixin from modernfix-common.mixins.json into net.minecraft.server.MinecraftServer
[27Oct2025 16:28:50.462] [main/DEBUG] [mixin/]: Mixing ServerMixin from fcl.mixins.json into net.minecraft.server.MinecraftServer
[27Oct2025 16:28:50.468] [main/DEBUG] [mixin/]: Mixing MixinMinecraftServer from lexiconfig.mixins.json into net.minecraft.server.MinecraftServer
[27Oct2025 16:28:50.468] [main/DEBUG] [mixin/]: Renaming synthetic method lambda$lexiconfig$reloadResources$0(Ljava/lang/Void;Ljava/lang/Throwable;)Ljava/lang/Void; to md0cfdd6$lambda$lexiconfig$reloadResources$0$0 in lexiconfig.mixins.json:MixinMinecraftServer
[27Oct2025 16:28:50.479] [main/DEBUG] [mixin/]: Mixing core.MinecraftServerMixin from modernfix-common.mixins.json into net.minecraft.server.MinecraftServer
[27Oct2025 16:28:50.481] [main/DEBUG] [mixin/]: Mixing perf.dedicated_reload_executor.MinecraftServerMixin from modernfix-common.mixins.json into net.minecraft.server.MinecraftServer
[27Oct2025 16:28:50.482] [main/DEBUG] [mixin/]: Mixing core.MinecraftServerMixin from modernfix-forge.mixins.json into net.minecraft.server.MinecraftServer
[27Oct2025 16:28:50.482] [main/DEBUG] [mixin/]: Renaming synthetic method lambda$mfix$endReloadTrack$0(Ljava/lang/Void;)V to md0cfdd6$lambda$mfix$endReloadTrack$0$1 in modernfix-forge.mixins.json:core.MinecraftServerMixin
[27Oct2025 16:28:50.631] [main/DEBUG] [io.netty.util.internal.logging.InternalLoggerFactory/]: Using SLF4J as the default logging framework
[27Oct2025 16:28:50.634] [main/DEBUG] [io.netty.util.ResourceLeakDetector/]: -Dio.netty.leakDetection.level: simple
[27Oct2025 16:28:50.634] [main/DEBUG] [io.netty.util.ResourceLeakDetector/]: -Dio.netty.leakDetection.targetRecords: 4
[27Oct2025 16:28:50.646] [main/INFO] [com.teampotato.redirector.Redirector/]: Redirecting net/minecraft/util/Unit
[27Oct2025 16:28:50.717] [main/INFO] [com.teampotato.redirector.Redirector/]: Redirecting net/minecraft/ChatFormatting
[27Oct2025 16:28:50.825] [main/DEBUG] [mixin/]: Mixing perf.tag_id_caching.TagOrElementLocationMixin from modernfix-forge.mixins.json into net.minecraft.util.ExtraCodecs$TagOrElementLocation
[27Oct2025 16:28:50.861] [main/DEBUG] [mixin/]: Mixing ResourceLocationMixin from ftblibrary-common.mixins.json into net.minecraft.resources.ResourceLocation
[27Oct2025 16:28:50.862] [main/DEBUG] [mixin/]: ftblibrary-common.mixins.json:ResourceLocationMixin: Class version 61 required is higher than the class version supported by the current version of Mixin (JAVA_8 supports class version 52)
[27Oct2025 16:28:50.871] [main/DEBUG] [mixin/]: Mixing ResourceLocationExceptionMixin from connectivity.mixins.json into net.minecraft.ResourceLocationException
[27Oct2025 16:28:50.913] [main/WARN] [net.minecraft.SystemReport/]: Failed retrieving info for group hardware
java.lang.NoClassDefFoundError: com/sun/jna/Platform
	at oshi.SystemInfo.<clinit>(SystemInfo.java:60) ~[oshi-core-6.2.2.jar%2369!/:6.2.2]
	at net.minecraft.SystemReport.m_143564_(SystemReport.java:52) ~[server-1.20.1-20230612.114412-srg.jar%23181!/:?]
	at net.minecraft.SystemReport.m_143516_(SystemReport.java:82) ~[server-1.20.1-20230612.114412-srg.jar%23181!/:?]
	at net.minecraft.SystemReport.<init>(SystemReport.java:52) ~[server-1.20.1-20230612.114412-srg.jar%23181!/:?]
	at net.minecraft.CrashReport.<init>(CrashReport.java:31) ~[server-1.20.1-20230612.114412-srg.jar%23181!/:?]
	at net.minecraft.CrashReport.m_127529_(CrashReport.java:216) ~[server-1.20.1-20230612.114412-srg.jar%23181!/:?]
	at net.minecraft.server.Main.main(Main.java:116) ~[server-1.20.1-20230612.114412-srg.jar%23181!/:?]
	at jdk.internal.reflect.NativeMethodAccessorImpl.invoke0(Native Method) ~[?:?]
	at jdk.internal.reflect.NativeMethodAccessorImpl.invoke(NativeMethodAccessorImpl.java:77) ~[?:?]
	at jdk.internal.reflect.DelegatingMethodAccessorImpl.invoke(DelegatingMethodAccessorImpl.java:43) ~[?:?]
	at java.lang.reflect.Method.invoke(Method.java:569) ~[?:?]
	at net.minecraftforge.fml.loading.targets.CommonLaunchHandler.runTarget(CommonLaunchHandler.java:111) ~[fmlloader-1.20.1-47.3.7.jar%2367!/:?]
	at net.minecraftforge.fml.loading.targets.CommonLaunchHandler.serverService(CommonLaunchHandler.java:103) ~[fmlloader-1.20.1-47.3.7.jar%2367!/:?]
	at net.minecraftforge.fml.loading.targets.CommonServerLaunchHandler.lambda$makeService$0(CommonServerLaunchHandler.java:27) ~[fmlloader-1.20.1-47.3.7.jar%2367!/:?]
	at cpw.mods.modlauncher.LaunchServiceHandlerDecorator.launch(LaunchServiceHandlerDecorator.java:30) ~[modlauncher-10.0.9.jar%2353!/:?]
	at cpw.mods.modlauncher.LaunchServiceHandler.launch(LaunchServiceHandler.java:53) ~[modlauncher-10.0.9.jar%2353!/:?]
	at cpw.mods.modlauncher.LaunchServiceHandler.launch(LaunchServiceHandler.java:71) ~[modlauncher-10.0.9.jar%2353!/:?]
	at cpw.mods.modlauncher.Launcher.run(Launcher.java:108) ~[modlauncher-10.0.9.jar%2353!/:?]
	at cpw.mods.modlauncher.Launcher.main(Launcher.java:78) ~[modlauncher-10.0.9.jar%2353!/:?]
	at cpw.mods.modlauncher.BootstrapLaunchConsumer.accept(BootstrapLaunchConsumer.java:26) ~[modlauncher-10.0.9.jar%2353!/:?]
	at cpw.mods.modlauncher.BootstrapLaunchConsumer.accept(BootstrapLaunchConsumer.java:23) ~[modlauncher-10.0.9.jar%2353!/:?]
	at cpw.mods.bootstraplauncher.BootstrapLauncher.main(BootstrapLauncher.java:141) ~[bootstraplauncher-1.1.2.jar:?]
Caused by: java.lang.ClassNotFoundException: com.sun.jna.Platform
	at jdk.internal.loader.BuiltinClassLoader.loadClass(BuiltinClassLoader.java:641) ~[?:?]
	at java.lang.ClassLoader.loadClass(ClassLoader.java:525) ~[?:?]
	at cpw.mods.cl.ModuleClassLoader.loadClass(ModuleClassLoader.java:137) ~[securejarhandler-2.1.10.jar:?]
	at java.lang.ClassLoader.loadClass(ClassLoader.java:525) ~[?:?]
	... 22 more
[27Oct2025 16:28:50.927] [main/DEBUG] [mixin/]: Mixing perf.thread_priorities.UtilMixin from modernfix-common.mixins.json into net.minecraft.Util
[27Oct2025 16:28:50.927] [main/DEBUG] [mixin/]: Renaming synthetic method lambda$adjustPriorityOfThreadFactory$0(Ljava/util/concurrent/ForkJoinPool$ForkJoinWorkerThreadFactory;Ljava/util/concurrent/ForkJoinPool;)Ljava/util/concurrent/ForkJoinWorkerThread; to md0cfdd6$lambda$adjustPriorityOfThreadFactory$0$0 in modernfix-common.mixins.json:perf.thread_priorities.UtilMixin
[27Oct2025 16:28:50.933] [main/DEBUG] [mixin/]: Mixing MixinExecutorUtil from customnpcs.mixins.json into net.minecraft.Util
[27Oct2025 16:28:50.980] [main/DEBUG] [mixin/]: Mixing feature.measure_time.BootstrapMixin from modernfix-common.mixins.json into net.minecraft.server.Bootstrap
[27Oct2025 16:28:50.984] [main/DEBUG] [mixin/]: Mixing core.BootstrapMixin from modernfix-forge.mixins.json into net.minecraft.server.Bootstrap
[27Oct2025 16:28:51.007] [main/INFO] [net.minecraft.server.Bootstrap/]: ModernFix reached bootstrap stage (8.280 s after launch)
[27Oct2025 16:28:51.022] [main/DEBUG] [mixin/]: Mixing bugfix.concurrency.MappedRegistryMixin from modernfix-common.mixins.json into net.minecraft.core.MappedRegistry
[27Oct2025 16:28:51.029] [main/DEBUG] [mixin/]: Mixing perf.mojang_registry_size.MappedRegistryMixin from modernfix-common.mixins.json into net.minecraft.core.MappedRegistry
[27Oct2025 16:28:51.060] [main/DEBUG] [mixin/]: Mixing perf.mojang_registry_size.ResourceKeyMixin from modernfix-common.mixins.json into net.minecraft.resources.ResourceKey
[27Oct2025 16:28:51.061] [main/DEBUG] [mixin/]: Renaming synthetic method lambda$createEfficient$0(Lnet/minecraft/resources/ResourceLocation;)Ljava/util/Map; to md0cfdd6$lambda$createEfficient$0$0 in modernfix-common.mixins.json:perf.mojang_registry_size.ResourceKeyMixin
[27Oct2025 16:28:51.102] [main/INFO] [com.teampotato.redirector.Redirector/]: Redirecting net/minecraft/Util$IdentityStrategy
[27Oct2025 16:28:51.107] [main/DEBUG] [mixin/]: Mixing inject.MixinGameEvent from architectury-common.mixins.json into net.minecraft.world.level.gameevent.GameEvent
[27Oct2025 16:28:51.115] [main/INFO] [com.teampotato.redirector.Redirector/]: Redirecting net/minecraft/core/Holder$Reference$Type
[27Oct2025 16:28:51.118] [main/DEBUG] [mixin/]: Mixing perf.reduce_blockstate_cache_rebuilds.GameDataMixin from modernfix-forge.mixins.json into net.minecraftforge.registries.GameData
[27Oct2025 16:28:51.139] [main/DEBUG] [mixin/]: Mixing perf.fast_registry_validation.ForgeRegistryMixin from modernfix-forge.mixins.json into net.minecraftforge.registries.ForgeRegistry
[27Oct2025 16:28:51.145] [main/DEBUG] [mixin/]: Mixing perf.forge_registry_alloc.ForgeRegistryMixin from modernfix-forge.mixins.json into net.minecraftforge.registries.ForgeRegistry
[27Oct2025 16:28:51.164] [main/WARN] [mixin/]: @Final field delegatesByName:Ljava/util/Map; in modernfix-forge.mixins.json:perf.forge_registry_alloc.ForgeRegistryMixin should be final
[27Oct2025 16:28:51.165] [main/WARN] [mixin/]: @Final field delegatesByValue:Ljava/util/Map; in modernfix-forge.mixins.json:perf.forge_registry_alloc.ForgeRegistryMixin should be final
[27Oct2025 16:28:51.191] [main/DEBUG] [mixin/]: Mixing perf.reduce_blockstate_cache_rebuilds.BlockCallbacksMixin from modernfix-forge.mixins.json into net.minecraftforge.registries.GameData$BlockCallbacks
[27Oct2025 16:28:51.201] [main/DEBUG] [mixin/]: Mixing perf.forge_registry_alloc.DelegateHolderMixin from modernfix-forge.mixins.json into net.minecraft.world.level.block.Block
[27Oct2025 16:28:51.203] [main/DEBUG] [mixin/]: Mixing inject.MixinBlock from architectury-common.mixins.json into net.minecraft.world.level.block.Block
[27Oct2025 16:28:51.221] [main/DEBUG] [mixin/]: Mixing bugfix.chunk_deadlock.BlockStateBaseMixin from modernfix-common.mixins.json into net.minecraft.world.level.block.state.BlockBehaviour$BlockStateBase
[27Oct2025 16:28:51.223] [main/DEBUG] [mixin/]: Mixing perf.reduce_blockstate_cache_rebuilds.BlockStateBaseMixin from modernfix-common.mixins.json into net.minecraft.world.level.block.state.BlockBehaviour$BlockStateBase
[27Oct2025 16:28:51.232] [main/DEBUG] [mixin/]: Mixing common.blockstate.BlockStateBaseMixin from starlight.mixins.json into net.minecraft.world.level.block.state.BlockBehaviour$BlockStateBase
[27Oct2025 16:28:51.236] [main/DEBUG] [mixin/]: Mixing BlockStateBaseMixin from ferritecore.blockstatecache.mixin.json into net.minecraft.world.level.block.state.BlockBehaviour$BlockStateBase
[27Oct2025 16:28:51.274] [main/INFO] [ModernFix/]: Injecting BlockStateBase cache population hook into getOpacityIfCached from ca.spottedleaf.starlight.mixin.common.blockstate.BlockStateBaseMixin
[27Oct2025 16:28:51.274] [main/INFO] [ModernFix/]: Injecting BlockStateBase cache population hook into isConditionallyFullOpaque from ca.spottedleaf.starlight.mixin.common.blockstate.BlockStateBaseMixin
[27Oct2025 16:28:51.279] [main/DEBUG] [mixin/]: Mixing FastMapStateHolderMixin from ferritecore.fastmap.mixin.json into net.minecraft.world.level.block.state.StateHolder
[27Oct2025 16:28:51.296] [main/DEBUG] [mixin/]: Mixing perf.model_optimizations.PropertyMixin from modernfix-common.mixins.json into net.minecraft.world.level.block.state.properties.Property
[27Oct2025 16:28:51.320] [main/DEBUG] [mixin/]: Mixing EntityLoadMixin from cupboard.mixins.json into net.minecraft.world.entity.Entity
[27Oct2025 16:28:51.334] [main/DEBUG] [mixin/]: Mixing EntityMixin from mixins.cuffed.json into net.minecraft.world.entity.Entity
[27Oct2025 16:28:51.340] [main/DEBUG] [mixin/]: Mixing EntityMixin from fcl.mixins.json into net.minecraft.world.entity.Entity
[27Oct2025 16:28:51.342] [main/DEBUG] [mixin/]: Mixing AccessorEntity from curios.mixins.json into net.minecraft.world.entity.Entity
[27Oct2025 16:28:51.351] [main/DEBUG] [mixin/]: Mixing bugfix.chunk_deadlock.EntityMixin from modernfix-common.mixins.json into net.minecraft.world.entity.Entity
[27Oct2025 16:28:51.355] [main/DEBUG] [mixin/]: Mixing accessors.entity.AccessorEntity from bookshelf.common.mixins.json into net.minecraft.world.entity.Entity
[27Oct2025 16:28:51.356] [main/DEBUG] [mixin/]: Mixing EntityIMixin from customnpcs.mixins.json into net.minecraft.world.entity.Entity
[27Oct2025 16:28:51.356] [main/DEBUG] [mixin/]: Mixing common.EntityMixin from mts.mixins.json into net.minecraft.world.entity.Entity
[27Oct2025 16:28:51.496] [main/DEBUG] [mixin/]: Mixing LivingEntityMixin from mixins.cuffed.json into net.minecraft.world.entity.LivingEntity
[27Oct2025 16:28:51.525] [main/DEBUG] [mixin/]: Mixing common.LivingEntityMixin from jeg.mixins.json into net.minecraft.world.entity.LivingEntity
[27Oct2025 16:28:51.526] [main/DEBUG] [mixin/]: jeg.mixins.json:common.LivingEntityMixin: Class version 61 required is higher than the class version supported by the current version of Mixin (JAVA_8 supports class version 52)
[27Oct2025 16:28:51.527] [main/DEBUG] [mixin/]: Mixing MixinLivingEntity from curios.mixins.json into net.minecraft.world.entity.LivingEntity
[27Oct2025 16:28:51.528] [main/DEBUG] [mixin/]: Mixing perf.forge_cap_retrieval.LivingEntityMixin from modernfix-forge.mixins.json into net.minecraft.world.entity.LivingEntity
[27Oct2025 16:28:51.529] [main/DEBUG] [mixin/]: Mixing accessors.entity.AccessorLivingEntity from bookshelf.common.mixins.json into net.minecraft.world.entity.LivingEntity
[27Oct2025 16:28:51.529] [main/DEBUG] [mixin/]: Mixing patches.entity.MixinLivingEntity from bookshelf.common.mixins.json into net.minecraft.world.entity.LivingEntity
[27Oct2025 16:28:51.530] [main/DEBUG] [mixin/]: Mixing EntityLivingIMixin from customnpcs.mixins.json into net.minecraft.world.entity.LivingEntity
[27Oct2025 16:28:51.531] [main/DEBUG] [mixin/]: Mixing EntityLivingMixin from customnpcs.mixins.json into net.minecraft.world.entity.LivingEntity
[27Oct2025 16:28:51.604] [main/DEBUG] [mixin/]: Mixing perf.model_optimizations.BooleanPropertyMixin from modernfix-common.mixins.json into net.minecraft.world.level.block.state.properties.BooleanProperty
[27Oct2025 16:28:51.614] [main/DEBUG] [mixin/]: Mixing WorldMixin from locks.mixins.json into net.minecraft.world.level.Level
[27Oct2025 16:28:51.622] [main/DEBUG] [mixin/]: Mixing common.world.LevelMixin from starlight.mixins.json into net.minecraft.world.level.Level
[27Oct2025 16:28:51.648] [main/DEBUG] [mixin/]: Mixing ServerAddEntityMixin from cupboard.mixins.json into net.minecraft.server.level.ServerLevel
[27Oct2025 16:28:51.655] [main/DEBUG] [mixin/]: Mixing ServerWorldMixin from locks.mixins.json into net.minecraft.server.level.ServerLevel
[27Oct2025 16:28:51.657] [main/DEBUG] [mixin/]: Renaming synthetic method lambda$sendBlockUpdated$1(Lnet/minecraft/server/level/ServerLevel;Lnet/minecraft/core/BlockPos;Lmelonslise/locks/common/capability/ILockableHandler;Lmelonslise/locks/common/util/Lockable;)V to md0cfdd6$lambda$sendBlockUpdated$1$0 in locks.mixins.json:ServerWorldMixin
[27Oct2025 16:28:51.657] [main/DEBUG] [mixin/]: Renaming synthetic method lambda$sendBlockUpdated$0(Lnet/minecraft/core/BlockPos;Lmelonslise/locks/common/util/Lockable;)Z to md0cfdd6$lambda$sendBlockUpdated$0$1 in locks.mixins.json:ServerWorldMixin
[27Oct2025 16:28:51.678] [main/DEBUG] [mixin/]: Mixing bugfix.chunk_deadlock.ServerLevelMixin from modernfix-common.mixins.json into net.minecraft.server.level.ServerLevel
[27Oct2025 16:28:51.679] [main/DEBUG] [mixin/]: Mixing perf.faster_structure_location.ServerLevelMixin from modernfix-common.mixins.json into net.minecraft.server.level.ServerLevel
[27Oct2025 16:28:51.680] [main/DEBUG] [mixin/]: Mixing perf.cache_strongholds.ServerLevelMixin from modernfix-common.mixins.json into net.minecraft.server.level.ServerLevel
[27Oct2025 16:28:51.682] [main/DEBUG] [mixin/]: Mixing ServerLevelMixin from customnpcs.mixins.json into net.minecraft.server.level.ServerLevel
[27Oct2025 16:28:51.682] [main/DEBUG] [mixin/]: Mixing common.world.ServerWorldMixin from starlight.mixins.json into net.minecraft.server.level.ServerLevel
[27Oct2025 16:28:51.731] [main/DEBUG] [mixin/]: Mixing ItemEntityMixin from customnpcs.mixins.json into net.minecraft.world.entity.item.ItemEntity
[27Oct2025 16:28:51.738] [main/DEBUG] [mixin/]: Mixing PlayerMixin from mixins.cuffed.json into net.minecraft.world.entity.player.Player
[27Oct2025 16:28:51.768] [main/DEBUG] [mixin/]: Mixing common.PlayerMixin from jeg.mixins.json into net.minecraft.world.entity.player.Player
[27Oct2025 16:28:51.768] [main/DEBUG] [mixin/]: jeg.mixins.json:common.PlayerMixin: Class version 61 required is higher than the class version supported by the current version of Mixin (JAVA_8 supports class version 52)
[27Oct2025 16:28:51.769] [main/DEBUG] [mixin/]: Mixing PlayerMixin from playerrevive.mixins.json into net.minecraft.world.entity.player.Player
[27Oct2025 16:28:51.852] [main/DEBUG] [mixin/]: Mixing bugfix.concurrency.ForgeRegistryTagManagerMixin from modernfix-forge.mixins.json into net.minecraftforge.registries.ForgeRegistryTagManager
[27Oct2025 16:28:51.867] [main/DEBUG] [mixin/]: Mixing bugfix.concurrency.NamespacedWrapperMixin from modernfix-forge.mixins.json into net.minecraftforge.registries.NamespacedWrapper
[27Oct2025 16:28:51.869] [main/DEBUG] [mixin/]: Mixing perf.fast_forge_dummies.NamespacedHolderHelperMixin from modernfix-forge.mixins.json into net.minecraftforge.registries.NamespacedWrapper
[27Oct2025 16:28:51.881] [main/DEBUG] [mixin/]: Mixing inject.MixinFluid from architectury-common.mixins.json into net.minecraft.world.level.material.Fluid
[27Oct2025 16:28:51.885] [main/DEBUG] [mixin/]: Mixing ItemMixin from mixins.cuffed.json into net.minecraft.world.item.Item
[27Oct2025 16:28:51.887] [main/DEBUG] [mixin/]: Mixing common.CookieItemMixin from jeg.mixins.json into net.minecraft.world.item.Item
[27Oct2025 16:28:51.888] [main/DEBUG] [mixin/]: jeg.mixins.json:common.CookieItemMixin: Class version 61 required is higher than the class version supported by the current version of Mixin (JAVA_8 supports class version 52)
[27Oct2025 16:28:51.893] [main/DEBUG] [mixin/]: Mixing perf.forge_registry_alloc.DelegateHolderMixin from modernfix-forge.mixins.json into net.minecraft.world.item.Item
[27Oct2025 16:28:51.894] [main/DEBUG] [mixin/]: Mixing accessors.item.AccessorItem from bookshelf.common.mixins.json into net.minecraft.world.item.Item
[27Oct2025 16:28:51.894] [main/DEBUG] [mixin/]: Mixing inject.MixinItem from architectury-common.mixins.json into net.minecraft.world.item.Item
[27Oct2025 16:28:51.900] [main/DEBUG] [mixin/]: Mixing ItemMixin from ftblibrary-common.mixins.json into net.minecraft.world.item.Item
[27Oct2025 16:28:51.900] [main/DEBUG] [mixin/]: ftblibrary-common.mixins.json:ItemMixin: Class version 61 required is higher than the class version supported by the current version of Mixin (JAVA_8 supports class version 52)
[27Oct2025 16:28:51.925] [main/DEBUG] [net.minecraftforge.coremod.transformer.CoreModBaseTransformer/COREMOD]: Transforming net/minecraft/world/entity/EntityType
[27Oct2025 16:28:51.992] [main/DEBUG] [mixin/]: Mixing inject.MixinEntityType from architectury-common.mixins.json into net.minecraft.world.entity.EntityType
[27Oct2025 16:28:52.013] [main/DEBUG] [mixin/]: Mixing perf.dynamic_dfu.BlockEntityTypeMixin from modernfix-common.mixins.json into net.minecraft.world.level.block.entity.BlockEntityType
[27Oct2025 16:28:52.085] [main/DEBUG] [mixin/]: Mixing perf.memoize_creative_tab_build.CreativeModeTabMixin from modernfix-common.mixins.json into net.minecraft.world.item.CreativeModeTab
[27Oct2025 16:28:52.096] [main/INFO] [com.teampotato.redirector.Redirector/]: Redirecting net/minecraft/core/Direction
[27Oct2025 16:28:52.098] [main/INFO] [com.teampotato.redirector.Redirector/]: Redirecting net/minecraft/core/Direction$AxisDirection
[27Oct2025 16:28:52.099] [main/INFO] [com.teampotato.redirector.Redirector/]: Redirecting net/minecraft/core/Direction$Axis
[27Oct2025 16:28:52.124] [main/DEBUG] [mixin/]: Mixing ShapesMixin from creativecore.mixins.json into net.minecraft.world.phys.shapes.Shapes
[27Oct2025 16:28:52.155] [main/DEBUG] [mixin/]: Mixing DiscreteVSAccess from ferritecore.blockstatecache.mixin.json into net.minecraft.world.phys.shapes.DiscreteVoxelShape
[27Oct2025 16:28:52.158] [main/DEBUG] [mixin/]: Mixing BitSetDVSAccess from ferritecore.blockstatecache.mixin.json into net.minecraft.world.phys.shapes.BitSetDiscreteVoxelShape
[27Oct2025 16:28:52.162] [main/DEBUG] [mixin/]: Mixing VoxelShapeAccessor from creativecore.mixins.json into net.minecraft.world.phys.shapes.VoxelShape
[27Oct2025 16:28:52.162] [main/DEBUG] [mixin/]: Mixing VoxelShapeAccess from ferritecore.blockstatecache.mixin.json into net.minecraft.world.phys.shapes.VoxelShape
[27Oct2025 16:28:52.163] [main/DEBUG] [mixin/]: Unexpected: Registered method setShape(Lnet/minecraft/world/phys/shapes/DiscreteVoxelShape;)V in net.minecraft.world.phys.shapes.VoxelShape was not merged
[27Oct2025 16:28:52.166] [main/DEBUG] [mixin/]: Mixing ArrayVSAccess from ferritecore.blockstatecache.mixin.json into net.minecraft.world.phys.shapes.ArrayVoxelShape
[27Oct2025 16:28:52.168] [main/DEBUG] [mixin/]: Mixing SliceShapeAccess from ferritecore.blockstatecache.mixin.json into net.minecraft.world.phys.shapes.SliceShape
[27Oct2025 16:28:52.185] [main/INFO] [com.teampotato.redirector.Redirector/]: Redirecting net/minecraft/core/Direction$Plane
[27Oct2025 16:28:52.187] [main/INFO] [com.teampotato.redirector.Redirector/]: Redirecting net/minecraft/core/FrontAndTop
[27Oct2025 16:28:52.197] [main/INFO] [com.teampotato.redirector.Redirector/]: Redirecting net/minecraft/world/level/block/state/properties/AttachFace
[27Oct2025 16:28:52.198] [main/INFO] [com.teampotato.redirector.Redirector/]: Redirecting net/minecraft/world/level/block/state/properties/BellAttachType
[27Oct2025 16:28:52.199] [main/INFO] [com.teampotato.redirector.Redirector/]: Redirecting net/minecraft/world/level/block/state/properties/WallSide
[27Oct2025 16:28:52.200] [main/INFO] [com.teampotato.redirector.Redirector/]: Redirecting net/minecraft/world/level/block/state/properties/RedstoneSide
[27Oct2025 16:28:52.201] [main/INFO] [com.teampotato.redirector.Redirector/]: Redirecting net/minecraft/world/level/block/state/properties/DoubleBlockHalf
[27Oct2025 16:28:52.202] [main/INFO] [com.teampotato.redirector.Redirector/]: Redirecting net/minecraft/world/level/block/state/properties/Half
[27Oct2025 16:28:52.203] [main/INFO] [com.teampotato.redirector.Redirector/]: Redirecting net/minecraft/world/level/block/state/properties/RailShape
[27Oct2025 16:28:52.206] [main/INFO] [com.teampotato.redirector.Redirector/]: Redirecting net/minecraft/world/level/block/state/properties/BedPart
[27Oct2025 16:28:52.208] [main/INFO] [com.teampotato.redirector.Redirector/]: Redirecting net/minecraft/world/level/block/state/properties/ChestType
[27Oct2025 16:28:52.209] [main/INFO] [com.teampotato.redirector.Redirector/]: Redirecting net/minecraft/world/level/block/state/properties/ComparatorMode
[27Oct2025 16:28:52.212] [main/INFO] [com.teampotato.redirector.Redirector/]: Redirecting net/minecraft/world/level/block/state/properties/DoorHingeSide
[27Oct2025 16:28:52.213] [main/INFO] [com.teampotato.redirector.Redirector/]: Redirecting net/minecraft/world/level/block/state/properties/NoteBlockInstrument
[27Oct2025 16:28:52.308] [main/INFO] [com.teampotato.redirector.Redirector/]: Redirecting net/minecraft/world/level/block/state/properties/NoteBlockInstrument$Type
[27Oct2025 16:28:52.309] [main/INFO] [com.teampotato.redirector.Redirector/]: Redirecting net/minecraft/world/level/block/state/properties/PistonType
[27Oct2025 16:28:52.310] [main/INFO] [com.teampotato.redirector.Redirector/]: Redirecting net/minecraft/world/level/block/state/properties/SlabType
[27Oct2025 16:28:52.314] [main/INFO] [com.teampotato.redirector.Redirector/]: Redirecting net/minecraft/world/level/block/state/properties/StairsShape
[27Oct2025 16:28:52.315] [main/INFO] [com.teampotato.redirector.Redirector/]: Redirecting net/minecraft/world/level/block/state/properties/StructureMode
[27Oct2025 16:28:52.317] [main/INFO] [com.teampotato.redirector.Redirector/]: Redirecting net/minecraft/world/level/block/state/properties/BambooLeaves
[27Oct2025 16:28:52.318] [main/INFO] [com.teampotato.redirector.Redirector/]: Redirecting net/minecraft/world/level/block/state/properties/Tilt
[27Oct2025 16:28:52.319] [main/INFO] [com.teampotato.redirector.Redirector/]: Redirecting net/minecraft/world/level/block/state/properties/DripstoneThickness
[27Oct2025 16:28:52.321] [main/INFO] [com.teampotato.redirector.Redirector/]: Redirecting net/minecraft/world/level/block/state/properties/SculkSensorPhase
[27Oct2025 16:28:52.332] [main/DEBUG] [mixin/]: Mixing perf.reduce_blockstate_cache_rebuilds.BlocksMixin from modernfix-common.mixins.json into net.minecraft.world.level.block.Blocks
[27Oct2025 16:28:52.333] [main/DEBUG] [mixin/]: Renaming synthetic method lambda$getEmptyConsumer$0(Ljava/lang/Object;)V to md0cfdd6$lambda$getEmptyConsumer$0$0 in modernfix-common.mixins.json:perf.reduce_blockstate_cache_rebuilds.BlocksMixin
[27Oct2025 16:28:52.411] [main/DEBUG] [net.minecraftforge.coremod.transformer.CoreModBaseTransformer/COREMOD]: Transforming net/minecraft/world/level/block/LiquidBlock
[27Oct2025 16:28:52.412] [main/DEBUG] [mixin/]: Mixing inject.MixinLiquidBlock from architectury-common.mixins.json into net.minecraft.world.level.block.LiquidBlock
[27Oct2025 16:28:52.429] [main/DEBUG] [mixin/]: Mixing LeavesBlockMixin from customnpcs.mixins.json into net.minecraft.world.level.block.LeavesBlock
[27Oct2025 16:28:52.448] [main/DEBUG] [mixin/]: Mixing PistonBlockMixin from locks.mixins.json into net.minecraft.world.level.block.piston.PistonBaseBlock
[27Oct2025 16:28:52.465] [main/DEBUG] [net.minecraftforge.coremod.transformer.CoreModBaseTransformer/COREMOD]: Transforming net/minecraft/world/level/block/StairBlock
[27Oct2025 16:28:52.471] [main/DEBUG] [mixin/]: Mixing ChestBlockMixin from locks.mixins.json into net.minecraft.world.level.block.ChestBlock
[27Oct2025 16:28:52.485] [main/DEBUG] [mixin/]: Mixing DoorMixin from locks.mixins.json into net.minecraft.world.level.block.DoorBlock
[27Oct2025 16:28:52.499] [main/DEBUG] [mixin/]: Mixing IceBlockMixin from customnpcs.mixins.json into net.minecraft.world.level.block.IceBlock
[27Oct2025 16:28:52.518] [main/DEBUG] [mixin/]: Mixing VineBlockMixin from customnpcs.mixins.json into net.minecraft.world.level.block.VineBlock
[27Oct2025 16:28:52.529] [main/DEBUG] [mixin/]: Mixing common.EndPortalBlockMixin from jeg.mixins.json into net.minecraft.world.level.block.EndPortalBlock
[27Oct2025 16:28:52.529] [main/DEBUG] [mixin/]: jeg.mixins.json:common.EndPortalBlockMixin: Class version 61 required is higher than the class version supported by the current version of Mixin (JAVA_8 supports class version 52)
[27Oct2025 16:28:52.538] [main/DEBUG] [mixin/]: Mixing perf.deduplicate_wall_shapes.WallBlockMixin from modernfix-common.mixins.json into net.minecraft.world.level.block.WallBlock
[27Oct2025 16:28:52.545] [main/DEBUG] [net.minecraftforge.coremod.transformer.CoreModBaseTransformer/COREMOD]: Transforming net/minecraft/world/level/block/FlowerPotBlock
[27Oct2025 16:28:52.578] [main/DEBUG] [mixin/]: Mixing common.ConcretePowderBlockMixin from mts.mixins.json into net.minecraft.world.level.block.ConcretePowderBlock
[27Oct2025 16:28:52.624] [main/DEBUG] [mixin/]: Mixing MixinPowderSnowBlock from curios.mixins.json into net.minecraft.world.level.block.PowderSnowBlock
[27Oct2025 16:28:52.654] [main/INFO] [com.teampotato.redirector.Redirector/]: Redirecting net/minecraft/world/level/material/PushReaction
[27Oct2025 16:28:52.663] [main/DEBUG] [mixin/]: Mixing perf.state_definition_construct.StateDefinitionMixin from modernfix-common.mixins.json into net.minecraft.world.level.block.state.StateDefinition
[27Oct2025 16:28:52.726] [main/INFO] [com.teampotato.redirector.Redirector/]: Redirecting net/minecraft/world/level/block/state/BlockBehaviour$OffsetType
[27Oct2025 16:28:52.729] [main/INFO] [com.teampotato.redirector.Redirector/]: Redirecting net/minecraft/world/level/pathfinder/PathComputationType
[27Oct2025 16:28:52.741] [main/INFO] [net.minecraft.server.Bootstrap/]: Vanilla bootstrap took 1727 milliseconds
[27Oct2025 16:28:52.758] [main/DEBUG] [io.netty.util.internal.PlatformDependent0/]: -Dio.netty.noUnsafe: false
[27Oct2025 16:28:52.758] [main/DEBUG] [io.netty.util.internal.PlatformDependent0/]: Java version: 17
[27Oct2025 16:28:52.759] [main/DEBUG] [io.netty.util.internal.PlatformDependent0/]: sun.misc.Unsafe.theUnsafe: available
[27Oct2025 16:28:52.759] [main/DEBUG] [io.netty.util.internal.PlatformDependent0/]: sun.misc.Unsafe.copyMemory: available
[27Oct2025 16:28:52.759] [main/DEBUG] [io.netty.util.internal.PlatformDependent0/]: sun.misc.Unsafe.storeFence: available
[27Oct2025 16:28:52.760] [main/DEBUG] [io.netty.util.internal.PlatformDependent0/]: java.nio.Buffer.address: available
[27Oct2025 16:28:52.760] [main/DEBUG] [io.netty.util.internal.PlatformDependent0/]: direct buffer constructor: unavailable
java.lang.UnsupportedOperationException: Reflective setAccessible(true) disabled
	at io.netty.util.internal.ReflectionUtil.trySetAccessible(ReflectionUtil.java:31) ~[netty-common-4.1.82.Final.jar%2380!/:4.1.82.Final]
	at io.netty.util.internal.PlatformDependent0$5.run(PlatformDependent0.java:288) ~[netty-common-4.1.82.Final.jar%2380!/:4.1.82.Final]
	at java.security.AccessController.doPrivileged(AccessController.java:318) ~[?:?]
	at io.netty.util.internal.PlatformDependent0.<clinit>(PlatformDependent0.java:282) ~[netty-common-4.1.82.Final.jar%2380!/:4.1.82.Final]
	at io.netty.util.internal.PlatformDependent.isAndroid(PlatformDependent.java:333) ~[netty-common-4.1.82.Final.jar%2380!/:4.1.82.Final]
	at io.netty.util.internal.PlatformDependent.<clinit>(PlatformDependent.java:88) ~[netty-common-4.1.82.Final.jar%2380!/:4.1.82.Final]
	at io.netty.util.ConstantPool.<init>(ConstantPool.java:34) ~[netty-common-4.1.82.Final.jar%2380!/:4.1.82.Final]
	at io.netty.util.AttributeKey$1.<init>(AttributeKey.java:27) ~[netty-common-4.1.82.Final.jar%2380!/:4.1.82.Final]
	at io.netty.util.AttributeKey.<clinit>(AttributeKey.java:27) ~[netty-common-4.1.82.Final.jar%2380!/:4.1.82.Final]
	at net.minecraftforge.network.NetworkConstants.<clinit>(NetworkConstants.java:34) ~[forge-1.20.1-47.3.7-universal.jar%23186!/:?]
	at net.minecraft.server.Bootstrap.handler$zha000$doClassloadHack(Bootstrap.java:1034) ~[server-1.20.1-20230612.114412-srg.jar%23181!/:?]
	at net.minecraft.server.Bootstrap.m_135870_(Bootstrap.java:64) ~[server-1.20.1-20230612.114412-srg.jar%23181!/:?]
	at net.minecraftforge.registries.ForgeRegistries.init(ForgeRegistries.java:212) ~[forge-1.20.1-47.3.7-universal.jar%23186!/:?]
	at net.minecraftforge.registries.ForgeRegistries.<clinit>(ForgeRegistries.java:65) ~[forge-1.20.1-47.3.7-universal.jar%23186!/:?]
	at net.minecraft.world.level.block.LiquidBlock.<init>(LiquidBlock.java:53) ~[server-1.20.1-20230612.114412-srg.jar%23181!/:?]
	at net.minecraft.world.level.block.Blocks.<clinit>(Blocks.java:77) ~[server-1.20.1-20230612.114412-srg.jar%23181!/:?]
	at net.minecraft.world.level.block.FireBlock.m_53484_(FireBlock.java:301) ~[server-1.20.1-20230612.114412-srg.jar%23181!/:?]
	at net.minecraft.server.Bootstrap.m_135870_(Bootstrap.java:46) ~[server-1.20.1-20230612.114412-srg.jar%23181!/:?]
	at net.minecraft.server.Main.main(Main.java:121) ~[server-1.20.1-20230612.114412-srg.jar%23181!/:?]
	at jdk.internal.reflect.NativeMethodAccessorImpl.invoke0(Native Method) ~[?:?]
	at jdk.internal.reflect.NativeMethodAccessorImpl.invoke(NativeMethodAccessorImpl.java:77) ~[?:?]
	at jdk.internal.reflect.DelegatingMethodAccessorImpl.invoke(DelegatingMethodAccessorImpl.java:43) ~[?:?]
	at java.lang.reflect.Method.invoke(Method.java:569) ~[?:?]
	at net.minecraftforge.fml.loading.targets.CommonLaunchHandler.runTarget(CommonLaunchHandler.java:111) ~[fmlloader-1.20.1-47.3.7.jar%2367!/:?]
	at net.minecraftforge.fml.loading.targets.CommonLaunchHandler.serverService(CommonLaunchHandler.java:103) ~[fmlloader-1.20.1-47.3.7.jar%2367!/:?]
	at net.minecraftforge.fml.loading.targets.CommonServerLaunchHandler.lambda$makeService$0(CommonServerLaunchHandler.java:27) ~[fmlloader-1.20.1-47.3.7.jar%2367!/:?]
	at cpw.mods.modlauncher.LaunchServiceHandlerDecorator.launch(LaunchServiceHandlerDecorator.java:30) ~[modlauncher-10.0.9.jar%2353!/:?]
	at cpw.mods.modlauncher.LaunchServiceHandler.launch(LaunchServiceHandler.java:53) ~[modlauncher-10.0.9.jar%2353!/:?]
	at cpw.mods.modlauncher.LaunchServiceHandler.launch(LaunchServiceHandler.java:71) ~[modlauncher-10.0.9.jar%2353!/:?]
	at cpw.mods.modlauncher.Launcher.run(Launcher.java:108) ~[modlauncher-10.0.9.jar%2353!/:?]
	at cpw.mods.modlauncher.Launcher.main(Launcher.java:78) ~[modlauncher-10.0.9.jar%2353!/:?]
	at cpw.mods.modlauncher.BootstrapLaunchConsumer.accept(BootstrapLaunchConsumer.java:26) ~[modlauncher-10.0.9.jar%2353!/:?]
	at cpw.mods.modlauncher.BootstrapLaunchConsumer.accept(BootstrapLaunchConsumer.java:23) ~[modlauncher-10.0.9.jar%2353!/:?]
	at cpw.mods.bootstraplauncher.BootstrapLauncher.main(BootstrapLauncher.java:141) ~[bootstraplauncher-1.1.2.jar:?]
[27Oct2025 16:28:52.761] [main/DEBUG] [io.netty.util.internal.PlatformDependent0/]: java.nio.Bits.unaligned: available, true
[27Oct2025 16:28:52.762] [main/DEBUG] [io.netty.util.internal.PlatformDependent0/]: jdk.internal.misc.Unsafe.allocateUninitializedArray(int): unavailable
java.lang.IllegalAccessException: class io.netty.util.internal.PlatformDependent0$7 (in module io.netty.common) cannot access class jdk.internal.misc.Unsafe (in module java.base) because module java.base does not export jdk.internal.misc to module io.netty.common
	at jdk.internal.reflect.Reflection.newIllegalAccessException(Reflection.java:392) ~[?:?]
	at java.lang.reflect.AccessibleObject.checkAccess(AccessibleObject.java:674) ~[?:?]
	at java.lang.reflect.Method.invoke(Method.java:561) ~[?:?]
	at io.netty.util.internal.PlatformDependent0$7.run(PlatformDependent0.java:410) ~[netty-common-4.1.82.Final.jar%2380!/:4.1.82.Final]
	at java.security.AccessController.doPrivileged(AccessController.java:318) ~[?:?]
	at io.netty.util.internal.PlatformDependent0.<clinit>(PlatformDependent0.java:401) ~[netty-common-4.1.82.Final.jar%2380!/:4.1.82.Final]
	at io.netty.util.internal.PlatformDependent.isAndroid(PlatformDependent.java:333) ~[netty-common-4.1.82.Final.jar%2380!/:4.1.82.Final]
	at io.netty.util.internal.PlatformDependent.<clinit>(PlatformDependent.java:88) ~[netty-common-4.1.82.Final.jar%2380!/:4.1.82.Final]
	at io.netty.util.ConstantPool.<init>(ConstantPool.java:34) ~[netty-common-4.1.82.Final.jar%2380!/:4.1.82.Final]
	at io.netty.util.AttributeKey$1.<init>(AttributeKey.java:27) ~[netty-common-4.1.82.Final.jar%2380!/:4.1.82.Final]
	at io.netty.util.AttributeKey.<clinit>(AttributeKey.java:27) ~[netty-common-4.1.82.Final.jar%2380!/:4.1.82.Final]
	at net.minecraftforge.network.NetworkConstants.<clinit>(NetworkConstants.java:34) ~[forge-1.20.1-47.3.7-universal.jar%23186!/:?]
	at net.minecraft.server.Bootstrap.handler$zha000$doClassloadHack(Bootstrap.java:1034) ~[server-1.20.1-20230612.114412-srg.jar%23181!/:?]
	at net.minecraft.server.Bootstrap.m_135870_(Bootstrap.java:64) ~[server-1.20.1-20230612.114412-srg.jar%23181!/:?]
	at net.minecraftforge.registries.ForgeRegistries.init(ForgeRegistries.java:212) ~[forge-1.20.1-47.3.7-universal.jar%23186!/:?]
	at net.minecraftforge.registries.ForgeRegistries.<clinit>(ForgeRegistries.java:65) ~[forge-1.20.1-47.3.7-universal.jar%23186!/:?]
	at net.minecraft.world.level.block.LiquidBlock.<init>(LiquidBlock.java:53) ~[server-1.20.1-20230612.114412-srg.jar%23181!/:?]
	at net.minecraft.world.level.block.Blocks.<clinit>(Blocks.java:77) ~[server-1.20.1-20230612.114412-srg.jar%23181!/:?]
	at net.minecraft.world.level.block.FireBlock.m_53484_(FireBlock.java:301) ~[server-1.20.1-20230612.114412-srg.jar%23181!/:?]
	at net.minecraft.server.Bootstrap.m_135870_(Bootstrap.java:46) ~[server-1.20.1-20230612.114412-srg.jar%23181!/:?]
	at net.minecraft.server.Main.main(Main.java:121) ~[server-1.20.1-20230612.114412-srg.jar%23181!/:?]
	at jdk.internal.reflect.NativeMethodAccessorImpl.invoke0(Native Method) ~[?:?]
	at jdk.internal.reflect.NativeMethodAccessorImpl.invoke(NativeMethodAccessorImpl.java:77) ~[?:?]
	at jdk.internal.reflect.DelegatingMethodAccessorImpl.invoke(DelegatingMethodAccessorImpl.java:43) ~[?:?]
	at java.lang.reflect.Method.invoke(Method.java:569) ~[?:?]
	at net.minecraftforge.fml.loading.targets.CommonLaunchHandler.runTarget(CommonLaunchHandler.java:111) ~[fmlloader-1.20.1-47.3.7.jar%2367!/:?]
	at net.minecraftforge.fml.loading.targets.CommonLaunchHandler.serverService(CommonLaunchHandler.java:103) ~[fmlloader-1.20.1-47.3.7.jar%2367!/:?]
	at net.minecraftforge.fml.loading.targets.CommonServerLaunchHandler.lambda$makeService$0(CommonServerLaunchHandler.java:27) ~[fmlloader-1.20.1-47.3.7.jar%2367!/:?]
	at cpw.mods.modlauncher.LaunchServiceHandlerDecorator.launch(LaunchServiceHandlerDecorator.java:30) ~[modlauncher-10.0.9.jar%2353!/:?]
	at cpw.mods.modlauncher.LaunchServiceHandler.launch(LaunchServiceHandler.java:53) ~[modlauncher-10.0.9.jar%2353!/:?]
	at cpw.mods.modlauncher.LaunchServiceHandler.launch(LaunchServiceHandler.java:71) ~[modlauncher-10.0.9.jar%2353!/:?]
	at cpw.mods.modlauncher.Launcher.run(Launcher.java:108) ~[modlauncher-10.0.9.jar%2353!/:?]
	at cpw.mods.modlauncher.Launcher.main(Launcher.java:78) ~[modlauncher-10.0.9.jar%2353!/:?]
	at cpw.mods.modlauncher.BootstrapLaunchConsumer.accept(BootstrapLaunchConsumer.java:26) ~[modlauncher-10.0.9.jar%2353!/:?]
	at cpw.mods.modlauncher.BootstrapLaunchConsumer.accept(BootstrapLaunchConsumer.java:23) ~[modlauncher-10.0.9.jar%2353!/:?]
	at cpw.mods.bootstraplauncher.BootstrapLauncher.main(BootstrapLauncher.java:141) ~[bootstraplauncher-1.1.2.jar:?]
[27Oct2025 16:28:52.765] [main/DEBUG] [io.netty.util.internal.PlatformDependent0/]: java.nio.DirectByteBuffer.<init>(long, int): unavailable
[27Oct2025 16:28:52.765] [main/DEBUG] [io.netty.util.internal.PlatformDependent/]: sun.misc.Unsafe: available
[27Oct2025 16:28:52.766] [main/DEBUG] [io.netty.util.internal.PlatformDependent/]: maxDirectMemory: 12884901888 bytes (maybe)
[27Oct2025 16:28:52.766] [main/DEBUG] [io.netty.util.internal.PlatformDependent/]: -Dio.netty.tmpdir: /tmp (java.io.tmpdir)
[27Oct2025 16:28:52.766] [main/DEBUG] [io.netty.util.internal.PlatformDependent/]: -Dio.netty.bitMode: 64 (sun.arch.data.model)
[27Oct2025 16:28:52.768] [main/DEBUG] [io.netty.util.internal.PlatformDependent/]: -Dio.netty.maxDirectMemory: -1 bytes
[27Oct2025 16:28:52.768] [main/DEBUG] [io.netty.util.internal.PlatformDependent/]: -Dio.netty.uninitializedArrayAllocationThreshold: -1
[27Oct2025 16:28:52.769] [main/DEBUG] [io.netty.util.internal.CleanerJava9/]: java.nio.ByteBuffer.cleaner(): available
[27Oct2025 16:28:52.769] [main/DEBUG] [io.netty.util.internal.PlatformDependent/]: -Dio.netty.noPreferDirect: false
[27Oct2025 16:28:52.772] [main/DEBUG] [mixin/]: Mixing SimpleChannelMixin from connectivity.mixins.json into net.minecraftforge.network.simple.SimpleChannel
[27Oct2025 16:28:52.837] [main/INFO] [com.teampotato.redirector.Redirector/]: Redirecting net/minecraftforge/network/NetworkDirection
[27Oct2025 16:28:52.840] [main/DEBUG] [mixin/]: Mixing networkstats.CCustomPayloadPacketNameMixin from connectivity.mixins.json into net.minecraft.network.protocol.game.ServerboundCustomPayloadPacket
[27Oct2025 16:28:52.844] [main/DEBUG] [mixin/]: Mixing FriendlyByteBufLimitMixin from connectivity.mixins.json into net.minecraft.network.FriendlyByteBuf
[27Oct2025 16:28:52.851] [main/DEBUG] [mixin/]: Mixing MixinFriendlyByteBufArgs from customnpcs.mixins.json into net.minecraft.network.FriendlyByteBuf
[27Oct2025 16:28:52.865] [main/DEBUG] [mixin/]: Mixing ClientBoundCustomPayloadPacketLMixin from connectivity.mixins.json into net.minecraft.network.protocol.game.ClientboundCustomPayloadPacket
[27Oct2025 16:28:52.865] [main/DEBUG] [mixin/]: Mixing networkstats.SCustomPayloadPlayPacketNameMixin from connectivity.mixins.json into net.minecraft.network.protocol.game.ClientboundCustomPayloadPacket
[27Oct2025 16:28:52.870] [main/DEBUG] [mixin/]: Mixing networkstats.CCustomPayloadLoginPacketNameMixin from connectivity.mixins.json into net.minecraft.network.protocol.login.ServerboundCustomQueryPacket
[27Oct2025 16:28:52.872] [main/DEBUG] [mixin/]: Mixing networkstats.SCustomPayloadLoginPacketNameMixin from connectivity.mixins.json into net.minecraft.network.protocol.login.ClientboundCustomQueryPacket
[27Oct2025 16:28:52.901] [main/DEBUG] [mixin/]: Mixing MixinOpenContainer from customnpcs.mixins.json into net.minecraftforge.network.PlayMessages$OpenContainer
[27Oct2025 16:28:52.901] [main/DEBUG] [mixin/]: Renaming @Invoker method OpenContainer(Lnet/minecraft/world/inventory/MenuType;ILnet/minecraft/network/chat/Component;Lnet/minecraft/network/FriendlyByteBuf;)Lnet/minecraftforge/network/PlayMessages$OpenContainer; to OpenContainer_$md$0cfdd6$0 in customnpcs.mixins.json:MixinOpenContainer
[27Oct2025 16:28:52.931] [main/INFO] [com.teampotato.redirector.Redirector/]: Redirecting net/minecraft/world/item/DyeColor
[27Oct2025 16:28:52.936] [main/INFO] [com.teampotato.redirector.Redirector/]: Redirecting net/minecraft/util/ByIdMap$OutOfBoundsStrategy
[27Oct2025 16:28:52.949] [main/DEBUG] [mixin/]: Mixing minecraft/BlockEntityMixin from itemproductionlib.mixins.json into net.minecraft.world.level.block.entity.BlockEntity
[27Oct2025 16:28:52.956] [main/DEBUG] [mixin/]: Mixing MixinFallingBlockEntity from architectury.mixins.json into net.minecraft.world.entity.item.FallingBlockEntity
[27Oct2025 16:28:52.999] [main/DEBUG] [mixin/]: Mixing RandomizableContainerBlockEntityMixin from locks.mixins.json into net.minecraft.world.level.block.entity.RandomizableContainerBlockEntity
[27Oct2025 16:28:53.005] [main/DEBUG] [mixin/]: Mixing LockableTileEntityMixin from locks.mixins.json into net.minecraft.world.level.block.entity.BaseContainerBlockEntity
[27Oct2025 16:28:53.005] [main/DEBUG] [mixin/]: Mixing patches.block.entity.MixinBaseContainerBlockEntity from bookshelf.forge.mixins.json into net.minecraft.world.level.block.entity.BaseContainerBlockEntity
[27Oct2025 16:28:53.096] [main/INFO] [com.teampotato.redirector.Redirector/]: Redirecting net/minecraft/world/effect/MobEffectCategory
[27Oct2025 16:28:53.099] [main/DEBUG] [mixin/]: Mixing AccessorRangedAttribute from attributefix.mixins.json into net.minecraft.world.entity.ai.attributes.RangedAttribute
[27Oct2025 16:28:53.101] [main/INFO] [com.teampotato.redirector.Redirector/]: Redirecting net/minecraft/world/entity/ai/attributes/AttributeModifier$Operation
[27Oct2025 16:28:53.189] [main/DEBUG] [mixin/]: Mixing ChestTileEntityMixin from locks.mixins.json into net.minecraft.world.level.block.entity.ChestBlockEntity
[27Oct2025 16:28:53.229] [main/DEBUG] [mixin/]: Mixing AbstractContainerMenuMixin from customnpcs.mixins.json into net.minecraft.world.inventory.AbstractContainerMenu
[27Oct2025 16:28:53.236] [main/DEBUG] [mixin/]: Mixing minecraft/CraftingMenuMixin from itemproductionlib.mixins.json into net.minecraft.world.inventory.CraftingMenu
[27Oct2025 16:28:53.238] [main/DEBUG] [mixin/]: Mixing accessors.inventory.AccessorCraftingMenu from bookshelf.common.mixins.json into net.minecraft.world.inventory.CraftingMenu
[27Oct2025 16:28:53.244] [main/DEBUG] [mixin/]: Mixing AbstractFurnaceTileEntityMixin from locks.mixins.json into net.minecraft.world.level.block.entity.AbstractFurnaceBlockEntity
[27Oct2025 16:28:53.245] [main/DEBUG] [mixin/]: Mixing minecraft/AbstractFurnaceBlockEntityMixin from itemproductionlib.mixins.json into net.minecraft.world.level.block.entity.AbstractFurnaceBlockEntity
[27Oct2025 16:28:53.269] [main/DEBUG] [mixin/]: Mixing accessors.block.entity.AccessorSignBlockEntity from bookshelf.common.mixins.json into net.minecraft.world.level.block.entity.SignBlockEntity
[27Oct2025 16:28:53.362] [main/INFO] [com.teampotato.redirector.Redirector/]: Redirecting net/minecraft/world/level/block/PressurePlateBlock$Sensitivity
[27Oct2025 16:28:53.407] [main/DEBUG] [mixin/]: Mixing accessors.entity.AccessorMob from bookshelf.common.mixins.json into net.minecraft.world.entity.Mob
[27Oct2025 16:28:53.467] [main/INFO] [com.teampotato.redirector.Redirector/]: Redirecting net/minecraft/world/level/block/MultifaceSpreader$SpreadType
[27Oct2025 16:28:53.483] [main/DEBUG] [mixin/]: Mixing minecraft/BrewingStandBlockEntityMixin from itemproductionlib.mixins.json into net.minecraft.world.level.block.entity.BrewingStandBlockEntity
[27Oct2025 16:28:53.497] [main/INFO] [com.teampotato.redirector.Redirector/]: Redirecting net/minecraft/world/InteractionHand
[27Oct2025 16:28:53.500] [main/DEBUG] [net.minecraftforge.coremod.transformer.CoreModBaseTransformer/COREMOD]: Transforming net/minecraft/world/item/ItemStack
[27Oct2025 16:28:53.501] [main/DEBUG] [mixin/]: Mixing StackMixin from fcl.mixins.json into net.minecraft.world.item.ItemStack
[27Oct2025 16:28:53.507] [main/INFO] [com.teampotato.redirector.Redirector/]: Redirecting net/minecraft/world/InteractionResult
[27Oct2025 16:28:53.509] [main/INFO] [com.teampotato.redirector.Redirector/]: Redirecting net/minecraft/world/level/biome/Biome$Precipitation
[27Oct2025 16:28:53.555] [main/INFO] [com.teampotato.redirector.Redirector/]: Redirecting net/minecraft/world/level/block/SkullBlock$Types
[27Oct2025 16:28:53.570] [main/DEBUG] [mixin/]: Mixing HopperTileEntityMixin from locks.mixins.json into net.minecraft.world.level.block.entity.HopperBlockEntity
[27Oct2025 16:28:53.710] [main/DEBUG] [mixin/]: Mixing LecternTileEntityMixin from assets/camera/camera.mixins.json into net.minecraft.world.level.block.entity.LecternBlockEntity
[27Oct2025 16:28:53.718] [main/DEBUG] [mixin/]: Mixing minecraft/SmithingMenuMixin from itemproductionlib.mixins.json into net.minecraft.world.inventory.SmithingMenu
[27Oct2025 16:28:53.727] [main/DEBUG] [mixin/]: Mixing minecraft/CampfireBlockEntityMixin from itemproductionlib.mixins.json into net.minecraft.world.level.block.entity.CampfireBlockEntity
[27Oct2025 16:28:53.778] [main/INFO] [com.teampotato.redirector.Redirector/]: Redirecting net/minecraft/world/level/block/WeatheringCopper$WeatherState
[27Oct2025 16:28:53.783] [main/DEBUG] [mixin/]: Mixing patches.entity.MixinLightningBolt from bookshelf.common.mixins.json into net.minecraft.world.entity.LightningBolt
[27Oct2025 16:28:53.786] [main/DEBUG] [mixin/]: Mixing MixinLightningBolt from architectury-common.mixins.json into net.minecraft.world.entity.LightningBolt
[27Oct2025 16:28:53.823] [main/DEBUG] [net.minecraftforge.coremod.transformer.CoreModBaseTransformer/COREMOD]: Transforming net/minecraft/world/entity/animal/frog/Tadpole
[27Oct2025 16:28:53.868] [main/DEBUG] [net.minecraftforge.coremod.transformer.CoreModBaseTransformer/COREMOD]: Transforming net/minecraft/world/item/BucketItem
[27Oct2025 16:28:53.868] [main/DEBUG] [mixin/]: Mixing inject.MixinBucketItem from architectury-common.mixins.json into net.minecraft.world.item.BucketItem
[27Oct2025 16:28:53.874] [main/DEBUG] [mixin/]: Mixing BundleItemMixin from mixins.cuffed.json into net.minecraft.world.item.BundleItem
[27Oct2025 16:28:53.882] [main/DEBUG] [mixin/]: Mixing MixinShearsItem from curios.mixins.json into net.minecraft.world.item.ShearsItem
[27Oct2025 16:28:53.893] [main/DEBUG] [mixin/]: Mixing common.LeadItemMixin from jeg.mixins.json into net.minecraft.world.item.LeadItem
[27Oct2025 16:28:53.895] [main/DEBUG] [mixin/]: jeg.mixins.json:common.LeadItemMixin: Class version 61 required is higher than the class version supported by the current version of Mixin (JAVA_8 supports class version 52)
[27Oct2025 16:28:53.921] [main/DEBUG] [mixin/]: Mixing inject.MixinItemProperties from architectury-common.mixins.json into net.minecraft.world.item.Item$Properties
[27Oct2025 16:28:53.928] [main/INFO] [com.teampotato.redirector.Redirector/]: Redirecting net/minecraft/world/item/Rarity
[27Oct2025 16:28:53.947] [main/INFO] [com.teampotato.redirector.Redirector/]: Redirecting net/minecraft/world/entity/vehicle/AbstractMinecart$Type
[27Oct2025 16:28:53.974] [main/INFO] [com.teampotato.redirector.Redirector/]: Redirecting net/minecraft/world/entity/MobCategory
[27Oct2025 16:28:53.976] [main/DEBUG] [mixin/]: Mixing perf.dynamic_dfu.EntityTypeBuilderMixin from modernfix-common.mixins.json into net.minecraft.world.entity.EntityType$Builder
[27Oct2025 16:28:53.995] [main/DEBUG] [mixin/]: Mixing perf.ticking_chunk_alloc.BatMixin from modernfix-common.mixins.json into net.minecraft.world.entity.ambient.Bat
[27Oct2025 16:28:54.040] [main/DEBUG] [net.minecraftforge.coremod.transformer.CoreModBaseTransformer/COREMOD]: Transforming net/minecraft/world/entity/monster/Spider
[27Oct2025 16:28:54.065] [main/DEBUG] [mixin/]: Mixing common.AbstractSkeletonMixin from jeg.mixins.json into net.minecraft.world.entity.monster.AbstractSkeleton
[27Oct2025 16:28:54.066] [main/DEBUG] [mixin/]: jeg.mixins.json:common.AbstractSkeletonMixin: Class version 61 required is higher than the class version supported by the current version of Mixin (JAVA_8 supports class version 52)
[27Oct2025 16:28:54.103] [main/DEBUG] [net.minecraftforge.coremod.transformer.CoreModBaseTransformer/COREMOD]: Transforming net/minecraft/world/entity/monster/Zombie
[27Oct2025 16:28:54.157] [main/DEBUG] [net.minecraftforge.coremod.transformer.CoreModBaseTransformer/COREMOD]: Transforming net/minecraft/world/entity/monster/ZombieVillager
[27Oct2025 16:28:54.198] [main/INFO] [com.teampotato.redirector.Redirector/]: Redirecting net/minecraft/world/entity/ai/goal/Goal$Flag
[27Oct2025 16:28:54.219] [main/DEBUG] [net.minecraftforge.coremod.transformer.CoreModBaseTransformer/COREMOD]: Transforming net/minecraft/world/entity/monster/Evoker$EvokerSummonSpellGoal
[27Oct2025 16:28:54.346] [main/DEBUG] [net.minecraftforge.coremod.transformer.CoreModBaseTransformer/COREMOD]: Transforming net/minecraft/world/entity/animal/horse/SkeletonTrapGoal
[27Oct2025 16:28:54.363] [main/DEBUG] [mixin/]: Mixing BaseSpawnerMixin from customnpcs.mixins.json into net.minecraft.world.level.BaseSpawner
[27Oct2025 16:28:54.369] [main/DEBUG] [net.minecraftforge.coremod.transformer.CoreModBaseTransformer/COREMOD]: Transforming net/minecraft/world/entity/monster/Strider
[27Oct2025 16:28:54.418] [main/INFO] [com.teampotato.redirector.Redirector/]: Redirecting net/minecraft/world/entity/Pose
[27Oct2025 16:28:54.419] [main/INFO] [com.teampotato.redirector.Redirector/]: Redirecting net/minecraft/world/entity/animal/sniffer/Sniffer$State
[27Oct2025 16:28:54.421] [main/DEBUG] [mixin/]: Mixing SynchedEntityDataMixin from customnpcs.mixins.json into net.minecraft.network.syncher.SynchedEntityData
[27Oct2025 16:28:54.436] [main/DEBUG] [mixin/]: Mixing ServerPlayerMixin from customnpcs.mixins.json into net.minecraft.server.level.ServerPlayer
[27Oct2025 16:28:54.437] [main/DEBUG] [mixin/]: Mixing ServerPlayerMixin from playerrevive.mixins.json into net.minecraft.server.level.ServerPlayer
[27Oct2025 16:28:54.465] [main/DEBUG] [mixin/]: Mixing perf.ticking_chunk_alloc.ChunkAccessMixin from modernfix-common.mixins.json into net.minecraft.world.level.chunk.ChunkAccess
[27Oct2025 16:28:54.467] [main/DEBUG] [mixin/]: Mixing ChunkAccessMixin from smoothchunk.mixins.json into net.minecraft.world.level.chunk.ChunkAccess
[27Oct2025 16:28:54.468] [main/DEBUG] [mixin/]: Mixing ChunkPrimerMixin from locks.mixins.json into net.minecraft.world.level.chunk.ChunkAccess
[27Oct2025 16:28:54.468] [main/DEBUG] [mixin/]: Mixing common.chunk.ChunkAccessMixin from starlight.mixins.json into net.minecraft.world.level.chunk.ChunkAccess
[27Oct2025 16:28:54.475] [main/DEBUG] [mixin/]: Mixing ChunkSectionReadSkipMixin from connectivity.mixins.json into net.minecraft.world.level.chunk.LevelChunk
[27Oct2025 16:28:54.477] [main/DEBUG] [mixin/]: Mixing ChunkMixin from locks.mixins.json into net.minecraft.world.level.chunk.LevelChunk
[27Oct2025 16:28:54.477] [main/DEBUG] [mixin/]: Renaming synthetic method lambda$init$0(Lnet/minecraft/world/level/chunk/LevelChunk;)Lnet/minecraft/world/level/chunk/LevelChunk; to md0cfdd6$lambda$init$0$0 in locks.mixins.json:ChunkMixin
[27Oct2025 16:28:54.479] [main/DEBUG] [mixin/]: Mixing ChunkMixin from fcl.mixins.json into net.minecraft.world.level.chunk.LevelChunk
[27Oct2025 16:28:54.480] [main/DEBUG] [mixin/]: Mixing common.chunk.LevelChunkMixin from starlight.mixins.json into net.minecraft.world.level.chunk.LevelChunk
[27Oct2025 16:28:54.515] [main/DEBUG] [net.minecraftforge.coremod.transformer.CoreModBaseTransformer/COREMOD]: Transforming net/minecraft/world/entity/npc/Villager
[27Oct2025 16:28:54.616] [main/INFO] [com.teampotato.redirector.Redirector/]: Redirecting net/minecraft/world/item/ArmorItem$Type
[27Oct2025 16:28:54.617] [main/INFO] [com.teampotato.redirector.Redirector/]: Redirecting net/minecraft/world/entity/EquipmentSlot
[27Oct2025 16:28:54.618] [main/INFO] [com.teampotato.redirector.Redirector/]: Redirecting net/minecraft/world/entity/EquipmentSlot$Type
[27Oct2025 16:28:54.621] [main/INFO] [com.teampotato.redirector.Redirector/]: Redirecting net/minecraft/world/entity/vehicle/Boat$Type
[27Oct2025 16:28:54.623] [main/DEBUG] [mixin/]: Mixing ArmorMaterialsMixin from customnpcs.mixins.json into net.minecraft.world.item.ArmorMaterials
[27Oct2025 16:28:54.624] [main/INFO] [com.teampotato.redirector.Redirector/]: Redirecting net/minecraft/world/item/ArmorMaterials
[27Oct2025 16:28:54.627] [main/DEBUG] [mixin/]: Mixing perf.faster_ingredients.IngredientMixin from modernfix-forge.mixins.json into net.minecraft.world.item.crafting.Ingredient
[27Oct2025 16:28:54.627] [main/DEBUG] [mixin/]: Renaming synthetic method lambda$computeItemsArray$1(I)[Lnet/minecraft/world/item/ItemStack; to md0cfdd6$lambda$computeItemsArray$1$0 in modernfix-forge.mixins.json:perf.faster_ingredients.IngredientMixin
[27Oct2025 16:28:54.627] [main/DEBUG] [mixin/]: Renaming synthetic method lambda$modernfix$fasterTagIngredientStacking$0(Lnet/minecraft/core/Holder;)I to md0cfdd6$lambda$modernfix$fasterTagIngredientStacking$0$1 in modernfix-forge.mixins.json:perf.faster_ingredients.IngredientMixin
[27Oct2025 16:28:54.641] [main/DEBUG] [mixin/]: Mixing perf.smart_ingredient_sync.IngredientMixin from modernfix-forge.mixins.json into net.minecraft.world.item.crafting.Ingredient
[27Oct2025 16:28:54.656] [main/DEBUG] [mixin/]: Mixing inject.MixinFoodPropertiesBuilder from architectury-common.mixins.json into net.minecraft.world.food.FoodProperties$Builder
[27Oct2025 16:28:54.658] [main/DEBUG] [net.minecraftforge.coremod.transformer.CoreModBaseTransformer/COREMOD]: Transforming net/minecraft/world/effect/MobEffectInstance
[27Oct2025 16:28:54.658] [main/DEBUG] [mixin/]: Mixing accessors.effect.AccessorMobEffectInstance from bookshelf.common.mixins.json into net.minecraft.world.effect.MobEffectInstance
[27Oct2025 16:28:54.663] [main/INFO] [com.teampotato.redirector.Redirector/]: Redirecting net/minecraft/world/item/Tiers
[27Oct2025 16:28:54.691] [main/DEBUG] [mixin/]: Mixing bugfix.forge_vehicle_packets.ServerGamePacketListenerImplMixin from modernfix-forge.mixins.json into net.minecraft.server.network.ServerGamePacketListenerImpl
[27Oct2025 16:28:54.692] [main/DEBUG] [mixin/]: Mixing ServerPlayNetHandlerMixin from connectivity.mixins.json into net.minecraft.server.network.ServerGamePacketListenerImpl
[27Oct2025 16:28:54.692] [main/DEBUG] [mixin/]: Renaming synthetic method lambda$on$0(Lnet/minecraft/network/chat/Component;)V to md0cfdd6$lambda$on$0$0 in connectivity.mixins.json:ServerPlayNetHandlerMixin
[27Oct2025 16:28:54.712] [main/INFO] [com.teampotato.redirector.Redirector/]: Redirecting net/minecraft/network/protocol/game/ClientboundPlayerInfoUpdatePacket$Action
[27Oct2025 16:28:54.734] [main/DEBUG] [mixin/]: Mixing ScoreBoardMixin from customnpcs.mixins.json into net.minecraft.world.scores.Scoreboard
[27Oct2025 16:28:54.769] [main/INFO] [com.teampotato.redirector.Redirector/]: Redirecting net/minecraft/world/item/enchantment/Enchantment$Rarity
[27Oct2025 16:28:54.770] [main/INFO] [com.teampotato.redirector.Redirector/]: Redirecting net/minecraft/world/item/enchantment/ProtectionEnchantment$Type
[27Oct2025 16:28:54.771] [main/INFO] [com.teampotato.redirector.Redirector/]: Redirecting net/minecraft/world/item/enchantment/EnchantmentCategory
[27Oct2025 16:28:54.805] [main/INFO] [com.teampotato.redirector.Redirector/]: Redirecting net/minecraft/world/scores/criteria/ObjectiveCriteria$RenderType
[27Oct2025 16:28:54.808] [main/INFO] [com.teampotato.redirector.Redirector/]: Redirecting net/minecraft/world/level/levelgen/Heightmap$Types
[27Oct2025 16:28:54.809] [main/DEBUG] [mixin/]: Mixing common.lightengine.LevelLightEngineMixin from starlight.mixins.json into net.minecraft.world.level.lighting.LevelLightEngine
[27Oct2025 16:28:54.810] [main/DEBUG] [mixin/]: Renaming synthetic method lambda$clientUpdateLight$1(J)[Lca/spottedleaf/starlight/common/light/SWMRNibbleArray; to md0cfdd6$lambda$clientUpdateLight$1$0 in starlight.mixins.json:common.lightengine.LevelLightEngineMixin
[27Oct2025 16:28:54.810] [main/DEBUG] [mixin/]: Renaming synthetic method lambda$clientUpdateLight$0(J)[Lca/spottedleaf/starlight/common/light/SWMRNibbleArray; to md0cfdd6$lambda$clientUpdateLight$0$1 in starlight.mixins.json:common.lightengine.LevelLightEngineMixin
[27Oct2025 16:28:54.834] [main/DEBUG] [mixin/]: Mixing common.lightengine.ThreadedLevelLightEngineMixin from starlight.mixins.json into net.minecraft.server.level.ThreadedLevelLightEngine
[27Oct2025 16:28:54.835] [main/DEBUG] [mixin/]: Renaming synthetic method lambda$lightChunk$7(Lnet/minecraft/world/level/ChunkPos;Lnet/minecraft/world/level/chunk/ChunkAccess;Ljava/lang/Throwable;)V to md0cfdd6$lambda$lightChunk$7$0 in starlight.mixins.json:common.lightengine.ThreadedLevelLightEngineMixin
[27Oct2025 16:28:54.835] [main/DEBUG] [mixin/]: Renaming synthetic method lambda$lightChunk$6(Lnet/minecraft/world/level/ChunkPos;Ljava/lang/Runnable;)V to md0cfdd6$lambda$lightChunk$6$1 in starlight.mixins.json:common.lightengine.ThreadedLevelLightEngineMixin
[27Oct2025 16:28:54.835] [main/DEBUG] [mixin/]: Renaming synthetic method lambda$lightChunk$5(Lnet/minecraft/world/level/chunk/ChunkAccess;ZLnet/minecraft/world/level/ChunkPos;)Lnet/minecraft/world/level/chunk/ChunkAccess; to md0cfdd6$lambda$lightChunk$5$2 in starlight.mixins.json:common.lightengine.ThreadedLevelLightEngineMixin
[27Oct2025 16:28:54.835] [main/DEBUG] [mixin/]: Renaming synthetic method lambda$updateSectionStatus$4(Lnet/minecraft/core/SectionPos;Z)Ljava/util/concurrent/CompletableFuture; to md0cfdd6$lambda$updateSectionStatus$4$3 in starlight.mixins.json:common.lightengine.ThreadedLevelLightEngineMixin
[27Oct2025 16:28:54.835] [main/DEBUG] [mixin/]: Renaming synthetic method lambda$checkBlock$3(Lnet/minecraft/core/BlockPos;)Ljava/util/concurrent/CompletableFuture; to md0cfdd6$lambda$checkBlock$3$4 in starlight.mixins.json:common.lightengine.ThreadedLevelLightEngineMixin
[27Oct2025 16:28:54.835] [main/DEBUG] [mixin/]: Renaming synthetic method lambda$queueTaskForSection$2(IILjava/lang/Void;Ljava/lang/Throwable;)V to md0cfdd6$lambda$queueTaskForSection$2$5 in starlight.mixins.json:common.lightengine.ThreadedLevelLightEngineMixin
[27Oct2025 16:28:54.835] [main/DEBUG] [mixin/]: Renaming synthetic method lambda$queueTaskForSection$1(JIILnet/minecraft/server/level/ServerLevel;Ljava/lang/Void;)V to md0cfdd6$lambda$queueTaskForSection$1$6 in starlight.mixins.json:common.lightengine.ThreadedLevelLightEngineMixin
[27Oct2025 16:28:54.835] [main/DEBUG] [mixin/]: Renaming synthetic method lambda$queueTaskForSection$0(IIILjava/util/function/Supplier;)V to md0cfdd6$lambda$queueTaskForSection$0$7 in starlight.mixins.json:common.lightengine.ThreadedLevelLightEngineMixin
[27Oct2025 16:28:54.851] [main/INFO] [com.teampotato.redirector.Redirector/]: Redirecting net/minecraft/world/level/levelgen/Heightmap$Usage
[27Oct2025 16:28:54.855] [main/DEBUG] [mixin/]: Mixing perf.cache_upgraded_structures.StructureManagerMixin from modernfix-common.mixins.json into net.minecraft.world.level.levelgen.structure.templatesystem.StructureTemplateManager
[27Oct2025 16:28:54.857] [main/DEBUG] [mixin/]: Mixing perf.dynamic_structure_manager.StructureManagerMixin from modernfix-common.mixins.json into net.minecraft.world.level.levelgen.structure.templatesystem.StructureTemplateManager
[27Oct2025 16:28:54.863] [main/INFO] [com.teampotato.redirector.Redirector/]: Redirecting net/minecraft/world/level/chunk/ChunkStatus$ChunkType
[27Oct2025 16:28:54.890] [main/DEBUG] [mixin/]: Mixing MixinInventory from curios.mixins.json into net.minecraft.world.entity.player.Inventory
[27Oct2025 16:28:54.908] [main/INFO] [com.teampotato.redirector.Redirector/]: Redirecting net/minecraft/world/item/crafting/CraftingBookCategory
[27Oct2025 16:28:54.913] [main/DEBUG] [mixin/]: Mixing accessors.item.crafting.AccessorShapedRecipe from bookshelf.common.mixins.json into net.minecraft.world.item.crafting.ShapedRecipe
[27Oct2025 16:28:54.913] [main/DEBUG] [mixin/]: Renaming @Invoker method bookshelf$keyFromJson(Lcom/google/gson/JsonObject;)Ljava/util/Map; to bookshelf$keyFromJson_$md$0cfdd6$0 in bookshelf.common.mixins.json:accessors.item.crafting.AccessorShapedRecipe
[27Oct2025 16:28:54.914] [main/DEBUG] [mixin/]: Renaming @Invoker method bookshelf$shrink([Ljava/lang/String;)[Ljava/lang/String; to bookshelf$shrink_$md$0cfdd6$1 in bookshelf.common.mixins.json:accessors.item.crafting.AccessorShapedRecipe
[27Oct2025 16:28:54.914] [main/DEBUG] [mixin/]: Renaming @Invoker method bookshelf$patternFromJson(Lcom/google/gson/JsonArray;)[Ljava/lang/String; to bookshelf$patternFromJson_$md$0cfdd6$2 in bookshelf.common.mixins.json:accessors.item.crafting.AccessorShapedRecipe
[27Oct2025 16:28:54.914] [main/DEBUG] [mixin/]: Renaming @Invoker method bookshelf$dissolvePattern([Ljava/lang/String;Ljava/util/Map;II)Lnet/minecraft/core/NonNullList; to bookshelf$dissolvePattern_$md$0cfdd6$3 in bookshelf.common.mixins.json:accessors.item.crafting.AccessorShapedRecipe
[27Oct2025 16:28:54.923] [main/INFO] [com.teampotato.redirector.Redirector/]: Redirecting net/minecraft/world/item/crafting/CookingBookCategory
[27Oct2025 16:28:55.021] [main/DEBUG] [mixin/]: Mixing MixinApplyBonusCount from curios.mixins.json into net.minecraft.world.level.storage.loot.functions.ApplyBonusCount
[27Oct2025 16:28:55.063] [main/DEBUG] [mixin/]: Mixing accessors.util.random.AccessorWeightedRandomList from bookshelf.common.mixins.json into net.minecraft.util.random.WeightedRandomList
[27Oct2025 16:28:55.095] [main/INFO] [com.teampotato.redirector.Redirector/]: Redirecting net/minecraft/core/Holder$Kind
[27Oct2025 16:28:55.197] [main/INFO] [com.teampotato.redirector.Redirector/]: Redirecting net/minecraft/world/level/levelgen/placement/CaveSurface
[27Oct2025 16:28:55.259] [main/INFO] [com.teampotato.redirector.Redirector/]: Redirecting net/minecraft/world/level/levelgen/structure/placement/StructurePlacement$FrequencyReductionMethod
[27Oct2025 16:28:55.263] [main/DEBUG] [net.minecraftforge.coremod.transformer.CoreModBaseTransformer/COREMOD]: Transforming net/minecraft/world/level/levelgen/structure/Structure
[27Oct2025 16:28:55.270] [main/INFO] [com.teampotato.redirector.Redirector/]: Redirecting net/minecraft/world/level/levelgen/structure/placement/RandomSpreadType
[27Oct2025 16:28:55.305] [main/DEBUG] [net.minecraftforge.coremod.transformer.CoreModBaseTransformer/COREMOD]: Transforming net/minecraft/world/level/levelgen/structure/structures/OceanRuinPieces$OceanRuinPiece
[27Oct2025 16:28:55.319] [main/DEBUG] [net.minecraftforge.coremod.transformer.CoreModBaseTransformer/COREMOD]: Transforming net/minecraft/world/level/levelgen/structure/structures/SwampHutPiece
[27Oct2025 16:28:55.330] [main/DEBUG] [net.minecraftforge.coremod.transformer.CoreModBaseTransformer/COREMOD]: Transforming net/minecraft/world/level/levelgen/structure/structures/OceanMonumentPieces$OceanMonumentPiece
[27Oct2025 16:28:55.348] [main/DEBUG] [net.minecraftforge.coremod.transformer.CoreModBaseTransformer/COREMOD]: Transforming net/minecraft/world/level/levelgen/structure/structures/WoodlandMansionPieces$WoodlandMansionPiece
[27Oct2025 16:28:55.364] [main/INFO] [com.teampotato.redirector.Redirector/]: Redirecting net/minecraft/world/level/levelgen/structure/StructureSpawnOverride$BoundingBoxType
[27Oct2025 16:28:55.369] [main/INFO] [com.teampotato.redirector.Redirector/]: Redirecting net/minecraft/world/level/levelgen/GenerationStep$Decoration
[27Oct2025 16:28:55.371] [main/INFO] [com.teampotato.redirector.Redirector/]: Redirecting net/minecraft/world/level/levelgen/structure/TerrainAdjustment
[27Oct2025 16:28:55.377] [main/DEBUG] [mixin/]: Mixing accessors.world.AccessorStructureTemplatePool from bookshelf.common.mixins.json into net.minecraft.world.level.levelgen.structure.pools.StructureTemplatePool
[27Oct2025 16:28:55.386] [main/INFO] [com.teampotato.redirector.Redirector/]: Redirecting net/minecraft/world/level/levelgen/structure/structures/MineshaftStructure$Type
[27Oct2025 16:28:55.390] [main/INFO] [com.teampotato.redirector.Redirector/]: Redirecting net/minecraft/world/level/levelgen/structure/structures/OceanRuinStructure$Type
[27Oct2025 16:28:55.394] [main/INFO] [com.teampotato.redirector.Redirector/]: Redirecting net/minecraft/world/level/levelgen/structure/structures/RuinedPortalPiece$VerticalPlacement
[27Oct2025 16:28:55.414] [main/INFO] [com.teampotato.redirector.Redirector/]: Redirecting net/minecraft/world/level/levelgen/GenerationStep$Carving
[27Oct2025 16:28:55.456] [main/DEBUG] [net.minecraftforge.coremod.transformer.CoreModBaseTransformer/COREMOD]: Transforming net/minecraft/world/level/biome/Biome
[27Oct2025 16:28:55.456] [main/DEBUG] [mixin/]: Mixing perf.remove_biome_temperature_cache.BiomeMixin from modernfix-common.mixins.json into net.minecraft.world.level.biome.Biome
[27Oct2025 16:28:55.457] [main/DEBUG] [mixin/]: Mixing common.BiomeMixin from mts.mixins.json into net.minecraft.world.level.biome.Biome
[27Oct2025 16:28:55.466] [main/INFO] [com.teampotato.redirector.Redirector/]: Redirecting net/minecraft/world/level/biome/Biome$TemperatureModifier
[27Oct2025 16:28:55.471] [main/INFO] [com.teampotato.redirector.Redirector/]: Redirecting net/minecraft/world/level/biome/BiomeSpecialEffects$GrassColorModifier
[27Oct2025 16:28:55.512] [main/DEBUG] [mixin/]: Mixing NoiseChunkGeneratorMixin from customnpcs.mixins.json into net.minecraft.world.level.levelgen.NoiseBasedChunkGenerator
[27Oct2025 16:28:55.559] [main/INFO] [com.teampotato.redirector.Redirector/]: Redirecting net/minecraft/world/level/levelgen/SurfaceRules$Temperature
[27Oct2025 16:28:55.560] [main/INFO] [com.teampotato.redirector.Redirector/]: Redirecting net/minecraft/world/level/levelgen/SurfaceRules$Steep
[27Oct2025 16:28:55.561] [main/INFO] [com.teampotato.redirector.Redirector/]: Redirecting net/minecraft/world/level/levelgen/SurfaceRules$Hole
[27Oct2025 16:28:55.562] [main/INFO] [com.teampotato.redirector.Redirector/]: Redirecting net/minecraft/world/level/levelgen/SurfaceRules$AbovePreliminarySurface
[27Oct2025 16:28:55.563] [main/INFO] [com.teampotato.redirector.Redirector/]: Redirecting net/minecraft/world/level/levelgen/SurfaceRules$Bandlands
[27Oct2025 16:28:55.570] [main/INFO] [com.teampotato.redirector.Redirector/]: Redirecting net/minecraft/world/level/levelgen/DensityFunctions$BlendAlpha
[27Oct2025 16:28:55.571] [main/INFO] [com.teampotato.redirector.Redirector/]: Redirecting net/minecraft/world/level/levelgen/DensityFunctions$BlendOffset
[27Oct2025 16:28:55.571] [main/INFO] [com.teampotato.redirector.Redirector/]: Redirecting net/minecraft/world/level/levelgen/DensityFunctions$BeardifierMarker
[27Oct2025 16:28:55.574] [main/INFO] [com.teampotato.redirector.Redirector/]: Redirecting net/minecraft/world/level/levelgen/DensityFunctions$Marker$Type
[27Oct2025 16:28:55.580] [main/INFO] [com.teampotato.redirector.Redirector/]: Redirecting net/minecraft/world/level/levelgen/DensityFunctions$WeirdScaledSampler$RarityValueMapper
[27Oct2025 16:28:55.594] [main/INFO] [com.teampotato.redirector.Redirector/]: Redirecting net/minecraft/world/level/levelgen/DensityFunctions$Mapped$Type
[27Oct2025 16:28:55.595] [main/INFO] [com.teampotato.redirector.Redirector/]: Redirecting net/minecraft/world/level/levelgen/DensityFunctions$TwoArgumentSimpleFunction$Type
[27Oct2025 16:28:55.610] [main/INFO] [com.teampotato.redirector.Redirector/]: Redirecting net/minecraft/world/level/levelgen/structure/pools/StructureTemplatePool$Projection
[27Oct2025 16:28:55.617] [main/INFO] [com.teampotato.redirector.Redirector/]: Redirecting net/minecraft/world/item/CreativeModeTab$Row
[27Oct2025 16:28:55.619] [main/INFO] [com.teampotato.redirector.Redirector/]: Redirecting net/minecraft/world/item/CreativeModeTab$Type
[27Oct2025 16:28:55.717] [main/DEBUG] [net.minecraftforge.common.ForgeI18n/CORE]: Loading I18N data entries: 6430
[27Oct2025 16:28:55.733] [main/DEBUG] [net.minecraftforge.fml.ModWorkManager/LOADING]: Using 4 threads for parallel mod-loading
[27Oct2025 16:28:55.740] [main/DEBUG] [net.minecraftforge.fml.javafmlmod.FMLJavaModLanguageProvider/LOADING]: Loading FMLModContainer from classloader cpw.mods.modlauncher.TransformingClassLoader@2676dc05 - got cpw.mods.cl.ModuleClassLoader@5d39f2d8
[27Oct2025 16:28:55.740] [main/DEBUG] [net.minecraftforge.fml.javafmlmod.FMLModContainer/LOADING]: Creating FMLModContainer instance for com.smoothchunk.SmoothchunkMod
[27Oct2025 16:28:55.742] [main/DEBUG] [net.minecraftforge.fml.javafmlmod.FMLJavaModLanguageProvider/LOADING]: Loading FMLModContainer from classloader cpw.mods.modlauncher.TransformingClassLoader@2676dc05 - got cpw.mods.cl.ModuleClassLoader@5d39f2d8
[27Oct2025 16:28:55.742] [main/DEBUG] [net.minecraftforge.fml.javafmlmod.FMLModContainer/LOADING]: Creating FMLModContainer instance for com.lazrproductions.cuffed.CuffedMod
[27Oct2025 16:28:55.743] [main/DEBUG] [net.minecraftforge.fml.javafmlmod.FMLJavaModLanguageProvider/LOADING]: Loading FMLModContainer from classloader cpw.mods.modlauncher.TransformingClassLoader@2676dc05 - got cpw.mods.cl.ModuleClassLoader@5d39f2d8
[27Oct2025 16:28:55.743] [main/DEBUG] [net.minecraftforge.fml.javafmlmod.FMLModContainer/LOADING]: Creating FMLModContainer instance for com.podloot.eyemod.Eye
[27Oct2025 16:28:55.744] [main/DEBUG] [net.minecraftforge.fml.javafmlmod.FMLJavaModLanguageProvider/LOADING]: Loading FMLModContainer from classloader cpw.mods.modlauncher.TransformingClassLoader@2676dc05 - got cpw.mods.cl.ModuleClassLoader@5d39f2d8
[27Oct2025 16:28:55.744] [main/DEBUG] [net.minecraftforge.fml.javafmlmod.FMLModContainer/LOADING]: Creating FMLModContainer instance for bh.ForgePackLoader
[27Oct2025 16:28:55.744] [main/DEBUG] [net.minecraftforge.fml.javafmlmod.FMLJavaModLanguageProvider/LOADING]: Loading FMLModContainer from classloader cpw.mods.modlauncher.TransformingClassLoader@2676dc05 - got cpw.mods.cl.ModuleClassLoader@5d39f2d8
[27Oct2025 16:28:55.744] [main/DEBUG] [net.minecraftforge.fml.javafmlmod.FMLModContainer/LOADING]: Creating FMLModContainer instance for software.bernie.example.GeckoLibMod
[27Oct2025 16:28:55.745] [main/DEBUG] [net.minecraftforge.fml.javafmlmod.FMLJavaModLanguageProvider/LOADING]: Loading FMLModContainer from classloader cpw.mods.modlauncher.TransformingClassLoader@2676dc05 - got cpw.mods.cl.ModuleClassLoader@5d39f2d8
[27Oct2025 16:28:55.745] [main/DEBUG] [net.minecraftforge.fml.javafmlmod.FMLModContainer/LOADING]: Creating FMLModContainer instance for dev.isxander.culllessleaves.CullLessLeaves
[27Oct2025 16:28:55.745] [main/DEBUG] [net.minecraftforge.fml.javafmlmod.FMLJavaModLanguageProvider/LOADING]: Loading FMLModContainer from classloader cpw.mods.modlauncher.TransformingClassLoader@2676dc05 - got cpw.mods.cl.ModuleClassLoader@5d39f2d8
[27Oct2025 16:28:55.745] [main/DEBUG] [net.minecraftforge.fml.javafmlmod.FMLModContainer/LOADING]: Creating FMLModContainer instance for team.creative.creativecore.CreativeCore
[27Oct2025 16:28:55.746] [main/DEBUG] [net.minecraftforge.fml.javafmlmod.FMLJavaModLanguageProvider/LOADING]: Loading FMLModContainer from classloader cpw.mods.modlauncher.TransformingClassLoader@2676dc05 - got cpw.mods.cl.ModuleClassLoader@5d39f2d8
[27Oct2025 16:28:55.746] [main/DEBUG] [net.minecraftforge.fml.javafmlmod.FMLModContainer/LOADING]: Creating FMLModContainer instance for melonslise.locks.Locks
[27Oct2025 16:28:55.747] [main/DEBUG] [net.minecraftforge.fml.javafmlmod.FMLJavaModLanguageProvider/LOADING]: Loading FMLModContainer from classloader cpw.mods.modlauncher.TransformingClassLoader@2676dc05 - got cpw.mods.cl.ModuleClassLoader@5d39f2d8
[27Oct2025 16:28:55.747] [main/DEBUG] [net.minecraftforge.fml.javafmlmod.FMLModContainer/LOADING]: Creating FMLModContainer instance for ttv.migami.jeg.JustEnoughGuns
[27Oct2025 16:28:55.748] [main/DEBUG] [net.minecraftforge.fml.javafmlmod.FMLJavaModLanguageProvider/LOADING]: Loading FMLModContainer from classloader cpw.mods.modlauncher.TransformingClassLoader@2676dc05 - got cpw.mods.cl.ModuleClassLoader@5d39f2d8
[27Oct2025 16:28:55.749] [main/DEBUG] [net.minecraftforge.fml.javafmlmod.FMLModContainer/LOADING]: Creating FMLModContainer instance for daripher.itemproduction.ItemProductionLib
[27Oct2025 16:28:55.749] [main/DEBUG] [net.minecraftforge.fml.javafmlmod.FMLJavaModLanguageProvider/LOADING]: Loading FMLModContainer from classloader cpw.mods.modlauncher.TransformingClassLoader@2676dc05 - got cpw.mods.cl.ModuleClassLoader@5d39f2d8
[27Oct2025 16:28:55.749] [main/DEBUG] [net.minecraftforge.fml.javafmlmod.FMLModContainer/LOADING]: Creating FMLModContainer instance for net.fexcraft.mod.fcl.FCL
[27Oct2025 16:28:55.750] [main/DEBUG] [net.minecraftforge.fml.javafmlmod.FMLJavaModLanguageProvider/LOADING]: Loading FMLModContainer from classloader cpw.mods.modlauncher.TransformingClassLoader@2676dc05 - got cpw.mods.cl.ModuleClassLoader@5d39f2d8
[27Oct2025 16:28:55.751] [main/DEBUG] [net.minecraftforge.fml.javafmlmod.FMLModContainer/LOADING]: Creating FMLModContainer instance for net.darkhax.attributefix.AttributeFixForge
[27Oct2025 16:28:55.751] [main/DEBUG] [net.minecraftforge.fml.javafmlmod.FMLJavaModLanguageProvider/LOADING]: Loading FMLModContainer from classloader cpw.mods.modlauncher.TransformingClassLoader@2676dc05 - got cpw.mods.cl.ModuleClassLoader@5d39f2d8
[27Oct2025 16:28:55.751] [main/DEBUG] [net.minecraftforge.fml.javafmlmod.FMLModContainer/LOADING]: Creating FMLModContainer instance for net.mcreator.fazroleplayplus.FazRoleplayPlusMod
[27Oct2025 16:28:55.752] [main/DEBUG] [net.minecraftforge.fml.javafmlmod.FMLJavaModLanguageProvider/LOADING]: Loading FMLModContainer from classloader cpw.mods.modlauncher.TransformingClassLoader@2676dc05 - got cpw.mods.cl.ModuleClassLoader@5d39f2d8
[27Oct2025 16:28:55.752] [main/DEBUG] [net.minecraftforge.fml.javafmlmod.FMLModContainer/LOADING]: Creating FMLModContainer instance for com.connectivity.Connectivity
[27Oct2025 16:28:55.752] [main/DEBUG] [net.minecraftforge.fml.javafmlmod.FMLJavaModLanguageProvider/LOADING]: Loading FMLModContainer from classloader cpw.mods.modlauncher.TransformingClassLoader@2676dc05 - got cpw.mods.cl.ModuleClassLoader@5d39f2d8
[27Oct2025 16:28:55.752] [main/DEBUG] [net.minecraftforge.fml.javafmlmod.FMLModContainer/LOADING]: Creating FMLModContainer instance for mod.casinocraft.CasinoCraft
[27Oct2025 16:28:55.753] [main/DEBUG] [net.minecraftforge.fml.javafmlmod.FMLJavaModLanguageProvider/LOADING]: Loading FMLModContainer from classloader cpw.mods.modlauncher.TransformingClassLoader@2676dc05 - got cpw.mods.cl.ModuleClassLoader@5d39f2d8
[27Oct2025 16:28:55.753] [main/DEBUG] [net.minecraftforge.fml.javafmlmod.FMLModContainer/LOADING]: Creating FMLModContainer instance for com.betterfpsdist.BetterfpsdistMod
[27Oct2025 16:28:55.753] [main/DEBUG] [net.minecraftforge.fml.javafmlmod.FMLJavaModLanguageProvider/LOADING]: Loading FMLModContainer from classloader cpw.mods.modlauncher.TransformingClassLoader@2676dc05 - got cpw.mods.cl.ModuleClassLoader@5d39f2d8
[27Oct2025 16:28:55.753] [main/DEBUG] [net.minecraftforge.fml.javafmlmod.FMLModContainer/LOADING]: Creating FMLModContainer instance for de.sarocesch.sarosmoneymod.SarosMoneyModMod
[27Oct2025 16:28:55.754] [main/DEBUG] [net.minecraftforge.fml.javafmlmod.FMLJavaModLanguageProvider/LOADING]: Loading FMLModContainer from classloader cpw.mods.modlauncher.TransformingClassLoader@2676dc05 - got cpw.mods.cl.ModuleClassLoader@5d39f2d8
[27Oct2025 16:28:55.754] [main/DEBUG] [net.minecraftforge.fml.javafmlmod.FMLModContainer/LOADING]: Creating FMLModContainer instance for top.theillusivec4.curios.Curios
[27Oct2025 16:28:55.754] [main/DEBUG] [net.minecraftforge.fml.javafmlmod.FMLJavaModLanguageProvider/LOADING]: Loading FMLModContainer from classloader cpw.mods.modlauncher.TransformingClassLoader@2676dc05 - got cpw.mods.cl.ModuleClassLoader@5d39f2d8
[27Oct2025 16:28:55.754] [main/DEBUG] [net.minecraftforge.fml.javafmlmod.FMLModContainer/LOADING]: Creating FMLModContainer instance for com.codinglitch.lexiconfig.ForgeLexiconfig
[27Oct2025 16:28:55.755] [main/DEBUG] [net.minecraftforge.fml.javafmlmod.FMLJavaModLanguageProvider/LOADING]: Loading FMLModContainer from classloader cpw.mods.modlauncher.TransformingClassLoader@2676dc05 - got cpw.mods.cl.ModuleClassLoader@5d39f2d8
[27Oct2025 16:28:55.755] [main/DEBUG] [net.minecraftforge.fml.javafmlmod.FMLModContainer/LOADING]: Creating FMLModContainer instance for net.mcreator.modernfurniture.ModernfurnitureMod
[27Oct2025 16:28:55.755] [main/DEBUG] [net.minecraftforge.fml.javafmlmod.FMLJavaModLanguageProvider/LOADING]: Loading FMLModContainer from classloader cpw.mods.modlauncher.TransformingClassLoader@2676dc05 - got cpw.mods.cl.ModuleClassLoader@5d39f2d8
[27Oct2025 16:28:55.755] [main/DEBUG] [net.minecraftforge.fml.javafmlmod.FMLModContainer/LOADING]: Creating FMLModContainer instance for de.maxhenkel.camera.Main
[27Oct2025 16:28:55.756] [main/DEBUG] [net.minecraftforge.fml.javafmlmod.FMLJavaModLanguageProvider/LOADING]: Loading FMLModContainer from classloader cpw.mods.modlauncher.TransformingClassLoader@2676dc05 - got cpw.mods.cl.ModuleClassLoader@5d39f2d8
[27Oct2025 16:28:55.756] [main/DEBUG] [net.minecraftforge.fml.javafmlmod.FMLModContainer/LOADING]: Creating FMLModContainer instance for org.embeddedt.modernfix.forge.init.ModernFixForge
[27Oct2025 16:28:55.757] [main/DEBUG] [net.minecraftforge.fml.javafmlmod.FMLJavaModLanguageProvider/LOADING]: Loading FMLModContainer from classloader cpw.mods.modlauncher.TransformingClassLoader@2676dc05 - got cpw.mods.cl.ModuleClassLoader@5d39f2d8
[27Oct2025 16:28:55.757] [main/DEBUG] [net.minecraftforge.fml.javafmlmod.FMLModContainer/LOADING]: Creating FMLModContainer instance for brcc.ForgePackLoader
[27Oct2025 16:28:55.757] [main/DEBUG] [net.minecraftforge.fml.javafmlmod.FMLJavaModLanguageProvider/LOADING]: Loading FMLModContainer from classloader cpw.mods.modlauncher.TransformingClassLoader@2676dc05 - got cpw.mods.cl.ModuleClassLoader@5d39f2d8
[27Oct2025 16:28:55.757] [main/DEBUG] [net.minecraftforge.fml.javafmlmod.FMLModContainer/LOADING]: Creating FMLModContainer instance for net.razorplay.invview_forge.InvView_Forge
[27Oct2025 16:28:55.758] [main/DEBUG] [net.minecraftforge.fml.javafmlmod.FMLJavaModLanguageProvider/LOADING]: Loading FMLModContainer from classloader cpw.mods.modlauncher.TransformingClassLoader@2676dc05 - got cpw.mods.cl.ModuleClassLoader@5d39f2d8
[27Oct2025 16:28:55.758] [main/DEBUG] [net.minecraftforge.fml.javafmlmod.FMLModContainer/LOADING]: Creating FMLModContainer instance for com.llamalad7.mixinextras.platform.forge.MixinExtrasMod
[27Oct2025 16:28:55.758] [main/DEBUG] [net.minecraftforge.fml.javafmlmod.FMLJavaModLanguageProvider/LOADING]: Loading FMLModContainer from classloader cpw.mods.modlauncher.TransformingClassLoader@2676dc05 - got cpw.mods.cl.ModuleClassLoader@5d39f2d8
[27Oct2025 16:28:55.758] [main/DEBUG] [net.minecraftforge.fml.javafmlmod.FMLModContainer/LOADING]: Creating FMLModContainer instance for mod.lucky77.Lucky77
[27Oct2025 16:28:55.759] [main/DEBUG] [net.minecraftforge.fml.javafmlmod.FMLJavaModLanguageProvider/LOADING]: Loading FMLModContainer from classloader cpw.mods.modlauncher.TransformingClassLoader@2676dc05 - got cpw.mods.cl.ModuleClassLoader@5d39f2d8
[27Oct2025 16:28:55.759] [main/DEBUG] [net.minecraftforge.fml.javafmlmod.FMLModContainer/LOADING]: Creating FMLModContainer instance for com.ultreon.devices.forge.DevicesForge
[27Oct2025 16:28:55.759] [main/DEBUG] [net.minecraftforge.fml.javafmlmod.FMLJavaModLanguageProvider/LOADING]: Loading FMLModContainer from classloader cpw.mods.modlauncher.TransformingClassLoader@2676dc05 - got cpw.mods.cl.ModuleClassLoader@5d39f2d8
[27Oct2025 16:28:55.759] [main/DEBUG] [net.minecraftforge.fml.javafmlmod.FMLModContainer/LOADING]: Creating FMLModContainer instance for net.darkhax.bookshelf.BookshelfForge
[27Oct2025 16:28:55.760] [main/DEBUG] [net.minecraftforge.fml.javafmlmod.FMLJavaModLanguageProvider/LOADING]: Loading FMLModContainer from classloader cpw.mods.modlauncher.TransformingClassLoader@2676dc05 - got cpw.mods.cl.ModuleClassLoader@5d39f2d8
[27Oct2025 16:28:55.760] [main/DEBUG] [net.minecraftforge.fml.javafmlmod.FMLModContainer/LOADING]: Creating FMLModContainer instance for noppes.npcs.CustomNpcs
[27Oct2025 16:28:55.760] [main/DEBUG] [net.minecraftforge.fml.javafmlmod.FMLJavaModLanguageProvider/LOADING]: Loading FMLModContainer from classloader cpw.mods.modlauncher.TransformingClassLoader@2676dc05 - got cpw.mods.cl.ModuleClassLoader@5d39f2d8
[27Oct2025 16:28:55.761] [main/DEBUG] [net.minecraftforge.fml.javafmlmod.FMLModContainer/LOADING]: Creating FMLModContainer instance for ca.spottedleaf.starlight.Starlight
[27Oct2025 16:28:55.761] [main/DEBUG] [net.minecraftforge.fml.javafmlmod.FMLJavaModLanguageProvider/LOADING]: Loading FMLModContainer from classloader cpw.mods.modlauncher.TransformingClassLoader@2676dc05 - got cpw.mods.cl.ModuleClassLoader@5d39f2d8
[27Oct2025 16:28:55.761] [main/DEBUG] [net.minecraftforge.fml.javafmlmod.FMLModContainer/LOADING]: Creating FMLModContainer instance for dev.architectury.forge.ArchitecturyForge
[27Oct2025 16:28:55.761] [main/DEBUG] [net.minecraftforge.fml.javafmlmod.FMLJavaModLanguageProvider/LOADING]: Loading FMLModContainer from classloader cpw.mods.modlauncher.TransformingClassLoader@2676dc05 - got cpw.mods.cl.ModuleClassLoader@5d39f2d8
[27Oct2025 16:28:55.761] [main/DEBUG] [net.minecraftforge.fml.javafmlmod.FMLModContainer/LOADING]: Creating FMLModContainer instance for dev.ftb.mods.ftblibrary.forge.FTBLibraryForge
[27Oct2025 16:28:55.762] [main/DEBUG] [net.minecraftforge.fml.javafmlmod.FMLJavaModLanguageProvider/LOADING]: Loading FMLModContainer from classloader cpw.mods.modlauncher.TransformingClassLoader@2676dc05 - got cpw.mods.cl.ModuleClassLoader@5d39f2d8
[27Oct2025 16:28:55.762] [main/DEBUG] [net.minecraftforge.fml.javafmlmod.FMLModContainer/LOADING]: Creating FMLModContainer instance for malte0811.ferritecore.ModMainForge
[27Oct2025 16:28:55.762] [main/DEBUG] [net.minecraftforge.fml.javafmlmod.FMLJavaModLanguageProvider/LOADING]: Loading FMLModContainer from classloader cpw.mods.modlauncher.TransformingClassLoader@2676dc05 - got cpw.mods.cl.ModuleClassLoader@5d39f2d8
[27Oct2025 16:28:55.762] [main/DEBUG] [net.minecraftforge.fml.javafmlmod.FMLModContainer/LOADING]: Creating FMLModContainer instance for mcinterface1201.InterfaceLoader
[27Oct2025 16:28:55.763] [main/DEBUG] [net.minecraftforge.fml.javafmlmod.FMLJavaModLanguageProvider/LOADING]: Loading FMLModContainer from classloader cpw.mods.modlauncher.TransformingClassLoader@2676dc05 - got cpw.mods.cl.ModuleClassLoader@5d39f2d8
[27Oct2025 16:28:55.763] [main/DEBUG] [net.minecraftforge.fml.javafmlmod.FMLModContainer/LOADING]: Creating FMLModContainer instance for com.cupboard.Cupboard
[27Oct2025 16:28:55.764] [main/DEBUG] [net.minecraftforge.fml.javafmlmod.FMLJavaModLanguageProvider/LOADING]: Loading FMLModContainer from classloader cpw.mods.modlauncher.TransformingClassLoader@2676dc05 - got cpw.mods.cl.ModuleClassLoader@5d39f2d8
[27Oct2025 16:28:55.764] [main/DEBUG] [net.minecraftforge.fml.javafmlmod.FMLModContainer/LOADING]: Creating FMLModContainer instance for net.mcreator.boxingmadness.BoxingMadnessMod
[27Oct2025 16:28:55.764] [main/DEBUG] [net.minecraftforge.fml.javafmlmod.FMLJavaModLanguageProvider/LOADING]: Loading FMLModContainer from classloader cpw.mods.modlauncher.TransformingClassLoader@2676dc05 - got cpw.mods.cl.ModuleClassLoader@5d39f2d8
[27Oct2025 16:28:55.764] [main/DEBUG] [net.minecraftforge.fml.javafmlmod.FMLModContainer/LOADING]: Creating FMLModContainer instance for de.sarocesch.sarosroadsignsmod.SarosRoadSignsModMod
[27Oct2025 16:28:55.765] [main/DEBUG] [net.minecraftforge.fml.javafmlmod.FMLJavaModLanguageProvider/LOADING]: Loading FMLModContainer from classloader cpw.mods.modlauncher.TransformingClassLoader@2676dc05 - got cpw.mods.cl.ModuleClassLoader@5d39f2d8
[27Oct2025 16:28:55.765] [main/DEBUG] [net.minecraftforge.fml.javafmlmod.FMLModContainer/LOADING]: Creating FMLModContainer instance for net.mcreator.dtrch.DtrchMod
[27Oct2025 16:28:55.765] [main/DEBUG] [net.minecraftforge.fml.javafmlmod.FMLJavaModLanguageProvider/LOADING]: Loading FMLModContainer from classloader cpw.mods.modlauncher.TransformingClassLoader@2676dc05 - got cpw.mods.cl.ModuleClassLoader@5d39f2d8
[27Oct2025 16:28:55.765] [main/DEBUG] [net.minecraftforge.fml.javafmlmod.FMLModContainer/LOADING]: Creating FMLModContainer instance for de.sarocesch.sarosroadblocksmod.SarosRoadBlocksModMod
[27Oct2025 16:28:55.766] [main/DEBUG] [net.minecraftforge.fml.javafmlmod.FMLJavaModLanguageProvider/LOADING]: Loading FMLModContainer from classloader cpw.mods.modlauncher.TransformingClassLoader@2676dc05 - got cpw.mods.cl.ModuleClassLoader@5d39f2d8
[27Oct2025 16:28:55.766] [main/DEBUG] [net.minecraftforge.fml.javafmlmod.FMLModContainer/LOADING]: Creating FMLModContainer instance for com.mrcrayfish.framework.FrameworkForge
[27Oct2025 16:28:55.766] [main/DEBUG] [net.minecraftforge.fml.javafmlmod.FMLJavaModLanguageProvider/LOADING]: Loading FMLModContainer from classloader cpw.mods.modlauncher.TransformingClassLoader@2676dc05 - got cpw.mods.cl.ModuleClassLoader@5d39f2d8
[27Oct2025 16:28:55.766] [main/DEBUG] [net.minecraftforge.fml.javafmlmod.FMLModContainer/LOADING]: Creating FMLModContainer instance for net.minecraftforge.common.ForgeMod
[27Oct2025 16:28:55.768] [main/DEBUG] [net.minecraftforge.fml.javafmlmod.FMLJavaModLanguageProvider/LOADING]: Loading FMLModContainer from classloader cpw.mods.modlauncher.TransformingClassLoader@2676dc05 - got cpw.mods.cl.ModuleClassLoader@5d39f2d8
[27Oct2025 16:28:55.768] [main/DEBUG] [net.minecraftforge.fml.javafmlmod.FMLModContainer/LOADING]: Creating FMLModContainer instance for com.lazrproductions.lazrslib.LazrsLibMod
[27Oct2025 16:28:55.769] [main/DEBUG] [net.minecraftforge.fml.javafmlmod.FMLJavaModLanguageProvider/LOADING]: Loading FMLModContainer from classloader cpw.mods.modlauncher.TransformingClassLoader@2676dc05 - got cpw.mods.cl.ModuleClassLoader@5d39f2d8
[27Oct2025 16:28:55.769] [main/DEBUG] [net.minecraftforge.fml.javafmlmod.FMLModContainer/LOADING]: Creating FMLModContainer instance for team.creative.playerrevive.PlayerRevive
[27Oct2025 16:28:55.861] [modloading-worker-0/DEBUG] [net.minecraftforge.fml.javafmlmod.AutomaticEventSubscriber/LOADING]: Attempting to inject @EventBusSubscriber classes into the eventbus for bh
[27Oct2025 16:28:55.865] [modloading-worker-0/DEBUG] [mixin/]: Mixing perf.forge_registry_lambda.RegistryObjectMixin from modernfix-forge.mixins.json into net.minecraftforge.registries.RegistryObject
[27Oct2025 16:28:55.882] [modloading-worker-0/DEBUG] [net.minecraftforge.fml.javafmlmod.AutomaticEventSubscriber/LOADING]: Attempting to inject @EventBusSubscriber classes into the eventbus for smoothchunk
[27Oct2025 16:28:55.892] [modloading-worker-0/INFO] [lazrslib/]: Built config 'cuffed' Successfully!
[27Oct2025 16:28:55.893] [modloading-worker-0/DEBUG] [net.minecraftforge.fml.javafmlmod.AutomaticEventSubscriber/LOADING]: Attempting to inject @EventBusSubscriber classes into the eventbus for culllessleaves
[27Oct2025 16:28:55.898] [modloading-worker-0/DEBUG] [net.minecraftforge.fml.config.ConfigTracker/CONFIG]: Config file cuffed-server.toml for cuffed tracking
[27Oct2025 16:28:55.901] [modloading-worker-0/DEBUG] [net.minecraftforge.fml.javafmlmod.AutomaticEventSubscriber/LOADING]: Attempting to inject @EventBusSubscriber classes into the eventbus for geckolib
[27Oct2025 16:28:55.904] [modloading-worker-0/DEBUG] [net.minecraftforge.fml.javafmlmod.AutomaticEventSubscriber/LOADING]: Auto-subscribing software.bernie.example.GeckoLibMod to FORGE
[27Oct2025 16:28:55.910] [modloading-worker-0/DEBUG] [net.minecraftforge.fml.javafmlmod.AutomaticEventSubscriber/LOADING]: Auto-subscribing software.bernie.example.CommonListener to MOD
[27Oct2025 16:28:55.916] [modloading-worker-0/DEBUG] [net.minecraftforge.fml.config.ConfigTracker/CONFIG]: Config file eyemod-common.toml for eyemod tracking
[27Oct2025 16:28:55.916] [modloading-worker-0/DEBUG] [net.minecraftforge.fml.javafmlmod.AutomaticEventSubscriber/LOADING]: Attempting to inject @EventBusSubscriber classes into the eventbus for eyemod
[27Oct2025 16:28:55.916] [modloading-worker-0/DEBUG] [net.minecraftforge.fml.javafmlmod.AutomaticEventSubscriber/LOADING]: Auto-subscribing com.podloot.eyemod.config.Config to MOD
[27Oct2025 16:28:55.918] [modloading-worker-0/DEBUG] [net.minecraftforge.fml.config.ConfigTracker/CONFIG]: Config file locks-server.toml for locks tracking
[27Oct2025 16:28:55.924] [modloading-worker-0/DEBUG] [net.minecraftforge.fml.javafmlmod.AutomaticEventSubscriber/LOADING]: Auto-subscribing com.podloot.eyemod.Eye$ClientModEvents to MOD
[27Oct2025 16:28:55.924] [modloading-worker-0/DEBUG] [net.minecraftforge.fml.config.ConfigTracker/CONFIG]: Config file locks-common.toml for locks tracking
[27Oct2025 16:28:55.928] [modloading-worker-0/DEBUG] [net.minecraftforge.fml.config.ConfigTracker/CONFIG]: Config file locks-client.toml for locks tracking
[27Oct2025 16:28:55.957] [modloading-worker-0/INFO] [com.teampotato.redirector.Redirector/]: Redirecting team/creative/creativecore/common/config/sync/ConfigSynchronization
[27Oct2025 16:28:55.959] [modloading-worker-0/INFO] [com.teampotato.redirector.Redirector/]: Redirecting team/creative/creativecore/Side
[27Oct2025 16:28:55.961] [modloading-worker-0/INFO] [com.teampotato.redirector.Redirector/]: Redirecting ttv/migami/jeg/client/util/Easings
[27Oct2025 16:28:55.965] [modloading-worker-0/INFO] [com.teampotato.redirector.Redirector/]: Redirecting ttv/migami/jeg/client/screen/ButtonAlignment
[27Oct2025 16:28:55.963] [modloading-worker-0/DEBUG] [net.minecraftforge.fml.javafmlmod.AutomaticEventSubscriber/LOADING]: Attempting to inject @EventBusSubscriber classes into the eventbus for locks
[27Oct2025 16:28:55.967] [modloading-worker-0/DEBUG] [net.minecraftforge.fml.javafmlmod.AutomaticEventSubscriber/LOADING]: Auto-subscribing melonslise.locks.common.event.LocksModEvents to MOD
[27Oct2025 16:28:55.967] [modloading-worker-0/INFO] [com.teampotato.redirector.Redirector/]: Redirecting net/minecraft/world/level/GameType
[27Oct2025 16:28:55.968] [modloading-worker-0/DEBUG] [net.minecraftforge.fml.javafmlmod.AutomaticEventSubscriber/LOADING]: Auto-subscribing melonslise.locks.common.event.LocksForgeEvents to FORGE
[27Oct2025 16:28:55.970] [modloading-worker-0/DEBUG] [creativecore/]: Created network creativecore:main
[27Oct2025 16:28:55.973] [modloading-worker-0/INFO] [com.teampotato.redirector.Redirector/]: Redirecting ttv/migami/jeg/client/DotRenderMode
[27Oct2025 16:28:55.975] [modloading-worker-0/DEBUG] [net.minecraftforge.fml.javafmlmod.AutomaticEventSubscriber/LOADING]: Attempting to inject @EventBusSubscriber classes into the eventbus for creativecore
[27Oct2025 16:28:55.974] [modloading-worker-0/INFO] [com.teampotato.redirector.Redirector/]: Redirecting ttv/migami/jeg/client/SwayType
[27Oct2025 16:28:55.978] [modloading-worker-0/DEBUG] [net.minecraftforge.fml.javafmlmod.AutomaticEventSubscriber/LOADING]: Attempting to inject @EventBusSubscriber classes into the eventbus for itemproductionlib
[27Oct2025 16:28:55.983] [modloading-worker-0/DEBUG] [mixin/]: Mixing MixinLevelEvent from architectury.mixins.json into net.minecraftforge.event.level.LevelEvent
[27Oct2025 16:28:55.989] [modloading-worker-0/DEBUG] [mixin/]: Mixing accessor.LootTableAccessor from locks.mixins.json into net.minecraft.world.level.storage.loot.LootTable
[27Oct2025 16:28:55.993] [modloading-worker-0/INFO] [com.teampotato.redirector.Redirector/]: Redirecting net/minecraftforge/event/TickEvent$Phase
[27Oct2025 16:28:55.994] [modloading-worker-0/INFO] [com.teampotato.redirector.Redirector/]: Redirecting net/minecraftforge/event/TickEvent$Type
[27Oct2025 16:28:56.002] [modloading-worker-0/DEBUG] [net.minecraftforge.fml.javafmlmod.AutomaticEventSubscriber/LOADING]: Attempting to inject @EventBusSubscriber classes into the eventbus for attributefix
[27Oct2025 16:28:56.002] [modloading-worker-0/DEBUG] [net.minecraftforge.fml.javafmlmod.AutomaticEventSubscriber/LOADING]: Auto-subscribing net.darkhax.attributefix.AttributeFixForge to MOD
[27Oct2025 16:28:56.020] [modloading-worker-0/DEBUG] [net.minecraftforge.fml.config.ConfigTracker/CONFIG]: Config file jeg-client.toml for jeg tracking
[27Oct2025 16:28:56.020] [modloading-worker-0/DEBUG] [net.minecraftforge.fml.config.ConfigTracker/CONFIG]: Config file jeg-common.toml for jeg tracking
[27Oct2025 16:28:56.020] [modloading-worker-0/DEBUG] [net.minecraftforge.fml.config.ConfigTracker/CONFIG]: Config file jeg-server.toml for jeg tracking
[27Oct2025 16:28:56.034] [modloading-worker-0/INFO] [cuffed/]: Registered restraints
[27Oct2025 16:28:56.039] [modloading-worker-0/INFO] [com.teampotato.redirector.Redirector/]: Redirecting net/minecraft/commands/Commands$CommandSelection
[27Oct2025 16:28:56.042] [modloading-worker-0/DEBUG] [net.minecraftforge.fml.javafmlmod.AutomaticEventSubscriber/LOADING]: Attempting to inject @EventBusSubscriber classes into the eventbus for cuffed
[27Oct2025 16:28:56.054] [modloading-worker-0/DEBUG] [net.minecraftforge.fml.javafmlmod.AutomaticEventSubscriber/LOADING]: Attempting to inject @EventBusSubscriber classes into the eventbus for connectivity
[27Oct2025 16:28:56.058] [modloading-worker-0/DEBUG] [net.minecraftforge.fml.javafmlmod.AutomaticEventSubscriber/LOADING]: Attempting to inject @EventBusSubscriber classes into the eventbus for fcl
[27Oct2025 16:28:56.062] [modloading-worker-0/DEBUG] [net.minecraftforge.fml.javafmlmod.AutomaticEventSubscriber/LOADING]: Attempting to inject @EventBusSubscriber classes into the eventbus for betterfpsdist
[27Oct2025 16:28:56.063] [modloading-worker-0/DEBUG] [net.minecraftforge.fml.config.ConfigTracker/CONFIG]: Config file casinocraft-common.toml for casinocraft tracking
[27Oct2025 16:28:56.093] [modloading-worker-0/DEBUG] [net.minecraftforge.fml.javafmlmod.AutomaticEventSubscriber/LOADING]: Attempting to inject @EventBusSubscriber classes into the eventbus for casinocraft
[27Oct2025 16:28:56.110] [modloading-worker-0/INFO] [com.teampotato.redirector.Redirector/]: Redirecting top/theillusivec4/curios/client/CuriosClientConfig$Client$ButtonCorner
[27Oct2025 16:28:56.113] [modloading-worker-0/DEBUG] [net.minecraftforge.fml.config.ConfigTracker/CONFIG]: Config file curios-client.toml for curios tracking
[27Oct2025 16:28:56.114] [modloading-worker-0/INFO] [com.teampotato.redirector.Redirector/]: Redirecting top/theillusivec4/curios/common/CuriosConfig$KeepCurios
[27Oct2025 16:28:56.116] [modloading-worker-0/DEBUG] [net.minecraftforge.fml.config.ConfigTracker/CONFIG]: Config file curios-common.toml for curios tracking
[27Oct2025 16:28:56.119] [modloading-worker-0/DEBUG] [net.minecraftforge.fml.config.ConfigTracker/CONFIG]: Config file curios-server.toml for curios tracking
[27Oct2025 16:28:56.120] [modloading-worker-0/DEBUG] [net.minecraftforge.fml.javafmlmod.AutomaticEventSubscriber/LOADING]: Attempting to inject @EventBusSubscriber classes into the eventbus for curios
[27Oct2025 16:28:56.117] [modloading-worker-0/DEBUG] [net.minecraftforge.fml.javafmlmod.AutomaticEventSubscriber/LOADING]: Attempting to inject @EventBusSubscriber classes into the eventbus for faz_roleplay_plus
[27Oct2025 16:28:56.122] [modloading-worker-0/INFO] [Lexiconfig/]: Beginning lexicon shelving!
[27Oct2025 16:28:56.123] [modloading-worker-0/DEBUG] [net.minecraftforge.fml.javafmlmod.AutomaticEventSubscriber/LOADING]: Attempting to inject @EventBusSubscriber classes into the eventbus for saros__money_mod
[27Oct2025 16:28:56.123] [modloading-worker-0/DEBUG] [Lexiconfig/]: Loaded com.codinglitch.lexiconfig.platform.ForgePlatformHelper@6eebec for service interface com.codinglitch.lexiconfig.platform.services.PlatformHelper
[27Oct2025 16:28:56.123] [modloading-worker-0/DEBUG] [net.minecraftforge.fml.javafmlmod.AutomaticEventSubscriber/LOADING]: Auto-subscribing de.sarocesch.sarosmoneymod.network.ATMGUIButtonMessage to MOD
[27Oct2025 16:28:56.124] [modloading-worker-0/DEBUG] [net.minecraftforge.fml.javafmlmod.AutomaticEventSubscriber/LOADING]: Auto-subscribing de.sarocesch.sarosmoneymod.listener.SignShopListener to FORGE
[27Oct2025 16:28:56.127] [modloading-worker-0/DEBUG] [net.minecraftforge.fml.javafmlmod.AutomaticEventSubscriber/LOADING]: Auto-subscribing de.sarocesch.sarosmoneymod.listener.Paycheck to MOD
[27Oct2025 16:28:56.133] [modloading-worker-0/DEBUG] [net.minecraftforge.fml.javafmlmod.AutomaticEventSubscriber/LOADING]: Auto-subscribing de.sarocesch.sarosmoneymod.listener.DeathMoneyListener to FORGE
[27Oct2025 16:28:56.136] [modloading-worker-0/DEBUG] [net.minecraftforge.fml.javafmlmod.AutomaticEventSubscriber/LOADING]: Auto-subscribing de.sarocesch.sarosmoneymod.listener.BalanceJoin to MOD
[27Oct2025 16:28:56.138] [modloading-worker-0/DEBUG] [net.minecraftforge.fml.javafmlmod.AutomaticEventSubscriber/LOADING]: Auto-subscribing de.sarocesch.sarosmoneymod.listener.BalanceJoin$ForgeBusEvents to FORGE
[27Oct2025 16:28:56.140] [modloading-worker-0/DEBUG] [net.minecraftforge.fml.javafmlmod.AutomaticEventSubscriber/LOADING]: Auto-subscribing de.sarocesch.sarosmoneymod.integration.ScoreboardMoneySync$Events to FORGE
[27Oct2025 16:28:56.138] [modloading-worker-0/INFO] [Lexiconfig/]: Shelved lexicon com.codinglitch.lexiconfig.LexiconfigConfig@78382fdd!
[27Oct2025 16:28:56.143] [modloading-worker-0/DEBUG] [net.minecraftforge.fml.javafmlmod.AutomaticEventSubscriber/LOADING]: Attempting to inject @EventBusSubscriber classes into the eventbus for lexiconfig
[27Oct2025 16:28:56.146] [modloading-worker-0/DEBUG] [net.minecraftforge.fml.javafmlmod.AutomaticEventSubscriber/LOADING]: Auto-subscribing de.sarocesch.sarosmoneymod.event.ModEvents to FORGE
[27Oct2025 16:28:56.147] [modloading-worker-0/DEBUG] [net.minecraftforge.fml.javafmlmod.AutomaticEventSubscriber/LOADING]: Auto-subscribing de.sarocesch.sarosmoneymod.data.BalanceManager to MOD
[27Oct2025 16:28:56.147] [modloading-worker-0/DEBUG] [net.minecraftforge.fml.javafmlmod.AutomaticEventSubscriber/LOADING]: Auto-subscribing de.sarocesch.sarosmoneymod.command.PayCommand to FORGE
[27Oct2025 16:28:56.156] [modloading-worker-0/DEBUG] [net.minecraftforge.fml.javafmlmod.AutomaticEventSubscriber/LOADING]: Auto-subscribing de.sarocesch.sarosmoneymod.command.MoneyCommand to FORGE
[27Oct2025 16:28:56.157] [modloading-worker-0/DEBUG] [net.minecraftforge.fml.javafmlmod.AutomaticEventSubscriber/LOADING]: Auto-subscribing de.sarocesch.sarosmoneymod.command.LeaderboardCommand to FORGE
[27Oct2025 16:28:56.162] [modloading-worker-0/DEBUG] [net.minecraftforge.fml.javafmlmod.AutomaticEventSubscriber/LOADING]: Auto-subscribing de.sarocesch.sarosmoneymod.command.EcoCommand to FORGE
[27Oct2025 16:28:56.165] [modloading-worker-0/DEBUG] [net.minecraftforge.fml.javafmlmod.AutomaticEventSubscriber/LOADING]: Auto-subscribing de.sarocesch.sarosmoneymod.Config to MOD
[27Oct2025 16:28:56.172] [modloading-worker-0/DEBUG] [net.minecraftforge.fml.config.ConfigTracker/CONFIG]: Config file camera-server.toml for camera tracking
[27Oct2025 16:28:56.173] [modloading-worker-0/DEBUG] [net.minecraftforge.fml.config.ConfigTracker/CONFIG]: Config file camera-client.toml for camera tracking
[27Oct2025 16:28:56.176] [modloading-worker-0/DEBUG] [net.minecraftforge.fml.javafmlmod.AutomaticEventSubscriber/LOADING]: Attempting to inject @EventBusSubscriber classes into the eventbus for camera
[27Oct2025 16:28:56.176] [modloading-worker-0/DEBUG] [net.minecraftforge.fml.javafmlmod.AutomaticEventSubscriber/LOADING]: Auto-subscribing de.maxhenkel.camera.ServerEvents to FORGE
[27Oct2025 16:28:56.183] [modloading-worker-0/DEBUG] [net.minecraftforge.fml.javafmlmod.AutomaticEventSubscriber/LOADING]: Attempting to inject @EventBusSubscriber classes into the eventbus for brcc
[27Oct2025 16:28:56.184] [modloading-worker-0/DEBUG] [net.minecraftforge.fml.javafmlmod.AutomaticEventSubscriber/LOADING]: Attempting to inject @EventBusSubscriber classes into the eventbus for inv_view_forge
[27Oct2025 16:28:56.187] [modloading-worker-0/DEBUG] [net.minecraftforge.fml.javafmlmod.AutomaticEventSubscriber/LOADING]: Auto-subscribing net.razorplay.invview_forge.event.ModEvents to FORGE
[27Oct2025 16:28:56.188] [modloading-worker-0/DEBUG] [mixin/]: Mixing perf.smart_ingredient_sync.PlayerListMixin from modernfix-forge.mixins.json into net.minecraft.server.players.PlayerList
[27Oct2025 16:28:56.198] [modloading-worker-0/DEBUG] [net.minecraftforge.fml.javafmlmod.AutomaticEventSubscriber/LOADING]: Attempting to inject @EventBusSubscriber classes into the eventbus for mixinextras
[27Oct2025 16:28:56.203] [modloading-worker-0/DEBUG] [mixin/]: Mixing ExplosionContextMixin from locks.mixins.json into net.minecraft.world.level.Explosion
[27Oct2025 16:28:56.209] [modloading-worker-0/DEBUG] [net.minecraftforge.fml.config.ConfigTracker/CONFIG]: Config file lucky77-common.toml for lucky77 tracking
[27Oct2025 16:28:56.209] [modloading-worker-0/DEBUG] [net.minecraftforge.fml.javafmlmod.AutomaticEventSubscriber/LOADING]: Attempting to inject @EventBusSubscriber classes into the eventbus for lucky77
[27Oct2025 16:28:56.209] [modloading-worker-0/DEBUG] [net.minecraftforge.fml.javafmlmod.AutomaticEventSubscriber/LOADING]: Auto-subscribing mod.lucky77.register.RegisterSpawn to MOD
[27Oct2025 16:28:56.212] [modloading-worker-0/DEBUG] [net.minecraftforge.fml.config.ConfigTracker/CONFIG]: Config file modernfix-common.toml for modernfix tracking
[27Oct2025 16:28:56.211] [modloading-worker-0/INFO] [com.teampotato.redirector.Redirector/]: Redirecting net/minecraft/world/entity/MobSpawnType
[27Oct2025 16:28:56.222] [modloading-worker-0/DEBUG] [net.minecraftforge.fml.javafmlmod.AutomaticEventSubscriber/LOADING]: Attempting to inject @EventBusSubscriber classes into the eventbus for modernfix
[27Oct2025 16:28:56.232] [modloading-worker-0/DEBUG] [Bookshelf/]: Loaded net.darkhax.bookshelf.impl.util.PlatformHelperForge@27396f29 for service interface net.darkhax.bookshelf.api.util.IPlatformHelper.
[27Oct2025 16:28:56.233] [modloading-worker-0/DEBUG] [Bookshelf/]: Loaded net.darkhax.bookshelf.impl.event.EventHelperForge@671ea51 for service interface net.darkhax.bookshelf.api.event.IEventHelper.
[27Oct2025 16:28:56.229] [modloading-worker-0/INFO] [Devices Mod/]: Creating Creative Tab...
[27Oct2025 16:28:56.238] [modloading-worker-0/DEBUG] [Bookshelf/]: Loaded net.darkhax.bookshelf.impl.registry.ContentLoaderForge@16a43aeb for service interface net.darkhax.bookshelf.api.registry.IContentLoader.
[27Oct2025 16:28:56.240] [modloading-worker-0/DEBUG] [Bookshelf/]: Loaded net.darkhax.bookshelf.impl.data.TagHelperForge@601392d5 for service interface net.darkhax.bookshelf.api.data.ITagHelper.
[27Oct2025 16:28:56.250] [modloading-worker-0/DEBUG] [Bookshelf/]: Loaded net.darkhax.bookshelf.impl.util.InventoryHelperForge@29804a1e for service interface net.darkhax.bookshelf.api.util.IInventoryHelper.
[27Oct2025 16:28:56.251] [modloading-worker-0/DEBUG] [Bookshelf/]: Loaded net.darkhax.bookshelf.impl.util.ConstructHelperForge@af0c209 for service interface net.darkhax.bookshelf.api.util.IConstructHelper.
[27Oct2025 16:28:56.261] [modloading-worker-0/INFO] [com.ultreon.devices.forge.DevicesForge/]: Initializing registration handler and mod config.
[27Oct2025 16:28:56.281] [modloading-worker-0/INFO] [com.teampotato.redirector.Redirector/]: Redirecting net/darkhax/bookshelf/api/PhysicalSide
[27Oct2025 16:28:56.285] [modloading-worker-0/INFO] [Bookshelf/]: Fixing MC-151457. Crafting remainder for minecraft:pufferfish_bucket is now minecraft:bucket.
[27Oct2025 16:28:56.285] [modloading-worker-0/INFO] [Bookshelf/]: Fixing MC-151457. Crafting remainder for minecraft:salmon_bucket is now minecraft:bucket.
[27Oct2025 16:28:56.286] [modloading-worker-0/INFO] [Bookshelf/]: Fixing MC-151457. Crafting remainder for minecraft:cod_bucket is now minecraft:bucket.
[27Oct2025 16:28:56.286] [modloading-worker-0/INFO] [Bookshelf/]: Fixing MC-151457. Crafting remainder for minecraft:tropical_fish_bucket is now minecraft:bucket.
[27Oct2025 16:28:56.286] [modloading-worker-0/INFO] [Bookshelf/]: Fixing MC-151457. Crafting remainder for minecraft:axolotl_bucket is now minecraft:bucket.
[27Oct2025 16:28:56.287] [modloading-worker-0/INFO] [Bookshelf/]: Fixing MC-151457. Crafting remainder for minecraft:powder_snow_bucket is now minecraft:bucket.
[27Oct2025 16:28:56.287] [modloading-worker-0/INFO] [Bookshelf/]: Fixing MC-151457. Crafting remainder for minecraft:tadpole_bucket is now minecraft:bucket.
[27Oct2025 16:28:56.288] [modloading-worker-0/INFO] [com.teampotato.redirector.Redirector/]: Redirecting net/darkhax/bookshelf/api/event/IEventHelper$Ordering
[27Oct2025 16:28:56.294] [modloading-worker-0/DEBUG] [net.minecraftforge.fml.javafmlmod.AutomaticEventSubscriber/LOADING]: Attempting to inject @EventBusSubscriber classes into the eventbus for bookshelf
[27Oct2025 16:28:56.294] [modloading-worker-0/DEBUG] [net.minecraftforge.fml.javafmlmod.AutomaticEventSubscriber/LOADING]: Auto-subscribing net.darkhax.bookshelf.impl.gametest.BookshelfForgeGameTests to MOD
[27Oct2025 16:28:56.310] [modloading-worker-0/DEBUG] [net.minecraftforge.fml.javafmlmod.AutomaticEventSubscriber/LOADING]: Attempting to inject @EventBusSubscriber classes into the eventbus for customnpcs
[27Oct2025 16:28:56.311] [modloading-worker-0/DEBUG] [net.minecraftforge.fml.javafmlmod.AutomaticEventSubscriber/LOADING]: Auto-subscribing noppes.npcs.SkinEventHandler to FORGE
[27Oct2025 16:28:56.312] [modloading-worker-0/DEBUG] [net.minecraftforge.fml.javafmlmod.AutomaticEventSubscriber/LOADING]: Auto-subscribing noppes.npcs.CustomItems to MOD
[27Oct2025 16:28:56.316] [modloading-worker-0/DEBUG] [net.minecraftforge.fml.javafmlmod.AutomaticEventSubscriber/LOADING]: Auto-subscribing noppes.npcs.CustomEntities to MOD
[27Oct2025 16:28:56.317] [modloading-worker-0/DEBUG] [net.minecraftforge.fml.javafmlmod.AutomaticEventSubscriber/LOADING]: Auto-subscribing noppes.npcs.CustomContainer to MOD
[27Oct2025 16:28:56.329] [modloading-worker-0/INFO] [com.teampotato.redirector.Redirector/]: Redirecting dev/architectury/utils/Env
[27Oct2025 16:28:56.330] [modloading-worker-0/DEBUG] [net.minecraftforge.fml.config.ConfigTracker/CONFIG]: Config file devices-client.toml for devices tracking
[27Oct2025 16:28:56.330] [modloading-worker-0/INFO] [com.ultreon.devices.forge.DevicesForge/]: Registering common setup handler, and load complete handler.
[27Oct2025 16:28:56.331] [modloading-worker-0/INFO] [com.ultreon.devices.forge.DevicesForge/]: Registering server setup handler.
[27Oct2025 16:28:56.333] [modloading-worker-0/INFO] [com.ultreon.devices.forge.DevicesForge/]: Registering the reload listener.
[27Oct2025 16:28:56.333] [modloading-worker-0/INFO] [com.ultreon.devices.forge.DevicesForge/]: Registering mod class to forge events.
[27Oct2025 16:28:56.333] [modloading-worker-0/DEBUG] [net.minecraftforge.fml.javafmlmod.AutomaticEventSubscriber/LOADING]: Attempting to inject @EventBusSubscriber classes into the eventbus for devices
[27Oct2025 16:28:56.334] [modloading-worker-0/DEBUG] [net.minecraftforge.fml.javafmlmod.AutomaticEventSubscriber/LOADING]: Attempting to inject @EventBusSubscriber classes into the eventbus for starlight
[27Oct2025 16:28:56.335] [modloading-worker-0/DEBUG] [net.minecraftforge.fml.javafmlmod.AutomaticEventSubscriber/LOADING]: Auto-subscribing noppes.npcs.CustomBlocks to MOD
[27Oct2025 16:28:56.349] [modloading-worker-0/DEBUG] [net.minecraftforge.fml.javafmlmod.AutomaticEventSubscriber/LOADING]: Attempting to inject @EventBusSubscriber classes into the eventbus for jeg
[27Oct2025 16:28:56.350] [modloading-worker-0/DEBUG] [net.minecraftforge.fml.javafmlmod.AutomaticEventSubscriber/LOADING]: Auto-subscribing ttv.migami.jeg.world.loot.ModLootModifiers to MOD
[27Oct2025 16:28:56.350] [modloading-worker-0/DEBUG] [net.minecraftforge.fml.javafmlmod.AutomaticEventSubscriber/LOADING]: Auto-subscribing ttv.migami.jeg.init.ModPointOfInterestTypes to MOD
[27Oct2025 16:28:56.350] [modloading-worker-0/DEBUG] [net.minecraftforge.fml.javafmlmod.AutomaticEventSubscriber/LOADING]: Auto-subscribing ttv.migami.jeg.faction.GunnerMobSpawner to FORGE
[27Oct2025 16:28:56.351] [modloading-worker-0/DEBUG] [net.minecraftforge.fml.javafmlmod.AutomaticEventSubscriber/LOADING]: Auto-subscribing ttv.migami.jeg.event.PlayerCloneHandler to FORGE
[27Oct2025 16:28:56.356] [modloading-worker-0/INFO] [com.teampotato.redirector.Redirector/]: Redirecting dev/architectury/networking/NetworkManager$Side
[27Oct2025 16:28:56.359] [modloading-worker-0/DEBUG] [net.minecraftforge.fml.javafmlmod.AutomaticEventSubscriber/LOADING]: Auto-subscribing ttv.migami.jeg.event.ModCommonEventBus to MOD
[27Oct2025 16:28:56.360] [modloading-worker-0/DEBUG] [net.minecraftforge.fml.javafmlmod.AutomaticEventSubscriber/LOADING]: Auto-subscribing ttv.migami.jeg.event.ModCommandsRegister to FORGE
[27Oct2025 16:28:56.365] [modloading-worker-0/DEBUG] [net.minecraftforge.fml.javafmlmod.AutomaticEventSubscriber/LOADING]: Auto-subscribing ttv.migami.jeg.event.MedalEventHandler to FORGE
[27Oct2025 16:28:56.366] [modloading-worker-0/DEBUG] [net.minecraftforge.fml.javafmlmod.AutomaticEventSubscriber/LOADING]: Auto-subscribing ttv.migami.jeg.event.KillEffectHandler to FORGE
[27Oct2025 16:28:56.368] [modloading-worker-0/DEBUG] [net.minecraftforge.fml.javafmlmod.AutomaticEventSubscriber/LOADING]: Auto-subscribing ttv.migami.jeg.event.GunEventBus to FORGE
[27Oct2025 16:28:56.371] [modloading-worker-0/INFO] [dev.architectury.networking.forge.NetworkManagerImpl/]: Registering C2S receiver with id architectury:sync_ids
[27Oct2025 16:28:56.371] [modloading-worker-0/INFO] [dev.architectury.networking.forge.NetworkManagerImpl/]: Registering C2S receiver with id ftblibrary:edit_nbt_response
[27Oct2025 16:28:56.382] [modloading-worker-0/DEBUG] [net.minecraftforge.fml.javafmlmod.AutomaticEventSubscriber/LOADING]: Auto-subscribing ttv.migami.jeg.event.FlashlightEvent to FORGE
[27Oct2025 16:28:56.384] [modloading-worker-0/DEBUG] [net.minecraftforge.fml.javafmlmod.AutomaticEventSubscriber/LOADING]: Auto-subscribing ttv.migami.jeg.event.FirstJoinMessageHandler to FORGE
[27Oct2025 16:28:56.387] [modloading-worker-0/INFO] [com.teampotato.redirector.Redirector/]: Redirecting net/minecraftforge/event/entity/player/PlayerInteractEvent$LeftClickBlock$Action
[27Oct2025 16:28:56.388] [modloading-worker-0/DEBUG] [net.minecraftforge.fml.javafmlmod.AutomaticEventSubscriber/LOADING]: Auto-subscribing ttv.migami.jeg.event.EntitySpawnEventHandler to FORGE
[27Oct2025 16:28:56.390] [modloading-worker-0/DEBUG] [net.minecraftforge.fml.javafmlmod.AutomaticEventSubscriber/LOADING]: Auto-subscribing ttv.migami.jeg.event.EntityKillEventHandler to FORGE
[27Oct2025 16:28:56.391] [modloading-worker-0/DEBUG] [net.minecraftforge.fml.javafmlmod.AutomaticEventSubscriber/LOADING]: Attempting to inject @EventBusSubscriber classes into the eventbus for ftblibrary
[27Oct2025 16:28:56.391] [modloading-worker-0/DEBUG] [net.minecraftforge.fml.javafmlmod.AutomaticEventSubscriber/LOADING]: Attempting to inject @EventBusSubscriber classes into the eventbus for ferritecore
[27Oct2025 16:28:56.394] [modloading-worker-0/DEBUG] [net.minecraftforge.fml.javafmlmod.AutomaticEventSubscriber/LOADING]: Auto-subscribing ttv.migami.jeg.event.ConfigPackLoader to MOD
[27Oct2025 16:28:56.402] [modloading-worker-0/DEBUG] [net.minecraftforge.fml.javafmlmod.AutomaticEventSubscriber/LOADING]: Attempting to inject @EventBusSubscriber classes into the eventbus for mts
[27Oct2025 16:28:56.403] [modloading-worker-0/DEBUG] [net.minecraftforge.fml.javafmlmod.AutomaticEventSubscriber/LOADING]: Auto-subscribing mcinterface1201.WrapperPlayer to FORGE
[27Oct2025 16:28:56.404] [modloading-worker-0/INFO] [com.teampotato.redirector.Redirector/]: Redirecting net/minecraft/server/packs/PackType
[27Oct2025 16:28:56.404] [modloading-worker-0/DEBUG] [net.minecraftforge.fml.javafmlmod.AutomaticEventSubscriber/LOADING]: Auto-subscribing ttv.migami.jeg.event.BurstFireEvent to FORGE
[27Oct2025 16:28:56.407] [modloading-worker-0/DEBUG] [net.minecraftforge.fml.javafmlmod.AutomaticEventSubscriber/LOADING]: Auto-subscribing ttv.migami.jeg.entity.throwable.ThrowableStunGrenadeEntity to FORGE
[27Oct2025 16:28:56.409] [modloading-worker-0/INFO] [com.teampotato.redirector.Redirector/]: Redirecting net/minecraft/sounds/SoundSource
[27Oct2025 16:28:56.414] [modloading-worker-0/INFO] [com.teampotato.redirector.Redirector/]: Redirecting net/minecraft/world/entity/Entity$RemovalReason
[27Oct2025 16:28:56.414] [modloading-worker-0/INFO] [com.teampotato.redirector.Redirector/]: Redirecting net/minecraft/world/entity/MoverType
[27Oct2025 16:28:56.417] [modloading-worker-0/INFO] [com.teampotato.redirector.Redirector/]: Redirecting net/minecraft/world/level/block/Rotation
[27Oct2025 16:28:56.418] [modloading-worker-0/INFO] [com.teampotato.redirector.Redirector/]: Redirecting net/minecraft/world/level/block/Mirror
[27Oct2025 16:28:56.421] [modloading-worker-0/INFO] [com.teampotato.redirector.Redirector/]: Redirecting minecrafttransportsimulator/jsondefs/JSONItem$ItemComponentType
[27Oct2025 16:28:56.427] [modloading-worker-0/DEBUG] [net.minecraftforge.fml.javafmlmod.AutomaticEventSubscriber/LOADING]: Auto-subscribing mcinterface1201.WrapperEntity to FORGE
[27Oct2025 16:28:56.427] [modloading-worker-0/DEBUG] [net.minecraftforge.fml.javafmlmod.AutomaticEventSubscriber/LOADING]: Auto-subscribing mcinterface1201.BuilderEntityRenderForwarder to FORGE
[27Oct2025 16:28:56.432] [modloading-worker-0/INFO] [com.teampotato.redirector.Redirector/]: Redirecting net/minecraft/commands/arguments/EntityAnchorArgument$Anchor
[27Oct2025 16:28:56.438] [modloading-worker-0/DEBUG] [mixin/]: Mixing CapabilityDispatcherMixin from customnpcs.mixins.json into net.minecraftforge.common.capabilities.CapabilityDispatcher
[27Oct2025 16:28:56.442] [modloading-worker-0/DEBUG] [net.minecraftforge.fml.javafmlmod.AutomaticEventSubscriber/LOADING]: Auto-subscribing ttv.migami.jeg.entity.throwable.ThrowablePhantomGunnerBaitEntity to FORGE
[27Oct2025 16:28:56.444] [modloading-worker-0/DEBUG] [net.minecraftforge.fml.javafmlmod.AutomaticEventSubscriber/LOADING]: Auto-subscribing ttv.migami.jeg.entity.throwable.ThrowableFlareEntity to FORGE
[27Oct2025 16:28:56.444] [modloading-worker-0/DEBUG] [net.minecraftforge.fml.javafmlmod.AutomaticEventSubscriber/LOADING]: Auto-subscribing ttv.migami.jeg.entity.throwable.ThrowableExplosiveChargeEntity to FORGE
[27Oct2025 16:28:56.446] [modloading-worker-0/DEBUG] [net.minecraftforge.fml.javafmlmod.AutomaticEventSubscriber/LOADING]: Auto-subscribing ttv.migami.jeg.entity.throwable.ThrowableAirStrikeFlareEntity to FORGE
[27Oct2025 16:28:56.446] [modloading-worker-0/DEBUG] [net.minecraftforge.fml.javafmlmod.AutomaticEventSubscriber/LOADING]: Auto-subscribing ttv.migami.jeg.entity.ai.trumpet.TrumpetSkeletonAI to FORGE
[27Oct2025 16:28:56.448] [modloading-worker-0/DEBUG] [net.minecraftforge.fml.javafmlmod.AutomaticEventSubscriber/LOADING]: Auto-subscribing ttv.migami.jeg.debug.Debug to FORGE
[27Oct2025 16:28:56.449] [modloading-worker-0/DEBUG] [net.minecraftforge.fml.javafmlmod.AutomaticEventSubscriber/LOADING]: Auto-subscribing mcinterface1201.BuilderEntityExisting to FORGE
[27Oct2025 16:28:56.448] [modloading-worker-0/DEBUG] [net.minecraftforge.fml.javafmlmod.AutomaticEventSubscriber/LOADING]: Attempting to inject @EventBusSubscriber classes into the eventbus for architectury
[27Oct2025 16:28:56.456] [modloading-worker-0/DEBUG] [net.minecraftforge.fml.javafmlmod.AutomaticEventSubscriber/LOADING]: Auto-subscribing dev.architectury.registry.level.entity.trade.forge.TradeRegistryImpl to FORGE
[27Oct2025 16:28:56.456] [modloading-worker-0/DEBUG] [net.minecraftforge.fml.javafmlmod.AutomaticEventSubscriber/LOADING]: Auto-subscribing ttv.migami.jeg.common.SpreadTracker to FORGE
[27Oct2025 16:28:56.457] [modloading-worker-0/DEBUG] [net.minecraftforge.fml.javafmlmod.AutomaticEventSubscriber/LOADING]: Auto-subscribing ttv.migami.jeg.common.ReloadTracker to FORGE
[27Oct2025 16:28:56.457] [modloading-worker-0/DEBUG] [net.minecraftforge.fml.javafmlmod.AutomaticEventSubscriber/LOADING]: Auto-subscribing dev.architectury.registry.forge.ReloadListenerRegistryImpl to FORGE
[27Oct2025 16:28:56.468] [modloading-worker-0/DEBUG] [net.minecraftforge.fml.javafmlmod.AutomaticEventSubscriber/LOADING]: Auto-subscribing dev.architectury.networking.forge.NetworkManagerImpl to FORGE
[27Oct2025 16:28:56.470] [modloading-worker-0/DEBUG] [net.minecraftforge.fml.javafmlmod.AutomaticEventSubscriber/LOADING]: Auto-subscribing ttv.migami.jeg.common.NetworkGunManager to FORGE
[27Oct2025 16:28:56.472] [modloading-worker-0/DEBUG] [net.minecraftforge.fml.javafmlmod.AutomaticEventSubscriber/LOADING]: Auto-subscribing ttv.migami.jeg.common.DelayedTask to FORGE
[27Oct2025 16:28:56.474] [modloading-worker-0/INFO] [com.cupboard.Cupboard/]: Loaded config for: cupboard.json
[27Oct2025 16:28:56.476] [modloading-worker-0/DEBUG] [net.minecraftforge.fml.javafmlmod.AutomaticEventSubscriber/LOADING]: Attempting to inject @EventBusSubscriber classes into the eventbus for cupboard
[27Oct2025 16:28:56.478] [modloading-worker-0/DEBUG] [net.minecraftforge.fml.javafmlmod.AutomaticEventSubscriber/LOADING]: Auto-subscribing ttv.migami.jeg.common.CustomGunLoader to FORGE
[27Oct2025 16:28:56.478] [modloading-worker-0/DEBUG] [mixin/]: Mixing patches.packs.resources.MixinSimpleJsonResourceReloadListener from bookshelf.common.mixins.json into net.minecraft.server.packs.resources.SimpleJsonResourceReloadListener
[27Oct2025 16:28:56.480] [modloading-worker-0/DEBUG] [mixin/]: Renaming synthetic method lambda$prepare$0(Ljava/util/Map$Entry;)Z to md0cfdd6$lambda$prepare$0$0 in bookshelf.common.mixins.json:patches.packs.resources.MixinSimpleJsonResourceReloadListener
[27Oct2025 16:28:56.580] [modloading-worker-0/DEBUG] [net.minecraftforge.fml.javafmlmod.AutomaticEventSubscriber/LOADING]: Attempting to inject @EventBusSubscriber classes into the eventbus for boxing_madness
[27Oct2025 16:28:56.580] [modloading-worker-0/DEBUG] [net.minecraftforge.fml.javafmlmod.AutomaticEventSubscriber/LOADING]: Auto-subscribing net.mcreator.boxingmadness.procedures.BoxingGloveSecondHandYellowProcedure to FORGE
[27Oct2025 16:28:56.581] [modloading-worker-0/DEBUG] [net.minecraftforge.fml.javafmlmod.AutomaticEventSubscriber/LOADING]: Auto-subscribing net.mcreator.boxingmadness.procedures.BoxingGloveSecondHandSwipeYellowProcedure to FORGE
[27Oct2025 16:28:56.582] [modloading-worker-0/DEBUG] [net.minecraftforge.fml.javafmlmod.AutomaticEventSubscriber/LOADING]: Auto-subscribing net.mcreator.boxingmadness.procedures.BoxingGloveSecondHandSwipeProcedure to FORGE
[27Oct2025 16:28:56.582] [modloading-worker-0/DEBUG] [net.minecraftforge.fml.javafmlmod.AutomaticEventSubscriber/LOADING]: Auto-subscribing net.mcreator.boxingmadness.procedures.BoxingGloveSecondHandSwipePinkProcedure to FORGE
[27Oct2025 16:28:56.589] [modloading-worker-0/DEBUG] [net.minecraftforge.fml.javafmlmod.AutomaticEventSubscriber/LOADING]: Auto-subscribing net.mcreator.boxingmadness.procedures.BoxingGloveSecondHandSwipeGreenProcedure to FORGE
[27Oct2025 16:28:56.590] [modloading-worker-0/DEBUG] [net.minecraftforge.fml.javafmlmod.AutomaticEventSubscriber/LOADING]: Auto-subscribing net.mcreator.boxingmadness.procedures.BoxingGloveSecondHandSwipeBlueProcedure to FORGE
[27Oct2025 16:28:56.590] [modloading-worker-0/DEBUG] [net.minecraftforge.fml.javafmlmod.AutomaticEventSubscriber/LOADING]: Auto-subscribing net.mcreator.boxingmadness.procedures.BoxingGloveSecondHandProcedure to FORGE
[27Oct2025 16:28:56.591] [modloading-worker-0/DEBUG] [net.minecraftforge.fml.javafmlmod.AutomaticEventSubscriber/LOADING]: Auto-subscribing net.mcreator.boxingmadness.procedures.BoxingGloveSecondHandPinkProcedure to FORGE
[27Oct2025 16:28:56.612] [modloading-worker-0/DEBUG] [net.minecraftforge.fml.javafmlmod.AutomaticEventSubscriber/LOADING]: Auto-subscribing net.mcreator.boxingmadness.procedures.BoxingGloveSecondHandGreenProcedure to FORGE
[27Oct2025 16:28:56.624] [modloading-worker-0/DEBUG] [net.minecraftforge.fml.javafmlmod.AutomaticEventSubscriber/LOADING]: Auto-subscribing net.mcreator.boxingmadness.procedures.BoxingGloveSecondHandBlueProcedure to FORGE
[27Oct2025 16:28:56.633] [modloading-worker-0/DEBUG] [net.minecraftforge.fml.javafmlmod.AutomaticEventSubscriber/LOADING]: Auto-subscribing net.mcreator.boxingmadness.network.BoxingGloveBlockMessage to MOD
[27Oct2025 16:28:56.634] [modloading-worker-0/DEBUG] [net.minecraftforge.fml.javafmlmod.AutomaticEventSubscriber/LOADING]: Auto-subscribing net.mcreator.boxingmadness.init.BoxingMadnessModEntities to MOD
[27Oct2025 16:28:56.643] [modloading-worker-0/ERROR] [mts/]: MTSERROR: Welcome to MTS VERSION: 22.17.0
[27Oct2025 16:28:56.688] [modloading-worker-0/INFO] [com.teampotato.redirector.Redirector/]: Redirecting minecrafttransportsimulator/packloading/PackResourceLoader$ItemClassification
[27Oct2025 16:28:56.702] [modloading-worker-0/INFO] [com.teampotato.redirector.Redirector/]: Redirecting minecrafttransportsimulator/jsondefs/JSONPart$PartType
[27Oct2025 16:28:56.707] [modloading-worker-0/DEBUG] [net.minecraftforge.fml.javafmlmod.AutomaticEventSubscriber/LOADING]: Attempting to inject @EventBusSubscriber classes into the eventbus for modernfurniture
[27Oct2025 16:28:56.706] [modloading-worker-0/INFO] [com.teampotato.redirector.Redirector/]: Redirecting minecrafttransportsimulator/jsondefs/JSONAnimationDefinition$AnimationComponentType
[27Oct2025 16:28:56.708] [modloading-worker-0/INFO] [com.teampotato.redirector.Redirector/]: Redirecting minecrafttransportsimulator/jsondefs/JSONAnimationDefinition$AnimationEasingType
[27Oct2025 16:28:56.709] [modloading-worker-0/INFO] [com.teampotato.redirector.Redirector/]: Redirecting minecrafttransportsimulator/jsondefs/JSONPart$EngineType
[27Oct2025 16:28:56.712] [modloading-worker-0/INFO] [com.teampotato.redirector.Redirector/]: Redirecting minecrafttransportsimulator/jsondefs/JSONConfigSettings$FuelDefaults
[27Oct2025 16:28:56.714] [modloading-worker-0/DEBUG] [net.minecraftforge.fml.javafmlmod.AutomaticEventSubscriber/LOADING]: Attempting to inject @EventBusSubscriber classes into the eventbus for dtrch
[27Oct2025 16:28:56.714] [modloading-worker-0/DEBUG] [net.minecraftforge.fml.javafmlmod.AutomaticEventSubscriber/LOADING]: Auto-subscribing net.mcreator.dtrch.procedures.OMONArmorChestplateTickEventProcedure to FORGE
[27Oct2025 16:28:56.715] [modloading-worker-0/DEBUG] [net.minecraftforge.fml.javafmlmod.AutomaticEventSubscriber/LOADING]: Auto-subscribing net.mcreator.dtrch.procedures.AltynArmorHelmetTickEventProcedure to FORGE
[27Oct2025 16:28:56.718] [modloading-worker-0/INFO] [com.teampotato.redirector.Redirector/]: Redirecting minecrafttransportsimulator/blocks/components/ABlockBase$BlockMaterial
[27Oct2025 16:28:56.720] [modloading-worker-0/INFO] [com.teampotato.redirector.Redirector/]: Redirecting minecrafttransportsimulator/jsondefs/JSONPart$LockOnType
[27Oct2025 16:28:56.720] [modloading-worker-0/INFO] [com.teampotato.redirector.Redirector/]: Redirecting minecrafttransportsimulator/jsondefs/JSONPart$TargetType
[27Oct2025 16:28:56.722] [modloading-worker-0/INFO] [com.teampotato.redirector.Redirector/]: Redirecting minecrafttransportsimulator/jsondefs/JSONPart$InteractableComponentType
[27Oct2025 16:28:56.725] [modloading-worker-0/INFO] [com.teampotato.redirector.Redirector/]: Redirecting minecrafttransportsimulator/jsondefs/JSONPart$CrafterComponentType
[27Oct2025 16:28:56.726] [modloading-worker-0/INFO] [com.teampotato.redirector.Redirector/]: Redirecting minecrafttransportsimulator/jsondefs/JSONPart$EffectorComponentType
[27Oct2025 16:28:56.728] [modloading-worker-0/INFO] [com.teampotato.redirector.Redirector/]: Redirecting minecrafttransportsimulator/jsondefs/JSONPartDefinition$JSONGroundDevicePosition
[27Oct2025 16:28:56.730] [modloading-worker-0/INFO] [com.teampotato.redirector.Redirector/]: Redirecting minecrafttransportsimulator/jsondefs/JSONPotionEffect$PotionDefaults
[27Oct2025 16:28:56.735] [modloading-worker-0/DEBUG] [Framework/]: Loaded com.mrcrayfish.framework.platform.ForgePlatformHelper@62261183 for service interface com.mrcrayfish.framework.platform.services.IPlatformHelper
[27Oct2025 16:28:56.735] [modloading-worker-0/INFO] [com.teampotato.redirector.Redirector/]: Redirecting minecrafttransportsimulator/jsondefs/JSONParticle$ParticleType
[27Oct2025 16:28:56.736] [modloading-worker-0/DEBUG] [Framework/]: Loaded com.mrcrayfish.framework.platform.ForgeNetworkHelper@44ff6eca for service interface com.mrcrayfish.framework.platform.services.INetworkHelper
[27Oct2025 16:28:56.737] [modloading-worker-0/DEBUG] [Framework/]: Loaded com.mrcrayfish.framework.platform.ForgeRegistrationHelper@281311c3 for service interface com.mrcrayfish.framework.platform.services.IRegistrationHelper
[27Oct2025 16:28:56.736] [modloading-worker-0/INFO] [com.teampotato.redirector.Redirector/]: Redirecting minecrafttransportsimulator/jsondefs/JSONParticle$ParticleSpawningOrientation
[27Oct2025 16:28:56.740] [modloading-worker-0/INFO] [com.teampotato.redirector.Redirector/]: Redirecting minecrafttransportsimulator/jsondefs/JSONParticle$ParticleRenderingOrientation
[27Oct2025 16:28:56.742] [modloading-worker-0/DEBUG] [Framework/]: Loaded com.mrcrayfish.framework.platform.ForgeEntityHelper@7dcfd3f7 for service interface com.mrcrayfish.framework.platform.services.IEntityHelper
[27Oct2025 16:28:56.742] [modloading-worker-0/DEBUG] [Framework/]: Loaded com.mrcrayfish.framework.platform.ForgeItemHelper@7ed7cb1a for service interface com.mrcrayfish.framework.platform.services.IItemHelper
[27Oct2025 16:28:56.743] [modloading-worker-0/DEBUG] [Framework/]: Loaded com.mrcrayfish.framework.platform.ForgeConfigHelper@59fee1a8 for service interface com.mrcrayfish.framework.platform.services.IConfigHelper
[27Oct2025 16:28:56.747] [modloading-worker-0/INFO] [com.teampotato.redirector.Redirector/]: Redirecting minecrafttransportsimulator/jsondefs/JSONCollisionGroup$CollisionType
[27Oct2025 16:28:56.751] [modloading-worker-0/INFO] [com.teampotato.redirector.Redirector/]: Redirecting minecrafttransportsimulator/jsondefs/JSONAction$ActionType
[27Oct2025 16:28:56.762] [modloading-worker-0/DEBUG] [net.minecraftforge.fml.config.ConfigTracker/CONFIG]: Config file saros_road_blocks_mod-common.toml for saros_road_blocks_mod tracking
[27Oct2025 16:28:56.762] [modloading-worker-0/DEBUG] [net.minecraftforge.fml.javafmlmod.AutomaticEventSubscriber/LOADING]: Attempting to inject @EventBusSubscriber classes into the eventbus for saros_road_blocks_mod
[27Oct2025 16:28:56.762] [modloading-worker-0/DEBUG] [net.minecraftforge.fml.javafmlmod.AutomaticEventSubscriber/LOADING]: Auto-subscribing de.sarocesch.sarosroadblocksmod.procedures.LoadConfigProcedure to MOD
[27Oct2025 16:28:56.763] [modloading-worker-0/DEBUG] [net.minecraftforge.fml.javafmlmod.AutomaticEventSubscriber/LOADING]: Auto-subscribing de.sarocesch.sarosroadblocksmod.network.RoadPlannerPackets to MOD
[27Oct2025 16:28:56.764] [modloading-worker-0/INFO] [com.teampotato.redirector.Redirector/]: Redirecting de/sarocesch/sarosroadblocksmod/network/RoadPlannerPackets$C2SClick$Action
[27Oct2025 16:28:56.764] [modloading-worker-0/INFO] [com.teampotato.redirector.Redirector/]: Redirecting minecrafttransportsimulator/jsondefs/JSONRendering$ModelType
[27Oct2025 16:28:56.765] [modloading-worker-0/DEBUG] [net.minecraftforge.fml.javafmlmod.AutomaticEventSubscriber/LOADING]: Attempting to inject @EventBusSubscriber classes into the eventbus for saros_road_signs_mod
[27Oct2025 16:28:56.765] [modloading-worker-0/DEBUG] [net.minecraftforge.fml.javafmlmod.AutomaticEventSubscriber/LOADING]: Auto-subscribing de.sarocesch.sarosroadsignsmod.server.PackValidation to FORGE
[27Oct2025 16:28:56.765] [modloading-worker-0/DEBUG] [net.minecraftforge.fml.javafmlmod.AutomaticEventSubscriber/LOADING]: Auto-subscribing de.sarocesch.sarosroadsignsmod.procedures.LoadConfigServerProcedure to MOD
[27Oct2025 16:28:56.768] [modloading-worker-0/DEBUG] [net.minecraftforge.fml.javafmlmod.AutomaticEventSubscriber/LOADING]: Auto-subscribing de.sarocesch.sarosroadsignsmod.network.ServerPackSync to FORGE
[27Oct2025 16:28:56.768] [modloading-worker-0/DEBUG] [net.minecraftforge.fml.javafmlmod.AutomaticEventSubscriber/LOADING]: Auto-subscribing de.sarocesch.sarosroadblocksmod.network.GUIButtonMessage to MOD
[27Oct2025 16:28:56.769] [modloading-worker-0/DEBUG] [net.minecraftforge.fml.javafmlmod.AutomaticEventSubscriber/LOADING]: Auto-subscribing de.sarocesch.sarosroadsignsmod.network.SchilderMenuGuiRundButtonMessage to MOD
[27Oct2025 16:28:56.770] [modloading-worker-0/DEBUG] [net.minecraftforge.fml.javafmlmod.AutomaticEventSubscriber/LOADING]: Auto-subscribing de.sarocesch.sarosroadblocksmod.mixin.CommandRegistration to FORGE
[27Oct2025 16:28:56.771] [modloading-worker-0/DEBUG] [net.minecraftforge.fml.javafmlmod.AutomaticEventSubscriber/LOADING]: Auto-subscribing de.sarocesch.sarosroadsignsmod.network.SchilderMenuGuiButtonMessage to MOD
[27Oct2025 16:28:56.777] [modloading-worker-0/DEBUG] [net.minecraftforge.fml.javafmlmod.AutomaticEventSubscriber/LOADING]: Auto-subscribing de.sarocesch.sarosroadsignsmod.network.SchildUmgedrehtGuiButtonMessage to MOD
[27Oct2025 16:28:56.778] [modloading-worker-0/DEBUG] [net.minecraftforge.fml.javafmlmod.AutomaticEventSubscriber/LOADING]: Auto-subscribing de.sarocesch.sarosroadsignsmod.network.Schild4eckGUiButtonMessage to MOD
[27Oct2025 16:28:56.779] [modloading-worker-0/DEBUG] [net.minecraftforge.fml.javafmlmod.AutomaticEventSubscriber/LOADING]: Auto-subscribing de.sarocesch.sarosroadsignsmod.command.ReloadCommand to FORGE
[27Oct2025 16:28:56.781] [modloading-worker-0/DEBUG] [mixin/]: Mixing AdvancedPacketErrorLogging from connectivity.mixins.json into net.minecraft.network.Connection
[27Oct2025 16:28:56.784] [modloading-worker-0/DEBUG] [mixin/]: Mixing ConnectionMixin from connectivity.mixins.json into net.minecraft.network.Connection
[27Oct2025 16:28:56.784] [modloading-worker-0/DEBUG] [mixin/]: Renaming synthetic method lambda$on$2(Ljava/lang/String;Lio/netty/channel/ChannelHandlerContext;Lio/netty/util/concurrent/Future;)V to md0cfdd6$lambda$on$2$0 in connectivity.mixins.json:ConnectionMixin
[27Oct2025 16:28:56.784] [modloading-worker-0/DEBUG] [mixin/]: Renaming synthetic method lambda$on$1(Ljava/lang/String;Lio/netty/channel/ChannelHandlerContext;Lio/netty/util/concurrent/Future;)V to md0cfdd6$lambda$on$1$1 in connectivity.mixins.json:ConnectionMixin
[27Oct2025 16:28:56.784] [modloading-worker-0/DEBUG] [mixin/]: Renaming synthetic method lambda$on$0(Ljava/lang/String;Lio/netty/channel/ChannelHandlerContext;Lio/netty/util/concurrent/Future;)V to md0cfdd6$lambda$on$0$2 in connectivity.mixins.json:ConnectionMixin
[27Oct2025 16:28:56.792] [modloading-worker-0/DEBUG] [mixin/]: Mixing perf.smart_ingredient_sync.ConnectionMixin from modernfix-forge.mixins.json into net.minecraft.network.Connection
[27Oct2025 16:28:56.800] [modloading-worker-0/DEBUG] [net.minecraftforge.fml.javafmlmod.AutomaticEventSubscriber/LOADING]: Auto-subscribing de.sarocesch.sarosroadsignsmod.command.CommandRegistrar to FORGE
[27Oct2025 16:28:56.801] [modloading-worker-0/DEBUG] [net.minecraftforge.fml.javafmlmod.AutomaticEventSubscriber/LOADING]: Auto-subscribing de.sarocesch.sarosroadsignsmod.CommonBootstrap to MOD
[27Oct2025 16:28:56.807] [modloading-worker-0/DEBUG] [net.minecraftforge.versions.forge.ForgeVersion/CORE]: Forge Version package package net.minecraftforge.versions.forge, Forge, version 47.3 from cpw.mods.modlauncher.TransformingClassLoader@2676dc05
[27Oct2025 16:28:56.807] [modloading-worker-0/DEBUG] [net.minecraftforge.versions.forge.ForgeVersion/CORE]: Found Forge version 47.3.7
[27Oct2025 16:28:56.807] [modloading-worker-0/DEBUG] [net.minecraftforge.versions.forge.ForgeVersion/CORE]: Found Forge spec 47.3
[27Oct2025 16:28:56.807] [modloading-worker-0/DEBUG] [net.minecraftforge.versions.forge.ForgeVersion/CORE]: Found Forge group net.minecraftforge
[27Oct2025 16:28:56.808] [modloading-worker-0/DEBUG] [net.minecraftforge.versions.mcp.MCPVersion/CORE]: MCP Version package package net.minecraftforge.versions.mcp, Minecraft, version 1.20.1 from cpw.mods.modlauncher.TransformingClassLoader@2676dc05
[27Oct2025 16:28:56.808] [modloading-worker-0/DEBUG] [net.minecraftforge.versions.mcp.MCPVersion/CORE]: Found MC version information 1.20.1
[27Oct2025 16:28:56.808] [modloading-worker-0/DEBUG] [net.minecraftforge.versions.mcp.MCPVersion/CORE]: Found MCP version information 20230612.114412
[27Oct2025 16:28:56.808] [modloading-worker-0/INFO] [net.minecraftforge.common.ForgeMod/FORGEMOD]: Forge mod loading, version 47.3.7, for MC 1.20.1 with MCP 20230612.114412
[27Oct2025 16:28:56.808] [modloading-worker-0/INFO] [net.minecraftforge.common.MinecraftForge/FORGE]: MinecraftForge v47.3.7 Initialized
[27Oct2025 16:28:56.809] [modloading-worker-0/INFO] [com.teampotato.redirector.Redirector/]: Redirecting minecrafttransportsimulator/packloading/PackResourceLoader$ResourceType
[27Oct2025 16:28:56.810] [modloading-worker-0/DEBUG] [net.minecraftforge.fml.javafmlmod.AutomaticEventSubscriber/LOADING]: Attempting to inject @EventBusSubscriber classes into the eventbus for lazrslib
[27Oct2025 16:28:56.810] [modloading-worker-0/INFO] [com.teampotato.redirector.Redirector/]: Redirecting minecrafttransportsimulator/packloading/PackResourceLoader$PackStructure
[27Oct2025 16:28:56.811] [modloading-worker-0/DEBUG] [playerrevive/]: Created network playerrevive:main
[27Oct2025 16:28:56.812] [modloading-worker-0/INFO] [com.teampotato.redirector.Redirector/]: Redirecting com/mrcrayfish/framework/platform/services/IPlatformHelper$Platform
[27Oct2025 16:28:56.813] [modloading-worker-0/INFO] [com.teampotato.redirector.Redirector/]: Redirecting net/minecraftforge/common/capabilities/CapabilityManager
[27Oct2025 16:28:56.819] [modloading-worker-0/DEBUG] [net.minecraftforge.fml.javafmlmod.AutomaticEventSubscriber/LOADING]: Attempting to inject @EventBusSubscriber classes into the eventbus for playerrevive
[27Oct2025 16:28:56.819] [modloading-worker-0/INFO] [com.teampotato.redirector.Redirector/]: Redirecting minecrafttransportsimulator/rendering/RenderableVertices$BoxOffset
[27Oct2025 16:28:56.827] [modloading-worker-0/DEBUG] [net.minecraftforge.fml.javafmlmod.AutomaticEventSubscriber/LOADING]: Attempting to inject @EventBusSubscriber classes into the eventbus for framework
[27Oct2025 16:28:56.830] [modloading-worker-0/DEBUG] [net.minecraftforge.fml.javafmlmod.AutomaticEventSubscriber/LOADING]: Auto-subscribing com.mrcrayfish.framework.entity.sync.ForgeSyncedEntityDataHandler to FORGE
[27Oct2025 16:28:56.832] [modloading-worker-0/DEBUG] [net.minecraftforge.common.ForgeMod/FORGEMOD]: Loading Network data for FML net version: FML3
[27Oct2025 16:28:56.834] [modloading-worker-0/INFO] [com.teampotato.redirector.Redirector/]: Redirecting minecrafttransportsimulator/jsondefs/JSONDecor$DecorComponentType
[27Oct2025 16:28:56.836] [modloading-worker-0/INFO] [com.teampotato.redirector.Redirector/]: Redirecting net/minecraft/world/item/ItemDisplayContext
[27Oct2025 16:28:56.842] [modloading-worker-0/DEBUG] [net.minecraftforge.fml.config.ConfigTracker/CONFIG]: Config file forge-client.toml for forge tracking
[27Oct2025 16:28:56.845] [modloading-worker-0/DEBUG] [net.minecraftforge.fml.config.ConfigTracker/CONFIG]: Config file forge-server.toml for forge tracking
[27Oct2025 16:28:56.845] [modloading-worker-0/DEBUG] [net.minecraftforge.fml.ModLoadingContext/]: Attempted to register an empty config for type COMMON on mod forge
[27Oct2025 16:28:56.862] [modloading-worker-0/DEBUG] [net.minecraftforge.fml.javafmlmod.AutomaticEventSubscriber/LOADING]: Attempting to inject @EventBusSubscriber classes into the eventbus for forge
[27Oct2025 16:28:56.865] [modloading-worker-0/DEBUG] [net.minecraftforge.fml.javafmlmod.AutomaticEventSubscriber/LOADING]: Auto-subscribing net.minecraftforge.common.ForgeSpawnEggItem$CommonHandler to MOD
[27Oct2025 16:28:56.885] [modloading-worker-0/INFO] [com.teampotato.redirector.Redirector/]: Redirecting minecrafttransportsimulator/jsondefs/JSONPanel$SpecialComponent
[27Oct2025 16:28:56.886] [modloading-worker-0/INFO] [com.teampotato.redirector.Redirector/]: Redirecting minecrafttransportsimulator/jsondefs/JSONPanel$ActionType
[27Oct2025 16:28:57.990] [modloading-worker-0/ERROR] [mts/]: MTSERROR: Object Plano found with no faces defined at line: 43211 in: /assets/brcc/objmodels/vehicles/cars/gol.obj
[27Oct2025 16:28:58.036] [modloading-worker-0/ERROR] [mts/]: MTSERROR: Object Plano.001 found with no faces defined at line: 69512 in: /assets/brcc/objmodels/vehicles/cars/gol.obj
[27Oct2025 16:28:58.036] [modloading-worker-0/ERROR] [mts/]: MTSERROR: Object Plano.002 found with no faces defined at line: 69513 in: /assets/brcc/objmodels/vehicles/cars/gol.obj
[27Oct2025 16:28:58.036] [modloading-worker-0/ERROR] [mts/]: MTSERROR: Object Plano.003 found with no faces defined at line: 69514 in: /assets/brcc/objmodels/vehicles/cars/gol.obj
[27Oct2025 16:28:58.100] [modloading-worker-0/ERROR] [mts/]: MTSERROR: Object Círculo found with no faces defined at line: 76462 in: /assets/brcc/objmodels/vehicles/cars/opala.obj
[27Oct2025 16:28:58.713] [modloading-worker-0/ERROR] [mts/]: MTSERROR: Object translucent_backup000 found with no faces defined at line: 58134 in: /assets/brcc/objmodels/vehicles/cars/uno.obj
[27Oct2025 16:28:58.714] [modloading-worker-0/ERROR] [mts/]: MTSERROR: Object translucent_brakel found with no faces defined at line: 58135 in: /assets/brcc/objmodels/vehicles/cars/uno.obj
[27Oct2025 16:28:58.879] [modloading-worker-0/ERROR] [mts/]: MTSERROR: ConfigSystem failed to save modified config files.  Report to the mod author!
[27Oct2025 16:28:58.879] [modloading-worker-0/ERROR] [mts/]: MTSERROR: Cannot invoke "java.io.File.toPath()" because "minecrafttransportsimulator.systems.ConfigSystem.clientFile" is null
[27Oct2025 16:28:59.089] [main/INFO] [com.teampotato.redirector.Redirector/]: Redirecting net/minecraft/network/chat/ChatTypeDecoration$Parameter
[27Oct2025 16:28:59.100] [main/INFO] [com.teampotato.redirector.Redirector/]: Redirecting net/minecraft/world/damagesource/DamageScaling
[27Oct2025 16:28:59.101] [main/INFO] [com.teampotato.redirector.Redirector/]: Redirecting net/minecraft/world/damagesource/DamageEffects
[27Oct2025 16:28:59.103] [main/INFO] [com.teampotato.redirector.Redirector/]: Redirecting net/minecraft/world/damagesource/DeathMessageType
[27Oct2025 16:28:59.543] [main/DEBUG] [net.minecraftforge.common.capabilities.CapabilityManager/CAPABILITIES]: Attempting to automatically register: Lmelonslise/locks/common/capability/ILockableHandler;
[27Oct2025 16:28:59.544] [main/DEBUG] [net.minecraftforge.common.capabilities.CapabilityManager/CAPABILITIES]: Attempting to automatically register: Lmelonslise/locks/common/capability/ILockableStorage;
[27Oct2025 16:28:59.544] [main/DEBUG] [net.minecraftforge.common.capabilities.CapabilityManager/CAPABILITIES]: Attempting to automatically register: Lmelonslise/locks/common/capability/ISelection;
[27Oct2025 16:28:59.544] [main/DEBUG] [net.minecraftforge.common.capabilities.CapabilityManager/CAPABILITIES]: Attempting to automatically register: Lmelonslise/locks/common/capability/LockableHandler;
[27Oct2025 16:28:59.544] [main/DEBUG] [net.minecraftforge.common.capabilities.CapabilityManager/CAPABILITIES]: Attempting to automatically register: Lmelonslise/locks/common/capability/LockableStorage;
[27Oct2025 16:28:59.544] [main/DEBUG] [net.minecraftforge.common.capabilities.CapabilityManager/CAPABILITIES]: Attempting to automatically register: Lmelonslise/locks/common/capability/Selection;
[27Oct2025 16:28:59.544] [main/DEBUG] [net.minecraftforge.common.capabilities.CapabilityManager/CAPABILITIES]: Attempting to automatically register: Lnet/minecraftforge/energy/IEnergyStorage;
[27Oct2025 16:28:59.544] [main/DEBUG] [net.minecraftforge.common.capabilities.CapabilityManager/CAPABILITIES]: Attempting to automatically register: Lnet/minecraftforge/fluids/capability/IFluidHandler;
[27Oct2025 16:28:59.544] [main/DEBUG] [net.minecraftforge.common.capabilities.CapabilityManager/CAPABILITIES]: Attempting to automatically register: Lnet/minecraftforge/fluids/capability/IFluidHandlerItem;
[27Oct2025 16:28:59.544] [main/DEBUG] [net.minecraftforge.common.capabilities.CapabilityManager/CAPABILITIES]: Attempting to automatically register: Lnet/minecraftforge/items/IItemHandler;
[27Oct2025 16:28:59.544] [main/INFO] [cuffed/]: Registering Capabilities for Cuffed
[27Oct2025 16:28:59.951] [main/INFO] [cuffed/]: Registering sound for Cuffed
[27Oct2025 16:28:59.972] [main/INFO] [com.teampotato.redirector.Redirector/]: Redirecting com/lazrproductions/cuffed/blocks/base/PosterType
[27Oct2025 16:29:00.098] [main/INFO] [com.teampotato.redirector.Redirector/]: Redirecting com/ultreon/devices/block/ComputerBlock$Type
[27Oct2025 16:29:00.098] [main/INFO] [com.teampotato.redirector.Redirector/]: Redirecting com/ultreon/devices/ModDeviceTypes
[27Oct2025 16:29:00.103] [main/INFO] [com.teampotato.redirector.Redirector/]: Redirecting com/ultreon/devices/block/MacMaxXBlockPart$Part
[27Oct2025 16:29:00.116] [main/INFO] [com.teampotato.redirector.Redirector/]: Redirecting com/ultreon/devices/block/OfficeChairBlock$Type
[27Oct2025 16:29:00.159] [main/INFO] [com.teampotato.redirector.Redirector/]: Redirecting de/sarocesch/sarosroadblocksmod/block/AsphaltBlock$Variant
[27Oct2025 16:29:00.160] [main/INFO] [com.teampotato.redirector.Redirector/]: Redirecting de/sarocesch/sarosroadblocksmod/block/AsphaltBlock$TextureVariant
[27Oct2025 16:29:00.165] [main/INFO] [com.teampotato.redirector.Redirector/]: Redirecting de/sarocesch/sarosroadblocksmod/block/SidewalkBlock$Variant
[27Oct2025 16:29:00.295] [main/INFO] [com.teampotato.redirector.Redirector/]: Redirecting ttv/migami/jeg/enchantment/GunEnchantment$Type
[27Oct2025 16:29:00.312] [main/DEBUG] [mixin/]: Mixing perf.dynamic_dfu.DataFixersMixin from modernfix-common.mixins.json into net.minecraft.util.datafix.DataFixers
[27Oct2025 16:29:00.312] [main/DEBUG] [mixin/]: Renaming synthetic method lambda$createLazyFixerUpper$0(Ljava/util/Set;)Lcom/mojang/datafixers/DataFixer; to md0cfdd6$lambda$createLazyFixerUpper$0$0 in modernfix-common.mixins.json:perf.dynamic_dfu.DataFixersMixin
[27Oct2025 16:29:00.372] [main/INFO] [ModernFix/]: Bypassed Mojang DFU
[27Oct2025 16:29:00.372] [main/INFO] [ModernFix/]: Instantiating Mojang DFU
[27Oct2025 16:29:00.794] [main/DEBUG] [mixin/]: Mixing accessors.inventory.AccessorInventoryMenu from bookshelf.common.mixins.json into net.minecraft.world.inventory.InventoryMenu
[27Oct2025 16:29:00.812] [main/DEBUG] [bookshelf/]: Built 2 minecraft:recipe_serializer entries. Took 1.3ms.
[27Oct2025 16:29:00.823] [main/INFO] [com.teampotato.redirector.Redirector/]: Redirecting net/darkhax/bookshelf/impl/commands/CommandHand$OutputType
[27Oct2025 16:29:00.824] [main/DEBUG] [bookshelf/]: Built 2 minecraft:command_argument_type entries. Took 2.32ms.
[27Oct2025 16:29:00.856] [main/INFO] [com.teampotato.redirector.Redirector/]: Redirecting com/lazrproductions/cuffed/entity/animation/ArmRestraintAnimationFlags
[27Oct2025 16:29:00.857] [main/DEBUG] [mixin/]: Mixing ListNBTMixin from customnpcs.mixins.json into net.minecraft.nbt.ListTag
[27Oct2025 16:29:00.860] [main/INFO] [com.teampotato.redirector.Redirector/]: Redirecting com/lazrproductions/cuffed/entity/animation/LegRestraintAnimationFlags
[27Oct2025 16:29:00.860] [main/INFO] [cuffed/]: Cuffed has found a foreign restraint registry, registering with Restraint API
[27Oct2025 16:29:00.862] [main/INFO] [com.teampotato.redirector.Redirector/]: Redirecting com/lazrproductions/cuffed/restraints/base/RestraintType
[27Oct2025 16:29:00.873] [main/INFO] [com.teampotato.redirector.Redirector/]: Redirecting net/minecraft/world/level/pathfinder/BlockPathTypes
[27Oct2025 16:29:00.891] [main/DEBUG] [mixin/]: Mixing perf.faster_ingredients.ForgeHooksMixin from modernfix-forge.mixins.json into net.minecraftforge.common.ForgeHooks
[27Oct2025 16:29:00.892] [main/DEBUG] [mixin/]: Mixing accessor.ForgeHooksAccessor from locks.mixins.json into net.minecraftforge.common.ForgeHooks
[27Oct2025 16:29:00.892] [main/DEBUG] [mixin/]: Renaming @Accessor method getLootContext()Ljava/lang/ThreadLocal; to getLootContext_$md$0cfdd6$0 in locks.mixins.json:accessor.ForgeHooksAccessor
[27Oct2025 16:29:00.911] [main/WARN] [net.minecraft.network.syncher.SynchedEntityData/]: defineId called for: class net.minecraft.world.entity.player.Player from class com.lazrproductions.cuffed.entity.WeightedAnchorEntity
[27Oct2025 16:29:00.918] [main/INFO] [com.teampotato.redirector.Redirector/]: Redirecting net/minecraft/world/Difficulty
[27Oct2025 16:29:00.934] [main/INFO] [com.teampotato.redirector.Redirector/]: Redirecting net/minecraft/world/entity/SpawnPlacements$Type
[27Oct2025 16:29:00.941] [main/INFO] [com.teampotato.redirector.Redirector/]: Redirecting net/minecraftforge/event/entity/SpawnPlacementRegisterEvent$Operation
[27Oct2025 16:29:01.150] [main/DEBUG] [net.minecraftforge.fml.config.ConfigTracker/CONFIG]: Loading configs type COMMON
[27Oct2025 16:29:01.151] [main/DEBUG] [net.minecraftforge.fml.config.ConfigFileTypeHandler/CONFIG]: Built TOML config for /workspaces/Marbella/servidor_minecraft/config/eyemod-common.toml
[27Oct2025 16:29:01.152] [main/DEBUG] [net.minecraftforge.fml.config.ConfigFileTypeHandler/CONFIG]: Loaded TOML config file /workspaces/Marbella/servidor_minecraft/config/eyemod-common.toml
[27Oct2025 16:29:01.154] [main/DEBUG] [net.minecraftforge.fml.config.ConfigFileTypeHandler/CONFIG]: Watching TOML config file /workspaces/Marbella/servidor_minecraft/config/eyemod-common.toml for changes
[27Oct2025 16:29:01.155] [main/WARN] [net.minecraftforge.common.ForgeConfigSpec/CORE]: Configuration file /workspaces/Marbella/servidor_minecraft/config/eyemod-common.toml is not correct. Correcting
[27Oct2025 16:29:01.155] [main/DEBUG] [net.minecraftforge.common.ForgeConfigSpec/CORE]: List on key spawnLocations is deemed to need correction. It failed validation.
[27Oct2025 16:29:01.156] [main/WARN] [net.minecraftforge.common.ForgeConfigSpec/CORE]: Incorrect key spawnLocations was corrected from [] to its default, []. 
[27Oct2025 16:29:01.159] [main/DEBUG] [net.minecraftforge.fml.config.ConfigFileTypeHandler/CONFIG]: Built TOML config for /workspaces/Marbella/servidor_minecraft/config/locks-common.toml
[27Oct2025 16:29:01.160] [main/DEBUG] [net.minecraftforge.fml.config.ConfigFileTypeHandler/CONFIG]: Loaded TOML config file /workspaces/Marbella/servidor_minecraft/config/locks-common.toml
[27Oct2025 16:29:01.160] [main/DEBUG] [net.minecraftforge.fml.config.ConfigFileTypeHandler/CONFIG]: Watching TOML config file /workspaces/Marbella/servidor_minecraft/config/locks-common.toml for changes
[27Oct2025 16:29:01.162] [main/DEBUG] [net.minecraftforge.fml.config.ConfigFileTypeHandler/CONFIG]: Built TOML config for /workspaces/Marbella/servidor_minecraft/config/jeg-common.toml
[27Oct2025 16:29:01.163] [main/DEBUG] [net.minecraftforge.fml.config.ConfigFileTypeHandler/CONFIG]: Loaded TOML config file /workspaces/Marbella/servidor_minecraft/config/jeg-common.toml
[27Oct2025 16:29:01.164] [main/DEBUG] [net.minecraftforge.fml.config.ConfigFileTypeHandler/CONFIG]: Watching TOML config file /workspaces/Marbella/servidor_minecraft/config/jeg-common.toml for changes
[27Oct2025 16:29:01.168] [main/DEBUG] [net.minecraftforge.fml.config.ConfigFileTypeHandler/CONFIG]: Built TOML config for /workspaces/Marbella/servidor_minecraft/config/casinocraft-common.toml
[27Oct2025 16:29:01.168] [main/DEBUG] [net.minecraftforge.fml.config.ConfigFileTypeHandler/CONFIG]: Loaded TOML config file /workspaces/Marbella/servidor_minecraft/config/casinocraft-common.toml
[27Oct2025 16:29:01.168] [main/DEBUG] [net.minecraftforge.fml.config.ConfigFileTypeHandler/CONFIG]: Watching TOML config file /workspaces/Marbella/servidor_minecraft/config/casinocraft-common.toml for changes
[27Oct2025 16:29:01.169] [main/DEBUG] [net.minecraftforge.fml.config.ConfigFileTypeHandler/CONFIG]: Built TOML config for /workspaces/Marbella/servidor_minecraft/config/curios-common.toml
[27Oct2025 16:29:01.169] [main/DEBUG] [net.minecraftforge.fml.config.ConfigFileTypeHandler/CONFIG]: Loaded TOML config file /workspaces/Marbella/servidor_minecraft/config/curios-common.toml
[27Oct2025 16:29:01.169] [main/DEBUG] [net.minecraftforge.fml.config.ConfigFileTypeHandler/CONFIG]: Watching TOML config file /workspaces/Marbella/servidor_minecraft/config/curios-common.toml for changes
[27Oct2025 16:29:01.169] [main/DEBUG] [net.minecraftforge.fml.config.ConfigFileTypeHandler/CONFIG]: Built TOML config for /workspaces/Marbella/servidor_minecraft/config/lucky77-common.toml
[27Oct2025 16:29:01.170] [main/DEBUG] [net.minecraftforge.fml.config.ConfigFileTypeHandler/CONFIG]: Loaded TOML config file /workspaces/Marbella/servidor_minecraft/config/lucky77-common.toml
[27Oct2025 16:29:01.170] [main/DEBUG] [net.minecraftforge.fml.config.ConfigFileTypeHandler/CONFIG]: Watching TOML config file /workspaces/Marbella/servidor_minecraft/config/lucky77-common.toml for changes
[27Oct2025 16:29:01.170] [main/DEBUG] [net.minecraftforge.fml.config.ConfigFileTypeHandler/CONFIG]: Built TOML config for /workspaces/Marbella/servidor_minecraft/config/modernfix-common.toml
[27Oct2025 16:29:01.170] [main/DEBUG] [net.minecraftforge.fml.config.ConfigFileTypeHandler/CONFIG]: Loaded TOML config file /workspaces/Marbella/servidor_minecraft/config/modernfix-common.toml
[27Oct2025 16:29:01.171] [main/DEBUG] [net.minecraftforge.fml.config.ConfigFileTypeHandler/CONFIG]: Watching TOML config file /workspaces/Marbella/servidor_minecraft/config/modernfix-common.toml for changes
[27Oct2025 16:29:01.171] [main/DEBUG] [net.minecraftforge.fml.config.ConfigFileTypeHandler/CONFIG]: Built TOML config for /workspaces/Marbella/servidor_minecraft/config/saros_road_blocks_mod-common.toml
[27Oct2025 16:29:01.171] [main/DEBUG] [net.minecraftforge.fml.config.ConfigFileTypeHandler/CONFIG]: Loaded TOML config file /workspaces/Marbella/servidor_minecraft/config/saros_road_blocks_mod-common.toml
[27Oct2025 16:29:01.171] [main/DEBUG] [net.minecraftforge.fml.config.ConfigFileTypeHandler/CONFIG]: Watching TOML config file /workspaces/Marbella/servidor_minecraft/config/saros_road_blocks_mod-common.toml for changes
[27Oct2025 16:29:01.322] [modloading-worker-0/INFO] [cuffed/]: Running commmon setup for Cuffed
[27Oct2025 16:29:01.332] [modloading-worker-0/INFO] [com.connectivity.Connectivity/]: Connectivity initialized
[27Oct2025 16:29:01.336] [modloading-worker-0/DEBUG] [mixin/]: Mixing MixinSlotAttribute from curios.mixins.json into top.theillusivec4.curios.api.SlotAttribute
[27Oct2025 16:29:01.339] [modloading-worker-0/DEBUG] [mixin/]: Mixing MixinCuriosApi from curios.mixins.json into top.theillusivec4.curios.api.CuriosApi
[27Oct2025 16:29:01.355] [modloading-worker-0/INFO] [com.teampotato.redirector.Redirector/]: Redirecting top/theillusivec4/curios/common/network/server/sync/SPacketSyncStack$HandlerType
[27Oct2025 16:29:01.361] [modloading-worker-0/INFO] [com.teampotato.redirector.Redirector/]: Redirecting top/theillusivec4/curios/api/type/capability/ICurio$DropRule
[27Oct2025 16:29:01.371] [modloading-worker-0/INFO] [Devices Mod/]: Doing some common setup.
[27Oct2025 16:29:01.377] [modloading-worker-0/INFO] [dev.architectury.networking.forge.NetworkManagerImpl/]: Registering C2S receiver with id devices:main_channel/2f18a26b1e0c3f048a3d73a822f8669e
[27Oct2025 16:29:01.378] [modloading-worker-0/INFO] [dev.architectury.networking.forge.NetworkManagerImpl/]: Registering C2S receiver with id devices:main_channel/b45afe52425036fd91fbe736d62d8686
[27Oct2025 16:29:01.380] [modloading-worker-0/INFO] [dev.architectury.networking.forge.NetworkManagerImpl/]: Registering C2S receiver with id devices:main_channel/e2a6a8b6270d3c338a30c4774f5aadc2
[27Oct2025 16:29:01.385] [modloading-worker-0/DEBUG] [ModernFix/]: Cleared 2346 object holder stacktrace references
[27Oct2025 16:29:01.386] [modloading-worker-0/INFO] [dev.architectury.networking.forge.NetworkManagerImpl/]: Registering C2S receiver with id devices:main_channel/d86b1a6540e83487a1a0a6d75a9e9e85
[27Oct2025 16:29:01.386] [modloading-worker-0/INFO] [dev.architectury.networking.forge.NetworkManagerImpl/]: Registering C2S receiver with id devices:main_channel/68177ab5333a3225896c4373707ce286
[27Oct2025 16:29:01.387] [modloading-worker-0/INFO] [dev.architectury.networking.forge.NetworkManagerImpl/]: Registering C2S receiver with id devices:main_channel/6fcc830bcdc33ed8bfb4a9b5c4fa3f93
[27Oct2025 16:29:01.388] [modloading-worker-0/INFO] [dev.architectury.networking.forge.NetworkManagerImpl/]: Registering C2S receiver with id devices:main_channel/a17f7903c43c3e86997b30403506145b
[27Oct2025 16:29:01.389] [modloading-worker-0/INFO] [dev.architectury.networking.forge.NetworkManagerImpl/]: Registering C2S receiver with id devices:main_channel/678b9b9b076c3ab19dbff4b7fd22a419
[27Oct2025 16:29:01.390] [modloading-worker-0/DEBUG] [Devices Mod/ApplicationManager]: Registering application devices:diagnostics
[27Oct2025 16:29:01.392] [modloading-worker-0/DEBUG] [Devices Mod/ApplicationManager]: Registering application devices:settings
[27Oct2025 16:29:01.393] [modloading-worker-0/DEBUG] [Devices Mod/ApplicationManager]: Registering application devices:file_browser
[27Oct2025 16:29:01.393] [modloading-worker-0/DEBUG] [Devices Mod/ApplicationManager]: Registering application devices:gitweb
[27Oct2025 16:29:01.394] [modloading-worker-0/DEBUG] [Devices Mod/ApplicationManager]: Registering application devices:note_stash
[27Oct2025 16:29:01.394] [modloading-worker-0/DEBUG] [Devices Mod/ApplicationManager]: Registering application devices:pixel_painter
[27Oct2025 16:29:01.394] [modloading-worker-0/DEBUG] [Devices Mod/ApplicationManager]: Registering application devices:ender_mail
[27Oct2025 16:29:01.394] [modloading-worker-0/DEBUG] [Devices Mod/ApplicationManager]: Registering application devices:app_store
[27Oct2025 16:29:01.395] [modloading-worker-0/DEBUG] [Devices Mod/ApplicationManager]: Registering application devices:bank
[27Oct2025 16:29:01.395] [modloading-worker-0/DEBUG] [Devices Mod/ApplicationManager]: Registering application devices:boat_racers
[27Oct2025 16:29:01.395] [modloading-worker-0/DEBUG] [Devices Mod/ApplicationManager]: Registering application devices:mine_bay
[27Oct2025 16:29:01.395] [modloading-worker-0/DEBUG] [Devices Mod/ApplicationManager]: Registering application devices:snake
[27Oct2025 16:29:01.395] [modloading-worker-0/DEBUG] [Devices Mod/ApplicationManager]: Registering application devices:themes
[27Oct2025 16:29:01.396] [modloading-worker-0/DEBUG] [Devices Mod/ApplicationManager]: Registering application devices:vulnerability
[27Oct2025 16:29:01.397] [modloading-worker-0/INFO] [Devices Mod/]: Registering task 'update_application_data'
[27Oct2025 16:29:01.397] [modloading-worker-0/INFO] [Devices Mod/]: Registering task 'print'
[27Oct2025 16:29:01.398] [modloading-worker-0/INFO] [Devices Mod/]: Registering task 'update_system_data'
[27Oct2025 16:29:01.399] [modloading-worker-0/INFO] [Devices Mod/]: Registering task 'connect'
[27Oct2025 16:29:01.399] [modloading-worker-0/INFO] [Devices Mod/]: Registering task 'ping'
[27Oct2025 16:29:01.400] [modloading-worker-0/INFO] [Devices Mod/]: Registering task 'get_network_devices'
[27Oct2025 16:29:01.402] [modloading-worker-0/INFO] [Devices Mod/]: Registering task 'send_action'
[27Oct2025 16:29:01.403] [modloading-worker-0/INFO] [Devices Mod/]: Registering task 'get_file_system'
[27Oct2025 16:29:01.404] [modloading-worker-0/INFO] [Devices Mod/]: Registering task 'get_files'
[27Oct2025 16:29:01.405] [modloading-worker-0/INFO] [Devices Mod/]: Registering task 'get_folder_structure'
[27Oct2025 16:29:01.406] [modloading-worker-0/INFO] [Devices Mod/]: Registering task 'get_main_drive'
[27Oct2025 16:29:01.408] [modloading-worker-0/INFO] [Devices Mod/]: Registering task 'install_app'
[27Oct2025 16:29:01.409] [modloading-worker-0/INFO] [Devices Mod/]: Registering task 'update_inbox'
[27Oct2025 16:29:01.410] [modloading-worker-0/INFO] [Devices Mod/]: Registering task 'send_email'
[27Oct2025 16:29:01.411] [modloading-worker-0/INFO] [Devices Mod/]: Registering task 'check_email_account'
[27Oct2025 16:29:01.412] [modloading-worker-0/INFO] [Devices Mod/]: Registering task 'register_email_account'
[27Oct2025 16:29:01.413] [modloading-worker-0/INFO] [Devices Mod/]: Registering task 'delete_email'
[27Oct2025 16:29:01.413] [modloading-worker-0/INFO] [Devices Mod/]: Registering task 'view_email'
[27Oct2025 16:29:01.414] [modloading-worker-0/INFO] [Devices Mod/]: Registering task 'minebay_add_auction'
[27Oct2025 16:29:01.415] [modloading-worker-0/INFO] [com.teampotato.redirector.Redirector/]: Redirecting noppes/npcs/constants/EnumGuiType
[27Oct2025 16:29:01.416] [modloading-worker-0/INFO] [Devices Mod/]: Registering task 'minebay_get_auctions'
[27Oct2025 16:29:01.417] [modloading-worker-0/INFO] [Devices Mod/]: Registering task 'minebay_buy_item'
[27Oct2025 16:29:01.418] [modloading-worker-0/INFO] [Devices Mod/]: Registering task 'bank_deposit'
[27Oct2025 16:29:01.418] [modloading-worker-0/INFO] [Devices Mod/]: Registering task 'bank_withdraw'
[27Oct2025 16:29:01.419] [modloading-worker-0/INFO] [Devices Mod/]: Registering task 'bank_get_balance'
[27Oct2025 16:29:01.420] [modloading-worker-0/INFO] [Devices Mod/]: Registering task 'bank_pay'
[27Oct2025 16:29:01.421] [modloading-worker-0/INFO] [Devices Mod/]: Registering task 'bank_add'
[27Oct2025 16:29:01.422] [modloading-worker-0/INFO] [Devices Mod/]: Registering task 'bank_remove'
[27Oct2025 16:29:01.423] [modloading-worker-0/DEBUG] [Devices Mod/ApplicationManager]: Registering application devices:example
[27Oct2025 16:29:01.423] [modloading-worker-0/DEBUG] [Devices Mod/ApplicationManager]: Registering application devices:icons
[27Oct2025 16:29:01.423] [modloading-worker-0/DEBUG] [Devices Mod/ApplicationManager]: Registering application devices:text_area
[27Oct2025 16:29:01.424] [modloading-worker-0/DEBUG] [Devices Mod/ApplicationManager]: Registering application devices:test
[27Oct2025 16:29:01.425] [modloading-worker-0/INFO] [Devices Mod/]: Registering task 'notification_test'
[27Oct2025 16:29:01.456] [modloading-worker-0/INFO] [com.teampotato.redirector.Redirector/]: Redirecting noppes/npcs/constants/EnumCompanionTalent
[27Oct2025 16:29:01.470] [modloading-worker-0/INFO] [com.teampotato.redirector.Redirector/]: Redirecting noppes/npcs/constants/EnumMenuType
[27Oct2025 16:29:01.482] [modloading-worker-0/INFO] [com.teampotato.redirector.Redirector/]: Redirecting noppes/npcs/constants/EnumCompanionStage
[27Oct2025 16:29:01.486] [modloading-worker-0/INFO] [com.teampotato.redirector.Redirector/]: Redirecting noppes/npcs/constants/EnumPlayerData
[27Oct2025 16:29:01.578] [modloading-worker-0/DEBUG] [mixin/]: Mixing feature.measure_time.AddReloadListenerEventWrapperMixin from modernfix-forge.mixins.json into net.minecraftforge.event.AddReloadListenerEvent$WrappedStateAwareListener
[27Oct2025 16:29:01.580] [modloading-worker-0/DEBUG] [mixin/]: Mixing perf.potential_spawns_alloc.ForgeEventFactoryMixin from modernfix-forge.mixins.json into net.minecraftforge.event.ForgeEventFactory
[27Oct2025 16:29:01.588] [modloading-worker-0/DEBUG] [mixin/]: Mixing perf.potential_spawns_alloc.PotentialSpawnsMixin from modernfix-forge.mixins.json into net.minecraftforge.event.level.LevelEvent$PotentialSpawns
[27Oct2025 16:29:01.617] [modloading-worker-0/INFO] [com.teampotato.redirector.Redirector/]: Redirecting net/minecraftforge/event/TagsUpdatedEvent$UpdateCause
[27Oct2025 16:29:01.619] [Forge Version Check/INFO] [net.minecraftforge.fml.VersionChecker/]: [attributefix] Starting version check at https://updates.blamejared.com/get?n=attributefix&gv=1.20.1
[27Oct2025 16:29:01.620] [modloading-worker-0/INFO] [com.teampotato.redirector.Redirector/]: Redirecting net/minecraftforge/event/entity/ProjectileImpactEvent$ImpactResult
[27Oct2025 16:29:01.621] [modloading-worker-0/INFO] [com.teampotato.redirector.Redirector/]: Redirecting net/minecraftforge/event/entity/living/LivingChangeTargetEvent$LivingTargetType
[27Oct2025 16:29:01.624] [modloading-worker-0/INFO] [com.teampotato.redirector.Redirector/]: Redirecting net/minecraftforge/event/entity/player/AdvancementEvent$AdvancementProgressEvent$ProgressType
[27Oct2025 16:29:01.626] [modloading-worker-0/INFO] [com.teampotato.redirector.Redirector/]: Redirecting net/minecraft/network/protocol/game/ServerboundPlayerActionPacket$Action
[27Oct2025 16:29:01.630] [modloading-worker-0/INFO] [com.teampotato.redirector.Redirector/]: Redirecting net/minecraftforge/event/level/NoteBlockEvent$Note
[27Oct2025 16:29:01.630] [modloading-worker-0/INFO] [com.teampotato.redirector.Redirector/]: Redirecting net/minecraftforge/event/level/NoteBlockEvent$Octave
[27Oct2025 16:29:01.632] [modloading-worker-0/INFO] [com.teampotato.redirector.Redirector/]: Redirecting net/minecraftforge/event/level/PistonEvent$PistonMoveType
[27Oct2025 16:29:01.635] [modloading-worker-0/DEBUG] [mixin/]: Mixing perf.ticking_chunk_alloc.ChunkHolderMixin from modernfix-common.mixins.json into net.minecraft.server.level.ChunkHolder
[27Oct2025 16:29:01.641] [modloading-worker-0/INFO] [com.teampotato.redirector.Redirector/]: Redirecting net/minecraft/world/inventory/ClickAction
[27Oct2025 16:29:01.644] [modloading-worker-0/DEBUG] [net.minecraftforge.coremod.transformer.CoreModBaseTransformer/COREMOD]: Transforming net/minecraft/world/entity/ai/village/VillageSiege
[27Oct2025 16:29:01.681] [main/DEBUG] [net.minecraftforge.fml.DeferredWorkQueue/LOADING]: Dispatching synchronous work for work queue COMMON_SETUP: 8 jobs
[27Oct2025 16:29:01.687] [main/INFO] [com.teampotato.redirector.Redirector/]: Redirecting com/mrcrayfish/framework/api/network/MessageDirection
[27Oct2025 16:29:01.712] [main/INFO] [com.teampotato.redirector.Redirector/]: Redirecting com/mrcrayfish/framework/api/sync/SyncedDataKey$SyncMode
[27Oct2025 16:29:01.738] [main/INFO] [Framework/SYNCED_ENTITY_DATA]: Registered synced data key jeg:aiming for minecraft:player
[27Oct2025 16:29:01.739] [main/INFO] [Framework/SYNCED_ENTITY_DATA]: Registered synced data key jeg:reloading for minecraft:player
[27Oct2025 16:29:01.739] [main/INFO] [Framework/SYNCED_ENTITY_DATA]: Registered synced data key jeg:shooting for minecraft:player
[27Oct2025 16:29:01.739] [main/INFO] [Framework/SYNCED_ENTITY_DATA]: Registered synced data key jeg:burst_count for minecraft:player
[27Oct2025 16:29:01.743] [main/FATAL] [ModernFix/]: Redirector 5.x is detected, it is known to cause extremely hard-to-debug issues in other mods
[27Oct2025 16:29:01.784] [main/INFO] [com.teampotato.redirector.Redirector/]: Redirecting de/sarocesch/sarosroadsignsmod/packs/SignDefinition$Shape
[27Oct2025 16:29:01.790] [main/DEBUG] [net.minecraftforge.fml.DeferredWorkQueue/LOADING]: Synchronous work queue completed in 109.0 ms
[27Oct2025 16:29:01.892] [modloading-worker-0/INFO] [Devices Mod/]: Doing some server setup.
[27Oct2025 16:29:01.991] [Forge Version Check/DEBUG] [net.minecraftforge.fml.VersionChecker/]: [attributefix] Received version check data:
{"homepage":"https://www.curseforge.com/minecraft/mc-mods/attributefix","promos":{"1.20.1-latest":"21.0.4"}}
[27Oct2025 16:29:01.992] [Forge Version Check/INFO] [net.minecraftforge.fml.VersionChecker/]: [attributefix] Found status: BETA Current: 21.0.4 Target: 21.0.4
[27Oct2025 16:29:01.992] [Forge Version Check/INFO] [net.minecraftforge.fml.VersionChecker/]: [camera] Starting version check at https://update.maxhenkel.de/forge/camera
[27Oct2025 16:29:02.117] [Forge Version Check/DEBUG] [net.minecraftforge.fml.VersionChecker/]: [camera] Received version check data:
{"1.20":{"1.20-1.0.3":"Updated to 1.20"},"1.18":{"1.18-1.0.1":"Re added JEI integration"},"1.19":{"1.19-1.0.6":"Updated Forge version"},"promos":{"1.18.1-latest":"1.18.1-1.0.2","1.15.1-latest":"1.5.2","1.14.4-recommended":"1.4.10","1.14.3-recommended":"1.3.1","1.18.2-latest":"1.18.2-1.0.6","1.20-recommended":"1.20-1.0.3","1.19.3-recommended":"1.19.3-1.0.3","1.19.1-recommended":"1.19.1-1.0.0","1.12.2-latest":"1.0.10","1.19.4-recommended":"1.19.4-1.0.6","1.12.2-recommended":"1.0.10","1.19-latest":"1.19-1.0.6","1.17.1-recommended":"1.17.1-1.0.3","1.19.2-recommended":"1.19.2-1.0.6","1.16.1-recommended":"1.16.1-1.0.7","1.16.2-recommended":"1.16.2-1.0.4","1.18-latest":"1.18-1.0.1","1.16.5-recommended":"1.16.5-1.0.14","1.16.4-recommended":"1.16.4-1.0.9","1.20.1-recommended":"1.20.1-1.0.6","1.16.3-recommended":"1.16.3-1.0.2","1.15.2-latest":"1.6.11","1.14.2-recommended":"1.2.5","1.20.2-recommended":"1.20.2-1.0.6","1.14.4-latest":"1.4.10","1.14.3-latest":"1.3.1","1.13.2-recommended":"1.1.10","1.20-latest":"1.20-1.0.3","1.18.2-recommended":"1.18.2-1.0.6","1.17.1-latest":"1.17.1-1.0.4","1.13.2-latest":"1.1.10","1.18.1-recommended":"1.18.1-1.0.0","1.20.1-latest":"1.20.1-1.0.20","1.16.3-latest":"1.16.3-1.0.6","1.20.2-latest":"1.20.2-1.0.6","1.16.4-latest":"1.16.4-1.0.9","1.19.2-latest":"1.19.2-1.0.14","1.19.4-latest":"1.19.4-1.0.6","1.19.3-latest":"1.19.3-1.0.3","1.16.5-latest":"1.16.5-1.0.14","1.19-recommended":"1.19-1.0.6","1.16.2-latest":"1.16.2-1.0.4","1.16.1-latest":"1.16.1-1.0.7","1.18-recommended":"1.18-1.0.1","1.14.2-latest":"1.2.5","1.15.2-recommended":"1.6.11","1.19.1-latest":"1.19.1-1.0.0","1.15.1-recommended":"1.5.2"},"1.20.2":{"1.20.2-1.0.6":""},"1.20.1":{"1.20.1-1.0.20":"Fixed crash when removing an item frame","1.20.1-1.0.6":""},"1.16.4":{"1.16.4-1.0.9":"Fixed image frame outline not displayed correctly"},"1.19.1":{"1.19.1-1.0.0":"Updated to 1.19.1"},"1.18.2":{"1.18.2-1.0.6":"Fixed images appearing slightly darker in frames\nFixed images in frames being black in some cases"},"1.16.5":{"1.16.5-1.0.14":"Fixed camera not working in off hand"},"1.19.2":{"1.19.2-1.0.6":"","1.19.2-1.0.14":"Added Traditional Chinese translation"},"1.19.3":{"1.19.3-1.0.3":"Fixed creative tabs because Forge broke everything again"},"1.19.4":{"1.19.4-1.0.6":""},"1.14.2":{"1.2.5":"Fixed crash on servers"},"1.15.1":{"1.5.2":"Fixed image uploading not working"},"1.14.3":{"1.3.1":"Fixed crash on servers"},"1.16.1":{"1.16.1-1.0.7":"Re-added HWYLA integration"},"1.15.2":{"1.6.11":"Use native file dialog to upload images"},"1.14.4":{"1.4.10":"Fixed image uploading not working"},"1.16.2":{"1.16.2-1.0.4":"Added a config option to protect image frames"},"1.17.1":{"1.17.1-1.0.3":"Added french translation","1.17.1-1.0.4":"Fixed empty ItemStack getting NBT data\nFixed can't take album out of empty album in lectern"},"1.16.3":{"1.16.3-1.0.6":"Added russian translation","1.16.3-1.0.2":"Updated mods.toml\nUpdated dependencies"},"1.18.1":{"1.18.1-1.0.0":"Updated to 1.18.1","1.18.1-1.0.2":"Added Norwegian translation"},"1.12.2":{"1.0.10":"Fixed JEI screen overlaying image GUI"},"1.13.2":{"1.1.10":"Fixed bugs regarding Adventure Mode"},"homepage":"https://www.curseforge.com/minecraft/mc-mods/camera-mod"}
[27Oct2025 16:29:02.117] [Forge Version Check/INFO] [net.minecraftforge.fml.VersionChecker/]: [camera] Found status: AHEAD Current: 1.20.1-1.0.20 Target: null
[27Oct2025 16:29:02.118] [Forge Version Check/INFO] [net.minecraftforge.fml.VersionChecker/]: [bookshelf] Starting version check at https://updates.blamejared.com/get?n=bookshelf&gv=1.20.1
[27Oct2025 16:29:02.140] [Forge Version Check/DEBUG] [net.minecraftforge.fml.VersionChecker/]: [bookshelf] Received version check data:
{"homepage":"https://www.curseforge.com/minecraft/mc-mods/bookshelf","promos":{"1.20.1-latest":"20.2.13"}}
[27Oct2025 16:29:02.140] [Forge Version Check/INFO] [net.minecraftforge.fml.VersionChecker/]: [bookshelf] Found status: BETA Current: 20.2.13 Target: 20.2.13
[27Oct2025 16:29:02.140] [Forge Version Check/INFO] [net.minecraftforge.fml.VersionChecker/]: [forge] Starting version check at https://files.minecraftforge.net/net/minecraftforge/forge/promotions_slim.json
[27Oct2025 16:29:02.197] [modloading-worker-0/INFO] [Devices Mod/]: Doing some load complete handling.
[27Oct2025 16:29:02.199] [modloading-worker-0/INFO] [com.teampotato.redirector.Redirector/]: Redirecting com/codinglitch/lexiconfig/LexiconfigApi$EventType
[27Oct2025 16:29:02.200] [modloading-worker-0/INFO] [Lexiconfig/]: Cataloging lexicon com.codinglitch.lexiconfig.LexiconfigConfig@78382fdd!
[27Oct2025 16:29:02.203] [modloading-worker-0/INFO] [com.teampotato.redirector.Redirector/]: Redirecting com/codinglitch/lexiconfig/LexiconfigApi$Location
[27Oct2025 16:29:02.202] [modloading-worker-0/INFO] [AttributeFix/]: Loaded values for 19 compatible attributes.
[27Oct2025 16:29:02.207] [modloading-worker-0/INFO] [com.teampotato.redirector.Redirector/]: Redirecting com/codinglitch/lexiconfig/LexiconfigApi$Extension
[27Oct2025 16:29:02.210] [modloading-worker-0/ERROR] [AttributeFix/]: Attribute ID 'skilltree:blocking' does not belong to a known attribute. This entry will be ignored.
[27Oct2025 16:29:02.210] [modloading-worker-0/ERROR] [AttributeFix/]: Attribute ID 'skilltree:evasion' does not belong to a known attribute. This entry will be ignored.
[27Oct2025 16:29:02.210] [modloading-worker-0/ERROR] [AttributeFix/]: Attribute ID 'skilltree:stealth' does not belong to a known attribute. This entry will be ignored.
[27Oct2025 16:29:02.210] [modloading-worker-0/ERROR] [AttributeFix/]: Attribute ID 'skilltree:regeneration' does not belong to a known attribute. This entry will be ignored.
[27Oct2025 16:29:02.210] [modloading-worker-0/ERROR] [AttributeFix/]: Attribute ID 'skilltree:exp_per_minute' does not belong to a known attribute. This entry will be ignored.
[27Oct2025 16:29:02.210] [modloading-worker-0/INFO] [AttributeFix/]: Loaded 24 values from config.
[27Oct2025 16:29:02.217] [modloading-worker-0/INFO] [AttributeFix/]: Saving config file. 24 entries.
[27Oct2025 16:29:02.218] [modloading-worker-0/INFO] [AttributeFix/]: Applying changes for 24 attributes.
[27Oct2025 16:29:02.219] [modloading-worker-0/DEBUG] [AttributeFix/]: Modifying maximum value for minecraft:generic.max_health from 179769313486231570000000000000000000000000000000000000000000000000000000000000000000000000000000000000000000000000000000000000000000000000000000000000000000000000000000000000000000000000000000000000000000000000000000000000000000000000000000000000000000000000000000000000000000000000000000000000000000000000000 to 1000000.
[27Oct2025 16:29:02.219] [modloading-worker-0/DEBUG] [AttributeFix/]: Modifying maximum value for minecraft:generic.attack_damage from 2048 to 1000000.
[27Oct2025 16:29:02.219] [modloading-worker-0/DEBUG] [AttributeFix/]: Modifying maximum value for minecraft:generic.attack_knockback from 5 to 1000000.
[27Oct2025 16:29:02.219] [modloading-worker-0/DEBUG] [AttributeFix/]: Modifying maximum value for minecraft:generic.armor from 30 to 1000000.
[27Oct2025 16:29:02.219] [modloading-worker-0/DEBUG] [AttributeFix/]: Modifying maximum value for minecraft:generic.armor_toughness from 20 to 1000000.
[27Oct2025 16:29:02.222] [modloading-worker-0/INFO] [Lexiconfig/]: Lexiconfig cataloging completed!
[27Oct2025 16:29:02.315] [Forge Version Check/DEBUG] [net.minecraftforge.fml.VersionChecker/]: [forge] Received version check data:
{
  "homepage": "https://files.minecraftforge.net/net/minecraftforge/forge/",
  "promos": {
    "1.1-latest": "1.3.4.29",
    "1.2.3-latest": "1.4.1.64",
    "1.2.4-latest": "2.0.0.68",
    "1.2.5-latest": "3.4.9.171",
    "1.3.2-latest": "4.3.5.318",
    "1.4.0-latest": "5.0.0.326",
    "1.4.1-latest": "6.0.0.329",
    "1.4.2-latest": "6.0.1.355",
    "1.4.3-latest": "6.2.1.358",
    "1.4.4-latest": "6.3.0.378",
    "1.4.5-latest": "6.4.2.448",
    "1.4.6-latest": "6.5.0.489",
    "1.4.7-latest": "6.6.2.534",
    "1.5-latest": "7.7.0.598",
    "1.5.1-latest": "7.7.2.682",
    "1.5.2-latest": "7.8.1.738",
    "1.5.2-recommended": "7.8.1.738",
    "1.6.1-latest": "8.9.0.775",
    "1.6.2-latest": "9.10.1.871",
    "1.6.2-recommended": "9.10.1.871",
    "1.6.3-latest": "9.11.0.878",
    "1.6.4-latest": "9.11.1.1345",
    "1.6.4-recommended": "9.11.1.1345",
    "1.7.2-latest": "10.12.2.1161",
    "1.7.2-recommended": "10.12.2.1161",
    "1.7.10_pre4-latest": "10.12.2.1149",
    "1.7.10-latest": "10.13.4.1614",
    "1.7.10-recommended": "10.13.4.1614",
    "1.8-latest": "11.14.4.1577",
    "1.8-recommended": "11.14.4.1563",
    "1.8.8-latest": "11.15.0.1655",
    "1.8.9-latest": "11.15.1.2318",
    "1.8.9-recommended": "11.15.1.2318",
    "1.9-latest": "12.16.1.1938",
    "1.9-recommended": "12.16.1.1887",
    "1.9.4-latest": "12.17.0.2317",
    "1.9.4-recommended": "12.17.0.2317",
    "1.10-latest": "12.18.0.2000",
    "1.10.2-latest": "12.18.3.2511",
    "1.10.2-recommended": "12.18.3.2511",
    "1.11-latest": "13.19.1.2199",
    "1.11-recommended": "13.19.1.2189",
    "1.11.2-latest": "13.20.1.2588",
    "1.11.2-recommended": "13.20.1.2588",
    "1.12-latest": "14.21.1.2443",
    "1.12-recommended": "14.21.1.2387",
    "1.12.1-latest": "14.22.1.2485",
    "1.12.1-recommended": "14.22.1.2478",
    "1.12.2-latest": "14.23.5.2860",
    "1.12.2-recommended": "14.23.5.2859",
    "1.13.2-latest": "25.0.223",
    "1.14.2-latest": "26.0.63",
    "1.14.3-latest": "27.0.60",
    "1.14.4-latest": "28.2.26",
    "1.14.4-recommended": "28.2.26",
    "1.15-latest": "29.0.4",
    "1.15.1-latest": "30.0.51",
    "1.15.2-latest": "31.2.60",
    "1.15.2-recommended": "31.2.57",
    "1.16.1-latest": "32.0.108",
    "1.16.2-latest": "33.0.61",
    "1.16.3-latest": "34.1.42",
    "1.16.3-recommended": "34.1.0",
    "1.16.4-latest": "35.1.37",
    "1.16.4-recommended": "35.1.4",
    "1.16.5-latest": "36.2.42",
    "1.16.5-recommended": "36.2.34",
    "1.17.1-latest": "37.1.1",
    "1.17.1-recommended": "37.1.1",
    "1.18-latest": "38.0.17",
    "1.18.1-latest": "39.1.2",
    "1.18.1-recommended": "39.1.0",
    "1.18.2-recommended": "40.3.0",
    "1.18.2-latest": "40.3.11",
    "1.19-latest": "41.1.0",
    "1.19-recommended": "41.1.0",
    "1.19.1-latest": "42.0.9",
    "1.19.2-recommended": "43.5.0",
    "1.19.2-latest": "43.5.1",
    "1.19.3-latest": "44.1.23",
    "1.19.3-recommended": "44.1.0",
    "1.19.4-recommended": "45.4.0",
    "1.19.4-latest": "45.4.2",
    "1.20-latest": "46.0.14",
    "1.20.1-recommended": "47.4.0",
    "1.20.1-latest": "47.4.10",
    "1.20.2-latest": "48.1.0",
    "1.20.2-recommended": "48.1.0",
    "1.20.3-latest": "49.0.2",
    "1.20.4-latest": "49.2.2",
    "1.20.4-recommended": "49.2.0",
    "1.20.6-latest": "50.2.2",
    "1.20.6-recommended": "50.2.0",
    "1.21-latest": "51.0.33",
    "1.21.1-latest": "52.1.6",
    "1.21.1-recommended": "52.1.0",
    "1.21.3-latest": "53.1.4",
    "1.21.3-recommended": "53.1.0",
    "1.21.4-latest": "54.1.8",
    "1.21.4-recommended": "54.1.0",
    "1.21.5-latest": "55.1.2",
    "1.21.5-recommended": "55.1.0",
    "1.21.6-latest": "56.0.9",
    "1.21.7-latest": "57.0.3",
    "1.21.8-latest": "58.1.7",
    "1.21.8-recommended": "58.1.0",
    "1.21.9-latest": "59.0.5",
    "1.21.10-latest": "60.0.11"
  }
}
[27Oct2025 16:29:02.316] [Forge Version Check/INFO] [net.minecraftforge.fml.VersionChecker/]: [forge] Found status: OUTDATED Current: 47.3.7 Target: 47.4.0
[27Oct2025 16:29:02.420] [main/INFO] [com.teampotato.redirector.Redirector/]: Redirecting org/embeddedt/modernfix/util/BakeReason
[27Oct2025 16:29:02.758] [main/WARN] [net.minecraftforge.server.loading.ServerModLoader/LOADING]: Mods loaded with 2 warnings
[27Oct2025 16:29:02.761] [main/WARN] [net.minecraftforge.server.loading.ServerModLoader/LOADING]: modernfix.redirector_installed
[27Oct2025 16:29:02.761] [main/WARN] [net.minecraftforge.server.loading.ServerModLoader/LOADING]: modernfix.perf_mod_warning
[27Oct2025 16:29:02.780] [main/INFO] [com.mojang.authlib.yggdrasil.YggdrasilAuthenticationService/]: Environment: authHost='https://authserver.mojang.com', accountsHost='https://api.mojang.com', sessionHost='https://sessionserver.mojang.com', servicesHost='https://api.minecraftservices.com', name='PROD'
[27Oct2025 16:29:02.800] [main/DEBUG] [mixin/]: Mixing bugfix.removed_dimensions.LevelStorageSourceMixin from modernfix-forge.mixins.json into net.minecraft.world.level.storage.LevelStorageSource
[27Oct2025 16:29:02.823] [main/DEBUG] [mixin/]: Mixing NbtAccounterMixin from connectivity.mixins.json into net.minecraft.nbt.NbtAccounter
[27Oct2025 16:29:03.016] [main/INFO] [com.teampotato.redirector.Redirector/]: Redirecting net/minecraft/nbt/StreamTagVisitor$ValueResult
[27Oct2025 16:29:03.017] [main/INFO] [com.teampotato.redirector.Redirector/]: Redirecting net/minecraft/nbt/StreamTagVisitor$EntryResult
[27Oct2025 16:29:03.035] [main/DEBUG] [mixin/]: Mixing perf.dynamic_dfu.DataFixTypesMixin from modernfix-common.mixins.json into net.minecraft.util.datafix.DataFixTypes
[27Oct2025 16:29:03.036] [main/INFO] [com.teampotato.redirector.Redirector/]: Redirecting net/minecraft/util/datafix/DataFixTypes
[27Oct2025 16:29:03.045] [main/INFO] [com.teampotato.redirector.Redirector/]: Redirecting net/minecraft/world/level/GameRules$Category
[27Oct2025 16:29:03.056] [main/DEBUG] [mixin/]: Mixing PackRepositoryMixin from customnpcs.mixins.json into net.minecraft.server.packs.repository.PackRepository
[27Oct2025 16:29:03.059] [main/DEBUG] [mixin/]: Mixing VanillaPackResourcesAccessor from creativecore.mixins.json into net.minecraft.server.packs.VanillaPackResources
[27Oct2025 16:29:03.060] [main/WARN] [net.minecraft.server.packs.VanillaPackResourcesBuilder/]: Assets URL 'union:/workspaces/Marbella/servidor_minecraft/libraries/net/minecraft/server/1.20.1-20230612.114412/server-1.20.1-20230612.114412-srg.jar%23181!/assets/.mcassetsroot' uses unexpected schema
[27Oct2025 16:29:03.061] [main/WARN] [net.minecraft.server.packs.VanillaPackResourcesBuilder/]: Assets URL 'union:/workspaces/Marbella/servidor_minecraft/libraries/net/minecraft/server/1.20.1-20230612.114412/server-1.20.1-20230612.114412-srg.jar%23181!/data/.mcassetsroot' uses unexpected schema
[27Oct2025 16:29:03.078] [main/DEBUG] [mixin/]: Mixing feature.measure_time.WorldLoaderMixin from modernfix-common.mixins.json into net.minecraft.server.WorldLoader
[27Oct2025 16:29:03.078] [main/DEBUG] [mixin/]: Renaming synthetic method lambda$finishStopwatch$0(Lcom/google/common/base/Stopwatch;Ljava/lang/Object;Ljava/lang/Throwable;)V to md0cfdd6$lambda$finishStopwatch$0$0 in modernfix-common.mixins.json:feature.measure_time.WorldLoaderMixin
[27Oct2025 16:29:03.078] [main/DEBUG] [mixin/]: Mixing core.WorldLoaderMixin from modernfix-forge.mixins.json into net.minecraft.server.WorldLoader
[27Oct2025 16:29:03.078] [main/DEBUG] [mixin/]: Renaming synthetic method lambda$trackEndReload$0(Ljava/lang/Object;)Ljava/lang/Object; to md0cfdd6$lambda$trackEndReload$0$1 in modernfix-forge.mixins.json:core.WorldLoaderMixin
[27Oct2025 16:29:03.087] [main/DEBUG] [mixin/]: Mixing perf.resourcepacks.ForgePathPackResourcesMixin from modernfix-forge.mixins.json into net.minecraftforge.resource.PathPackResources
[27Oct2025 16:29:03.087] [main/DEBUG] [mixin/]: Renaming synthetic method lambda$generateResourceCache$0(Lnet/minecraft/server/packs/PackType;)Ljava/nio/file/Path; to md0cfdd6$lambda$generateResourceCache$0$0 in modernfix-forge.mixins.json:perf.resourcepacks.ForgePathPackResourcesMixin
[27Oct2025 16:29:03.098] [main/INFO] [com.teampotato.redirector.Redirector/]: Redirecting net/minecraft/server/packs/repository/Pack$Position
[27Oct2025 16:29:03.099] [main/INFO] [com.teampotato.redirector.Redirector/]: Redirecting net/minecraft/server/packs/repository/PackCompatibility
[27Oct2025 16:29:03.101] [main/DEBUG] [mixin/]: Mixing PathPackResourcesAccessor from creativecore.mixins.json into net.minecraft.server.packs.PathPackResources
[27Oct2025 16:29:03.109] [main/DEBUG] [net.minecraftforge.server.ServerLifecycleHooks/CORE]: Generating PackInfo named mod:smoothchunk for mod file /workspaces/Marbella/servidor_minecraft/mods/smoothchunk-1.20.1-4.1.jar
[27Oct2025 16:29:03.109] [main/DEBUG] [net.minecraftforge.server.ServerLifecycleHooks/CORE]: Generating PackInfo named mod:cuffed for mod file /workspaces/Marbella/servidor_minecraft/mods/Cuffed-1.20.1-1.3.9.jar
[27Oct2025 16:29:03.110] [main/DEBUG] [net.minecraftforge.server.ServerLifecycleHooks/CORE]: Generating PackInfo named mod:eyemod for mod file /workspaces/Marbella/servidor_minecraft/mods/eyemod-3.0.0.jar
[27Oct2025 16:29:03.110] [main/DEBUG] [net.minecraftforge.server.ServerLifecycleHooks/CORE]: Generating PackInfo named mod:bh for mod file /workspaces/Marbella/servidor_minecraft/mods/asphalt cars 0.1.0 for 1.18.2x.jar
[27Oct2025 16:29:03.110] [main/DEBUG] [net.minecraftforge.server.ServerLifecycleHooks/CORE]: Generating PackInfo named mod:geckolib for mod file /workspaces/Marbella/servidor_minecraft/mods/geckolib-forge-1.20.1-4.8.2.jar
[27Oct2025 16:29:03.110] [main/DEBUG] [net.minecraftforge.server.ServerLifecycleHooks/CORE]: Generating PackInfo named mod:culllessleaves for mod file /workspaces/Marbella/servidor_minecraft/mods/CullLessLeaves-Reforged-1.20.1-1.0.5.jar
[27Oct2025 16:29:03.110] [main/DEBUG] [net.minecraftforge.server.ServerLifecycleHooks/CORE]: Generating PackInfo named mod:creativecore for mod file /workspaces/Marbella/servidor_minecraft/mods/CreativeCore_FORGE_v2.12.32_mc1.20.1.jar
[27Oct2025 16:29:03.111] [main/DEBUG] [net.minecraftforge.server.ServerLifecycleHooks/CORE]: Generating PackInfo named mod:locks for mod file /workspaces/Marbella/servidor_minecraft/mods/Locks-Unoffical-forge-1.20.1-1.2.4.jar
[27Oct2025 16:29:03.111] [main/DEBUG] [net.minecraftforge.server.ServerLifecycleHooks/CORE]: Generating PackInfo named mod:jeg for mod file /workspaces/Marbella/servidor_minecraft/mods/JustEnoughGuns-0.13.2-1.20.1.jar
[27Oct2025 16:29:03.111] [main/DEBUG] [net.minecraftforge.server.ServerLifecycleHooks/CORE]: Generating PackInfo named mod:itemproductionlib for mod file /workspaces/Marbella/servidor_minecraft/mods/ItemProductionLib-1.20.1-1.0.2a-all.jar
[27Oct2025 16:29:03.111] [main/DEBUG] [net.minecraftforge.server.ServerLifecycleHooks/CORE]: Generating PackInfo named mod:fcl for mod file /workspaces/Marbella/servidor_minecraft/mods/fcl-20.33.jar
[27Oct2025 16:29:03.111] [main/DEBUG] [net.minecraftforge.server.ServerLifecycleHooks/CORE]: Generating PackInfo named mod:attributefix for mod file /workspaces/Marbella/servidor_minecraft/mods/AttributeFix-Forge-1.20.1-21.0.4.jar
[27Oct2025 16:29:03.112] [main/DEBUG] [net.minecraftforge.server.ServerLifecycleHooks/CORE]: Generating PackInfo named mod:faz_roleplay_plus for mod file /workspaces/Marbella/servidor_minecraft/mods/FazRoleplayClothes-1.20.1-2.1.jar
[27Oct2025 16:29:03.112] [main/DEBUG] [net.minecraftforge.server.ServerLifecycleHooks/CORE]: Generating PackInfo named mod:connectivity for mod file /workspaces/Marbella/servidor_minecraft/mods/connectivity-1.20.1-7.2.jar
[27Oct2025 16:29:03.112] [main/DEBUG] [net.minecraftforge.server.ServerLifecycleHooks/CORE]: Generating PackInfo named mod:casinocraft for mod file /workspaces/Marbella/servidor_minecraft/mods/CasinoCraft_1.20.1_v25.jar
[27Oct2025 16:29:03.112] [main/DEBUG] [net.minecraftforge.server.ServerLifecycleHooks/CORE]: Generating PackInfo named mod:betterfpsdist for mod file /workspaces/Marbella/servidor_minecraft/mods/betterfpsdist-1.20.1-6.0.jar
[27Oct2025 16:29:03.112] [main/DEBUG] [net.minecraftforge.server.ServerLifecycleHooks/CORE]: Generating PackInfo named mod:saros__money_mod for mod file /workspaces/Marbella/servidor_minecraft/mods/Saros-Money-Mod.1.20.1-3.5.5.jar
[27Oct2025 16:29:03.113] [main/DEBUG] [net.minecraftforge.server.ServerLifecycleHooks/CORE]: Generating PackInfo named mod:curios for mod file /workspaces/Marbella/servidor_minecraft/mods/curios-forge-5.14.1+1.20.1 (1).jar
[27Oct2025 16:29:03.113] [main/DEBUG] [net.minecraftforge.server.ServerLifecycleHooks/CORE]: Generating PackInfo named mod:lexiconfig for mod file /workspaces/Marbella/servidor_minecraft/mods/lexiconfig-forge-1.4.18-1.jar
[27Oct2025 16:29:03.113] [main/DEBUG] [net.minecraftforge.server.ServerLifecycleHooks/CORE]: Generating PackInfo named mod:modernfurniture for mod file /workspaces/Marbella/servidor_minecraft/mods/modernfurniture-e5-x128-forge-1.20.1.jar
[27Oct2025 16:29:03.113] [main/DEBUG] [net.minecraftforge.server.ServerLifecycleHooks/CORE]: Generating PackInfo named mod:camera for mod file /workspaces/Marbella/servidor_minecraft/mods/camera-forge-1.20.1-1.0.20.jar
[27Oct2025 16:29:03.113] [main/DEBUG] [net.minecraftforge.server.ServerLifecycleHooks/CORE]: Generating PackInfo named mod:modernfix for mod file /workspaces/Marbella/servidor_minecraft/mods/modernfix-forge-5.24.4+mc1.20.1 (1).jar
[27Oct2025 16:29:03.114] [main/DEBUG] [net.minecraftforge.server.ServerLifecycleHooks/CORE]: Generating PackInfo named mod:brcc for mod file /workspaces/Marbella/servidor_minecraft/mods/BRCC 1.0.5 1.16.5-1.20.1.jar
[27Oct2025 16:29:03.114] [main/DEBUG] [net.minecraftforge.server.ServerLifecycleHooks/CORE]: Generating PackInfo named mod:inv_view_forge for mod file /workspaces/Marbella/servidor_minecraft/mods/inv_view_forge-2.1.0-1.20.1.jar
[27Oct2025 16:29:03.114] [main/DEBUG] [net.minecraftforge.server.ServerLifecycleHooks/CORE]: Generating PackInfo named mod:mixinextras for mod file 
[27Oct2025 16:29:03.114] [main/DEBUG] [net.minecraftforge.server.ServerLifecycleHooks/CORE]: Generating PackInfo named mod:lucky77 for mod file /workspaces/Marbella/servidor_minecraft/mods/Lucky77_1.20.1_v04.jar
[27Oct2025 16:29:03.114] [main/DEBUG] [net.minecraftforge.server.ServerLifecycleHooks/CORE]: Generating PackInfo named mod:devices for mod file /workspaces/Marbella/servidor_minecraft/mods/devices-forge-0.8.4.jar
[27Oct2025 16:29:03.115] [main/DEBUG] [net.minecraftforge.server.ServerLifecycleHooks/CORE]: Generating PackInfo named mod:bookshelf for mod file /workspaces/Marbella/servidor_minecraft/mods/Bookshelf-Forge-1.20.1-20.2.13.jar
[27Oct2025 16:29:03.115] [main/DEBUG] [net.minecraftforge.server.ServerLifecycleHooks/CORE]: Generating PackInfo named mod:customnpcs for mod file /workspaces/Marbella/servidor_minecraft/mods/CustomNPCs-1.20.1-GBPort-Unofficial-20250830.jar
[27Oct2025 16:29:03.115] [main/DEBUG] [net.minecraftforge.server.ServerLifecycleHooks/CORE]: Generating PackInfo named mod:starlight for mod file /workspaces/Marbella/servidor_minecraft/mods/starlight-1.1.2+forge.1cda73c.jar
[27Oct2025 16:29:03.115] [main/DEBUG] [net.minecraftforge.server.ServerLifecycleHooks/CORE]: Generating PackInfo named mod:architectury for mod file /workspaces/Marbella/servidor_minecraft/mods/architectury-9.2.14-forge.jar
[27Oct2025 16:29:03.115] [main/DEBUG] [net.minecraftforge.server.ServerLifecycleHooks/CORE]: Generating PackInfo named mod:ftblibrary for mod file /workspaces/Marbella/servidor_minecraft/mods/ftb-library-forge-2001.2.10.jar
[27Oct2025 16:29:03.115] [main/DEBUG] [net.minecraftforge.server.ServerLifecycleHooks/CORE]: Generating PackInfo named mod:ferritecore for mod file /workspaces/Marbella/servidor_minecraft/mods/ferritecore-6.0.1-forge (1).jar
[27Oct2025 16:29:03.116] [main/DEBUG] [net.minecraftforge.server.ServerLifecycleHooks/CORE]: Generating PackInfo named mod:mts for mod file /workspaces/Marbella/servidor_minecraft/mods/Immersive Vehicles-1.20.1-22.18.0-pre.jar
[27Oct2025 16:29:03.116] [main/DEBUG] [net.minecraftforge.server.ServerLifecycleHooks/CORE]: Generating PackInfo named mod:cupboard for mod file /workspaces/Marbella/servidor_minecraft/mods/cupboard-1.20.1-2.7.jar
[27Oct2025 16:29:03.116] [main/DEBUG] [net.minecraftforge.server.ServerLifecycleHooks/CORE]: Generating PackInfo named mod:boxing_madness for mod file /workspaces/Marbella/servidor_minecraft/mods/boxing_madness_1.20.1.jar
[27Oct2025 16:29:03.116] [main/DEBUG] [net.minecraftforge.server.ServerLifecycleHooks/CORE]: Generating PackInfo named mod:saros_road_signs_mod for mod file /workspaces/Marbella/servidor_minecraft/mods/Saros-Road-Signs-Mod-1.20.1-4.3.jar
[27Oct2025 16:29:03.116] [main/DEBUG] [net.minecraftforge.server.ServerLifecycleHooks/CORE]: Generating PackInfo named mod:dtrch for mod file /workspaces/Marbella/servidor_minecraft/mods/dtrch-1.3.0-forge-1.20.1.jar
[27Oct2025 16:29:03.116] [main/DEBUG] [net.minecraftforge.server.ServerLifecycleHooks/CORE]: Generating PackInfo named mod:saros_road_blocks_mod for mod file /workspaces/Marbella/servidor_minecraft/mods/Saros-Road-Blocks-Mod-1.20.1-4.0.jar
[27Oct2025 16:29:03.117] [main/DEBUG] [net.minecraftforge.server.ServerLifecycleHooks/CORE]: Generating PackInfo named mod:framework for mod file /workspaces/Marbella/servidor_minecraft/mods/framework-forge-1.20.1-0.7.15 (1).jar
[27Oct2025 16:29:03.117] [main/DEBUG] [net.minecraftforge.server.ServerLifecycleHooks/CORE]: Generating PackInfo named mod:forge for mod file /workspaces/Marbella/servidor_minecraft/libraries/net/minecraftforge/forge/1.20.1-47.3.7/forge-1.20.1-47.3.7-universal.jar
[27Oct2025 16:29:03.117] [main/DEBUG] [net.minecraftforge.server.ServerLifecycleHooks/CORE]: Generating PackInfo named mod:lazrslib for mod file /workspaces/Marbella/servidor_minecraft/mods/Lazr's Lib-1.20-1.1.1.jar
[27Oct2025 16:29:03.117] [main/DEBUG] [net.minecraftforge.server.ServerLifecycleHooks/CORE]: Generating PackInfo named mod:playerrevive for mod file /workspaces/Marbella/servidor_minecraft/mods/PlayerRevive_FORGE_v2.0.31_mc1.20.1.jar
[27Oct2025 16:29:03.119] [main/INFO] [net.minecraft.server.MinecraftServer/]: Found new data pack file/money_datapack, loading it automatically
[27Oct2025 16:29:03.133] [main/INFO] [com.teampotato.redirector.Redirector/]: Redirecting net/minecraft/server/RegistryLayer
[27Oct2025 16:29:03.154] [main/DEBUG] [ModernFix/]: Generated cache for /assets in 6.855 ms
[27Oct2025 16:29:03.167] [main/DEBUG] [ModernFix/]: Generated cache for /assets in 12.43 ms
[27Oct2025 16:29:03.171] [main/DEBUG] [ModernFix/]: Generated cache for /assets in 4.606 ms
[27Oct2025 16:29:03.185] [main/DEBUG] [ModernFix/]: Generated cache for /assets in 12.93 ms
[27Oct2025 16:29:03.186] [main/DEBUG] [ModernFix/]: Generated cache for /assets in 1.005 ms
[27Oct2025 16:29:03.188] [main/DEBUG] [ModernFix/]: Generated cache for /assets in 1.712 ms
[27Oct2025 16:29:03.197] [main/DEBUG] [ModernFix/]: Generated cache for /assets in 9.048 ms
[27Oct2025 16:29:03.199] [main/DEBUG] [ModernFix/]: Generated cache for /assets in 2.294 ms
[27Oct2025 16:29:03.201] [main/DEBUG] [ModernFix/]: Generated cache for /assets in 1.683 ms
[27Oct2025 16:29:03.204] [main/DEBUG] [ModernFix/]: Generated cache for /assets in 2.471 ms
[27Oct2025 16:29:03.204] [main/DEBUG] [ModernFix/]: Generated cache for /assets in 559.1 μs
[27Oct2025 16:29:03.205] [main/DEBUG] [ModernFix/]: Generated cache for /assets in 764.8 μs
[27Oct2025 16:29:03.207] [main/DEBUG] [ModernFix/]: Generated cache for /assets in 43.29 μs
[27Oct2025 16:29:03.208] [main/DEBUG] [ModernFix/]: Generated cache for /assets in 409.8 μs
[27Oct2025 16:29:03.209] [main/DEBUG] [ModernFix/]: Generated cache for /assets in 860.0 μs
[27Oct2025 16:29:03.209] [main/DEBUG] [ModernFix/]: Generated cache for /assets in 173.5 μs
[27Oct2025 16:29:03.210] [main/DEBUG] [ModernFix/]: Generated cache for /assets in 785.1 μs
[27Oct2025 16:29:03.211] [main/DEBUG] [ModernFix/]: Generated cache for /assets in 340.4 μs
[27Oct2025 16:29:03.211] [main/DEBUG] [ModernFix/]: Generated cache for /assets in 61.82 μs
[27Oct2025 16:29:03.211] [main/DEBUG] [ModernFix/]: Generated cache for /assets in 91.96 μs
[27Oct2025 16:29:03.212] [main/DEBUG] [ModernFix/]: Generated cache for /assets in 438.5 μs
[27Oct2025 16:29:03.212] [main/DEBUG] [ModernFix/]: Generated cache for /assets in 79.96 μs
[27Oct2025 16:29:03.213] [main/DEBUG] [ModernFix/]: Generated cache for /assets in 153.8 μs
[27Oct2025 16:29:03.217] [main/DEBUG] [ModernFix/]: Generated cache for /assets in 4.129 ms
[27Oct2025 16:29:03.217] [main/DEBUG] [ModernFix/]: Generated cache for /assets in 80.82 μs
[27Oct2025 16:29:03.228] [main/DEBUG] [ModernFix/]: Generated cache for /assets in 11.07 ms
[27Oct2025 16:29:03.229] [main/DEBUG] [ModernFix/]: Generated cache for /assets in 150.4 μs
[27Oct2025 16:29:03.229] [main/DEBUG] [ModernFix/]: Generated cache for /assets in 336.4 μs
[27Oct2025 16:29:03.237] [main/DEBUG] [ModernFix/]: Generated cache for /assets in 7.305 ms
[27Oct2025 16:29:03.237] [main/DEBUG] [ModernFix/]: Generated cache for /assets in 100.6 μs
[27Oct2025 16:29:03.237] [main/DEBUG] [ModernFix/]: Generated cache for /assets in 71.47 μs
[27Oct2025 16:29:03.240] [main/DEBUG] [ModernFix/]: Generated cache for /assets in 2.877 ms
[27Oct2025 16:29:03.246] [main/DEBUG] [ModernFix/]: Generated cache for /assets in 5.912 ms
[27Oct2025 16:29:03.249] [main/DEBUG] [ModernFix/]: Generated cache for /assets in 2.563 ms
[27Oct2025 16:29:03.249] [main/DEBUG] [ModernFix/]: Generated cache for /assets in 65.35 μs
[27Oct2025 16:29:03.250] [main/DEBUG] [ModernFix/]: Generated cache for /assets in 66.66 μs
[27Oct2025 16:29:03.250] [main/DEBUG] [ModernFix/]: Generated cache for /assets in 208.2 μs
[27Oct2025 16:29:03.491] [main/INFO] [com.teampotato.redirector.Redirector/]: Redirecting net/minecraft/world/level/block/entity/JigsawBlockEntity$JointType
[27Oct2025 16:29:03.536] [main/INFO] [com.teampotato.redirector.Redirector/]: Redirecting net/minecraft/world/level/levelgen/DensityFunctions$MulOrAdd$Type
[27Oct2025 16:29:03.918] [main/DEBUG] [mixin/]: Mixing bugfix.registry_ops_cme.RegistryOpsMemoizedMixin from modernfix-common.mixins.json into net.minecraft.resources.RegistryOps$1
[27Oct2025 16:29:03.935] [main/INFO] [com.teampotato.redirector.Redirector/]: Redirecting net/minecraft/world/level/storage/PrimaryLevelData$SpecialWorldProperty
[27Oct2025 16:29:03.953] [main/DEBUG] [mixin/]: Mixing LootTableManagerMixin from locks.mixins.json into net.minecraft.world.level.storage.loot.LootDataManager
[27Oct2025 16:29:03.953] [main/DEBUG] [mixin/]: Mixing MixinLootDataManager from architectury.mixins.json into net.minecraft.world.level.storage.loot.LootDataManager
[27Oct2025 16:29:03.963] [main/INFO] [com.teampotato.redirector.Redirector/]: Redirecting net/minecraft/world/level/storage/loot/LootContext$EntityTarget
[27Oct2025 16:29:03.970] [main/INFO] [com.teampotato.redirector.Redirector/]: Redirecting net/minecraft/commands/CommandBuildContext$MissingTagAccessPolicy
[27Oct2025 16:29:03.971] [main/DEBUG] [mixin/]: Mixing CommandExceptionLoggingMixin from cupboard.mixins.json into net.minecraft.commands.Commands
[27Oct2025 16:29:04.069] [main/INFO] [com.teampotato.redirector.Redirector/]: Redirecting com/mojang/math/OctahedralGroup
[27Oct2025 16:29:04.072] [main/INFO] [com.teampotato.redirector.Redirector/]: Redirecting com/mojang/math/SymmetricGroup3
[27Oct2025 16:29:04.173] [main/DEBUG] [net.minecraftforge.coremod.transformer.CoreModBaseTransformer/COREMOD]: Transforming net/minecraft/server/commands/SummonCommand
[27Oct2025 16:29:04.191] [main/INFO] [com.teampotato.redirector.Redirector/]: Redirecting net/minecraft/network/chat/ClickEvent$Action
[27Oct2025 16:29:04.299] [main/DEBUG] [bookshelf/]: Built 1 Command entries. Took 1.63ms.
[27Oct2025 16:29:04.329] [main/DEBUG] [mixin/]: Mixing accessors.world.AccessorRecipeManager from bookshelf.common.mixins.json into net.minecraft.world.item.crafting.RecipeManager
[27Oct2025 16:29:04.329] [main/DEBUG] [mixin/]: Mixing perf.datapack_reload_exceptions.RecipeManagerMixin from modernfix-forge.mixins.json into net.minecraft.world.item.crafting.RecipeManager
[27Oct2025 16:29:04.338] [main/DEBUG] [mixin/]: Mixing feature.measure_time.SimpleReloadInstanceMixin from modernfix-common.mixins.json into net.minecraft.server.packs.resources.SimpleReloadInstance
[27Oct2025 16:29:04.348] [Worker-Main-1/DEBUG] [mixin/]: Mixing perf.tag_id_caching.TagEntryMixin from modernfix-forge.mixins.json into net.minecraft.tags.TagEntry
[27Oct2025 16:29:04.403] [Worker-Main-2/ERROR] [net.minecraft.tags.TagLoader/]: Couldn't load tag cuffed:can_reinforce_padlock as it is missing following references: minecraft:diamond_ingot (from Cuffed-1.20.1-1.3.9.jar)
[27Oct2025 16:29:04.598] [Worker-Main-1/INFO] [com.teampotato.redirector.Redirector/]: Redirecting net/minecraft/world/level/storage/loot/functions/CopyNbtFunction$MergeStrategy
[27Oct2025 16:29:04.603] [Worker-Main-1/DEBUG] [mixin/]: Mixing MixinNbtPredicate from curios.mixins.json into net.minecraft.advancements.critereon.NbtPredicate
[27Oct2025 16:29:04.610] [Worker-Main-2/INFO] [com.teampotato.redirector.Redirector/]: Redirecting ttv/migami/jeg/modifier/type/StatType
[27Oct2025 16:29:04.629] [Worker-Main-2/INFO] [jeg/]: Registered gun 'jeg:abstract_gun'
[27Oct2025 16:29:04.630] [Worker-Main-2/INFO] [jeg/]: Registered gun 'jeg:assault_rifle'
[27Oct2025 16:29:04.631] [Worker-Main-2/INFO] [jeg/]: Registered gun 'jeg:atlantean_spear'
[27Oct2025 16:29:04.631] [Worker-Main-2/INFO] [jeg/]: Registered gun 'jeg:blossom_rifle'
[27Oct2025 16:29:04.632] [Worker-Main-2/INFO] [jeg/]: Registered gun 'jeg:bolt_action_rifle'
[27Oct2025 16:29:04.633] [Worker-Main-2/INFO] [jeg/]: Registered gun 'jeg:burst_rifle'
[27Oct2025 16:29:04.636] [Worker-Main-2/INFO] [jeg/]: Registered gun 'jeg:combat_pistol'
[27Oct2025 16:29:04.636] [Worker-Main-2/INFO] [jeg/]: Registered gun 'jeg:combat_rifle'
[27Oct2025 16:29:04.637] [Worker-Main-2/INFO] [jeg/]: Registered gun 'jeg:compound_bow'
[27Oct2025 16:29:04.637] [Worker-Main-2/INFO] [jeg/]: Registered gun 'jeg:custom_smg'
[27Oct2025 16:29:04.638] [Worker-Main-2/INFO] [jeg/]: Registered gun 'jeg:double_barrel_shotgun'
[27Oct2025 16:29:04.638] [Worker-Main-1/DEBUG] [net.minecraftforge.coremod.transformer.CoreModBaseTransformer/COREMOD]: Transforming net/minecraft/world/entity/raid/Raid
[27Oct2025 16:29:04.638] [Worker-Main-2/INFO] [jeg/]: Registered gun 'jeg:finger_gun'
[27Oct2025 16:29:04.641] [Worker-Main-2/INFO] [jeg/]: Registered gun 'jeg:flamethrower'
[27Oct2025 16:29:04.643] [Worker-Main-2/INFO] [jeg/]: Registered gun 'jeg:flare_gun'
[27Oct2025 16:29:04.646] [Worker-Main-2/INFO] [jeg/]: Registered gun 'jeg:grenade_launcher'
[27Oct2025 16:29:04.650] [Worker-Main-2/INFO] [jeg/]: Registered gun 'jeg:hollenfire_mk2'
[27Oct2025 16:29:04.651] [Worker-Main-2/INFO] [jeg/]: Registered gun 'jeg:holy_shotgun'
[27Oct2025 16:29:04.655] [Worker-Main-2/INFO] [jeg/]: Registered gun 'jeg:hypersonic_cannon'
[27Oct2025 16:29:04.657] [Worker-Main-2/INFO] [jeg/]: Registered gun 'jeg:infantry_rifle'
[27Oct2025 16:29:04.658] [Worker-Main-2/INFO] [jeg/]: Registered gun 'jeg:light_machine_gun'
[27Oct2025 16:29:04.660] [Worker-Main-2/INFO] [jeg/]: Registered gun 'jeg:minigun'
[27Oct2025 16:29:04.660] [Worker-Main-2/INFO] [jeg/]: Registered gun 'jeg:primitive_bow'
[27Oct2025 16:29:04.661] [Worker-Main-2/INFO] [jeg/]: Registered gun 'jeg:pump_shotgun'
[27Oct2025 16:29:04.663] [Worker-Main-2/INFO] [jeg/]: Registered gun 'jeg:repeating_shotgun'
[27Oct2025 16:29:04.663] [Worker-Main-2/INFO] [jeg/]: Registered gun 'jeg:revolver'
[27Oct2025 16:29:04.664] [Worker-Main-2/INFO] [jeg/]: Registered gun 'jeg:rocket_launcher'
[27Oct2025 16:29:04.665] [Worker-Main-2/INFO] [jeg/]: Registered gun 'jeg:semi_auto_pistol'
[27Oct2025 16:29:04.665] [Worker-Main-2/INFO] [jeg/]: Registered gun 'jeg:semi_auto_rifle'
[27Oct2025 16:29:04.665] [Worker-Main-2/INFO] [jeg/]: Registered gun 'jeg:service_rifle'
[27Oct2025 16:29:04.666] [Worker-Main-2/INFO] [jeg/]: Registered gun 'jeg:soulhunter_mk2'
[27Oct2025 16:29:04.666] [Worker-Main-2/INFO] [jeg/]: Registered gun 'jeg:subsonic_rifle'
[27Oct2025 16:29:04.667] [Worker-Main-2/INFO] [jeg/]: Registered gun 'jeg:supersonic_shotgun'
[27Oct2025 16:29:04.667] [Worker-Main-2/INFO] [jeg/]: Registered gun 'jeg:typhoonee'
[27Oct2025 16:29:04.668] [Worker-Main-2/INFO] [jeg/]: Registered gun 'jeg:waterpipe_shotgun'
[27Oct2025 16:29:04.671] [Worker-Main-2/INFO] [jeg/]: Registered gun 'jeg_cfg:vindicator_smg'
[27Oct2025 16:29:04.677] [Worker-Main-2/INFO] [jeg/]: Registered gun 'jeg_cfg:primitive_blowpipe'
[27Oct2025 16:29:04.677] [Worker-Main-2/INFO] [jeg/]: Registered gun 'jeg_cfg:fire_sweeper'
[27Oct2025 16:29:04.703] [Worker-Main-1/INFO] [com.teampotato.redirector.Redirector/]: Redirecting net/minecraft/world/item/ItemStack$TooltipPart
[27Oct2025 16:29:04.717] [Worker-Main-1/INFO] [com.teampotato.redirector.Redirector/]: Redirecting net/minecraft/world/entity/animal/axolotl/Axolotl$Variant
[27Oct2025 16:29:04.719] [Worker-Main-1/INFO] [com.teampotato.redirector.Redirector/]: Redirecting net/minecraft/world/entity/animal/Fox$Type
[27Oct2025 16:29:04.720] [Worker-Main-1/INFO] [com.teampotato.redirector.Redirector/]: Redirecting net/minecraft/world/entity/animal/MushroomCow$MushroomType
[27Oct2025 16:29:04.721] [Worker-Main-1/INFO] [com.teampotato.redirector.Redirector/]: Redirecting net/minecraft/world/entity/animal/Rabbit$Variant
[27Oct2025 16:29:04.722] [Worker-Main-1/INFO] [com.teampotato.redirector.Redirector/]: Redirecting net/minecraft/world/entity/animal/horse/Variant
[27Oct2025 16:29:04.723] [Worker-Main-1/INFO] [com.teampotato.redirector.Redirector/]: Redirecting net/minecraft/world/entity/animal/horse/Llama$Variant
[27Oct2025 16:29:04.724] [Worker-Main-1/INFO] [com.teampotato.redirector.Redirector/]: Redirecting net/minecraft/world/entity/animal/Parrot$Variant
[27Oct2025 16:29:04.725] [Worker-Main-1/INFO] [com.teampotato.redirector.Redirector/]: Redirecting net/minecraft/world/entity/animal/TropicalFish$Pattern
[27Oct2025 16:29:04.725] [Worker-Main-1/INFO] [com.teampotato.redirector.Redirector/]: Redirecting net/minecraft/world/entity/animal/TropicalFish$Base
[27Oct2025 16:29:04.731] [Worker-Main-1/DEBUG] [mixin/]: Mixing patches.loot.MixinLootItemKilledByPlayerCondition from bookshelf.common.mixins.json into net.minecraft.world.level.storage.loot.predicates.LootItemKilledByPlayerCondition
[27Oct2025 16:29:04.741] [Worker-Main-1/INFO] [com.teampotato.redirector.Redirector/]: Redirecting net/minecraft/world/level/storage/loot/functions/CopyNameFunction$NameSource
[27Oct2025 16:29:04.748] [Worker-Main-1/INFO] [com.teampotato.redirector.Redirector/]: Redirecting net/minecraft/world/level/saveddata/maps/MapDecoration$Type
[27Oct2025 16:29:04.908] [main/ERROR] [net.minecraft.world.item.crafting.RecipeManager/]: Parsing error loading recipe devices:office_chair/silver: com.google.gson.JsonSyntaxException: Unknown item 'minecraft:wool'
[27Oct2025 16:29:04.916] [main/ERROR] [net.minecraft.world.item.crafting.RecipeManager/]: Parsing error loading recipe devices:office_chair/red: com.google.gson.JsonSyntaxException: Unknown item 'minecraft:concrete'
[27Oct2025 16:29:04.917] [main/ERROR] [net.minecraft.world.item.crafting.RecipeManager/]: Parsing error loading recipe devices:office_chair/magenta: com.google.gson.JsonSyntaxException: Unknown item 'minecraft:concrete'
[27Oct2025 16:29:04.921] [main/ERROR] [net.minecraft.world.item.crafting.RecipeManager/]: Parsing error loading recipe devices:office_chair/gray: com.google.gson.JsonSyntaxException: Unknown item 'minecraft:concrete'
[27Oct2025 16:29:04.925] [main/ERROR] [net.minecraft.world.item.crafting.RecipeManager/]: Parsing error loading recipe devices:office_chair/cyan: com.google.gson.JsonSyntaxException: Unknown item 'minecraft:concrete'
[27Oct2025 16:29:04.938] [main/ERROR] [net.minecraft.world.item.crafting.RecipeManager/]: Parsing error loading recipe devices:office_chair/white: com.google.gson.JsonSyntaxException: Unknown item 'minecraft:wool'
[27Oct2025 16:29:04.939] [main/ERROR] [net.minecraft.world.item.crafting.RecipeManager/]: Parsing error loading recipe devices:office_chair/purple: com.google.gson.JsonSyntaxException: Unknown item 'minecraft:concrete'
[27Oct2025 16:29:04.941] [main/INFO] [com.teampotato.redirector.Redirector/]: Redirecting net/minecraft/world/item/FireworkRocketItem$Shape
[27Oct2025 16:29:04.943] [main/ERROR] [net.minecraft.world.item.crafting.RecipeManager/]: Parsing error loading recipe devices:office_chair/lime: com.google.gson.JsonSyntaxException: Unknown item 'minecraft:concrete'
[27Oct2025 16:29:04.944] [main/ERROR] [net.minecraft.world.item.crafting.RecipeManager/]: Parsing error loading recipe devices:office_chair/yellow: com.google.gson.JsonSyntaxException: Unknown item 'minecraft:wool'
[27Oct2025 16:29:04.945] [main/ERROR] [net.minecraft.world.item.crafting.RecipeManager/]: Parsing error loading recipe devices:office_chair/blue: com.google.gson.JsonSyntaxException: Unknown item 'minecraft:concrete'
[27Oct2025 16:29:04.947] [main/ERROR] [net.minecraft.world.item.crafting.RecipeManager/]: Parsing error loading recipe dtrch:emr_summer_armor_helmet_recipe: com.google.gson.JsonSyntaxException: Unknown item 'dtrch:emr_summer_armor_helmet'
[27Oct2025 16:29:04.948] [main/ERROR] [net.minecraft.world.item.crafting.RecipeManager/]: Parsing error loading recipe devices:office_chair/pink: com.google.gson.JsonSyntaxException: Unknown item 'minecraft:ping_wool'
[27Oct2025 16:29:04.950] [main/ERROR] [net.minecraft.world.item.crafting.RecipeManager/]: Parsing error loading recipe cuffed:information_booklet: com.google.gson.JsonSyntaxException: Unknown item 'cuffed:information_booklet'
[27Oct2025 16:29:04.953] [main/ERROR] [net.minecraft.world.item.crafting.RecipeManager/]: Parsing error loading recipe devices:office_chair/black: com.google.gson.JsonSyntaxException: Unknown item 'minecraft:concrete'
[27Oct2025 16:29:04.954] [main/ERROR] [net.minecraft.world.item.crafting.RecipeManager/]: Parsing error loading recipe devices:office_chair/green: com.google.gson.JsonSyntaxException: Unknown item 'minecraft:concrete'
[27Oct2025 16:29:04.957] [main/ERROR] [net.minecraft.world.item.crafting.RecipeManager/]: Parsing error loading recipe devices:office_chair/brown: com.google.gson.JsonSyntaxException: Unknown item 'minecraft:concrete'
[27Oct2025 16:29:04.960] [main/ERROR] [net.minecraft.world.item.crafting.RecipeManager/]: Parsing error loading recipe devices:office_chair/orange: com.google.gson.JsonSyntaxException: Unknown item 'minecraft:concrete'
[27Oct2025 16:29:04.961] [main/ERROR] [net.minecraft.world.item.crafting.RecipeManager/]: Parsing error loading recipe devices:office_chair/light_blue: com.google.gson.JsonSyntaxException: Unknown item 'minecraft:concrete'
[27Oct2025 16:29:04.962] [main/INFO] [net.minecraft.world.item.crafting.RecipeManager/]: Loaded 12 recipes
[27Oct2025 16:29:04.970] [main/DEBUG] [mixin/]: Mixing DisplayInfoMixin from ftblibrary-common.mixins.json into net.minecraft.advancements.DisplayInfo
[27Oct2025 16:29:04.970] [main/DEBUG] [mixin/]: ftblibrary-common.mixins.json:DisplayInfoMixin: Class version 61 required is higher than the class version supported by the current version of Mixin (JAVA_8 supports class version 52)
[27Oct2025 16:29:04.972] [main/INFO] [com.teampotato.redirector.Redirector/]: Redirecting net/minecraft/advancements/FrameType
[27Oct2025 16:29:05.048] [main/INFO] [net.minecraft.advancements.AdvancementList/]: Loaded 1422 advancements
[27Oct2025 16:29:05.050] [main/INFO] [STDOUT/]: [ttv.migami.jeg.modifier.ModifierLoader:apply:47]: Loaded 2 modifier groups
[27Oct2025 16:29:05.053] [main/INFO] [top.theillusivec4.curios.Curios/]: Loaded 10 curio slots
[27Oct2025 16:29:05.055] [main/INFO] [top.theillusivec4.curios.Curios/]: Loaded 1 curio entities
[27Oct2025 16:29:05.089] [main/WARN] [ModernFix/]: Initial datapack load took 2.008 s
[27Oct2025 16:29:05.106] [main/DEBUG] [net.minecraftforge.common.ForgeHooks/WP]: Gathering id map for writing to world save Matsuhama
[27Oct2025 16:29:05.125] [main/DEBUG] [net.minecraftforge.common.ForgeHooks/WP]: ID Map collection complete Matsuhama
[27Oct2025 16:29:05.160] [main/DEBUG] [mixin/]: Mixing feature.mcfunction_profiling.ServerFunctionManagerMixin from modernfix-common.mixins.json into net.minecraft.server.ServerFunctionManager
[27Oct2025 16:29:05.161] [main/DEBUG] [mixin/]: Renaming synthetic method lambda$mfix$getProfilingResults$2(Ljava/util/Map$Entry;)Ljava/time/Duration; to md0cfdd6$lambda$mfix$getProfilingResults$2$0 in modernfix-common.mixins.json:feature.mcfunction_profiling.ServerFunctionManagerMixin
[27Oct2025 16:29:05.161] [main/DEBUG] [mixin/]: Renaming synthetic method lambda$pruneUnusedWatches$1(Lcom/google/common/base/Stopwatch;)Z to md0cfdd6$lambda$pruneUnusedWatches$1$1 in modernfix-common.mixins.json:feature.mcfunction_profiling.ServerFunctionManagerMixin
[27Oct2025 16:29:05.161] [main/DEBUG] [mixin/]: Renaming synthetic method lambda$startWatch$0(Lnet/minecraft/resources/ResourceLocation;)Lcom/google/common/base/Stopwatch; to md0cfdd6$lambda$startWatch$0$2 in modernfix-common.mixins.json:feature.mcfunction_profiling.ServerFunctionManagerMixin
[27Oct2025 16:29:05.174] [Server thread/INFO] [net.minecraft.server.dedicated.DedicatedServer/]: Starting minecraft server version 1.20.1
[27Oct2025 16:29:05.175] [Server thread/INFO] [net.minecraft.server.dedicated.DedicatedServer/]: Loading properties
[27Oct2025 16:29:05.175] [Server thread/INFO] [net.minecraft.server.dedicated.DedicatedServer/]: Default game type: SURVIVAL
[27Oct2025 16:29:05.175] [Server thread/INFO] [net.minecraft.server.MinecraftServer/]: Generating keypair
[27Oct2025 16:29:05.324] [Server thread/INFO] [net.minecraft.server.dedicated.DedicatedServer/]: Starting Minecraft server on *:25565
[27Oct2025 16:29:05.325] [Server thread/DEBUG] [net.minecraftforge.network.DualStackUtils/]: Detected IPv6 address: "0:0:0:0:0:0:0:0"
[27Oct2025 16:29:05.331] [Server thread/DEBUG] [io.netty.util.internal.NativeLibraryLoader/]: -Dio.netty.native.workdir: /tmp (io.netty.tmpdir)
[27Oct2025 16:29:05.331] [Server thread/DEBUG] [io.netty.util.internal.NativeLibraryLoader/]: -Dio.netty.native.deleteLibAfterLoading: true
[27Oct2025 16:29:05.332] [Server thread/DEBUG] [io.netty.util.internal.NativeLibraryLoader/]: -Dio.netty.native.tryPatchShadedId: true
[27Oct2025 16:29:05.332] [Server thread/DEBUG] [io.netty.util.internal.NativeLibraryLoader/]: -Dio.netty.native.detectNativeLibraryDuplicates: true
[27Oct2025 16:29:05.339] [Server thread/DEBUG] [io.netty.util.internal.NativeLibraryLoader/]: Successfully loaded the library /tmp/libnetty_transport_native_epoll_x86_646465144212026980198.so
[27Oct2025 16:29:05.342] [Server thread/DEBUG] [io.netty.util.NetUtil/]: -Djava.net.preferIPv4Stack: false
[27Oct2025 16:29:05.342] [Server thread/DEBUG] [io.netty.util.NetUtil/]: -Djava.net.preferIPv6Addresses: true
[27Oct2025 16:29:05.344] [Server thread/DEBUG] [io.netty.util.NetUtilInitializations/]: Loopback interface: lo (lo, 0:0:0:0:0:0:0:1%lo)
[27Oct2025 16:29:05.345] [Server thread/DEBUG] [io.netty.util.NetUtil/]: /proc/sys/net/core/somaxconn: 4096
[27Oct2025 16:29:05.348] [Server thread/INFO] [net.minecraft.server.network.ServerConnectionListener/]: Using epoll channel type
[27Oct2025 16:29:05.357] [Server thread/DEBUG] [mixin/]: Mixing NetworkSystemMixin from connectivity.mixins.json into net.minecraft.server.network.ServerConnectionListener$1
[27Oct2025 16:29:05.364] [Server thread/DEBUG] [io.netty.channel.MultithreadEventLoopGroup/]: -Dio.netty.eventLoopThreads: 8
[27Oct2025 16:29:05.376] [Server thread/DEBUG] [io.netty.util.internal.InternalThreadLocalMap/]: -Dio.netty.threadLocalMap.stringBuilder.initialSize: 1024
[27Oct2025 16:29:05.376] [Server thread/DEBUG] [io.netty.util.internal.InternalThreadLocalMap/]: -Dio.netty.threadLocalMap.stringBuilder.maxSize: 4096
[27Oct2025 16:29:05.384] [Server thread/DEBUG] [io.netty.util.internal.PlatformDependent/]: org.jctools-core.MpscChunkedArrayQueue: available
[27Oct2025 16:29:05.391] [Server thread/DEBUG] [io.netty.channel.DefaultChannelId/]: -Dio.netty.processId: 5745 (auto-detected)
[27Oct2025 16:29:05.392] [Server thread/DEBUG] [io.netty.channel.DefaultChannelId/]: -Dio.netty.machineId: 7c:1e:52:ff:fe:2e:25:56 (auto-detected)
[27Oct2025 16:29:05.415] [Server thread/DEBUG] [io.netty.buffer.PooledByteBufAllocator/]: -Dio.netty.allocator.numHeapArenas: 8
[27Oct2025 16:29:05.415] [Server thread/DEBUG] [io.netty.buffer.PooledByteBufAllocator/]: -Dio.netty.allocator.numDirectArenas: 8
[27Oct2025 16:29:05.416] [Server thread/DEBUG] [io.netty.buffer.PooledByteBufAllocator/]: -Dio.netty.allocator.pageSize: 8192
[27Oct2025 16:29:05.416] [Server thread/DEBUG] [io.netty.buffer.PooledByteBufAllocator/]: -Dio.netty.allocator.maxOrder: 9
[27Oct2025 16:29:05.416] [Server thread/DEBUG] [io.netty.buffer.PooledByteBufAllocator/]: -Dio.netty.allocator.chunkSize: 4194304
[27Oct2025 16:29:05.416] [Server thread/DEBUG] [io.netty.buffer.PooledByteBufAllocator/]: -Dio.netty.allocator.smallCacheSize: 256
[27Oct2025 16:29:05.416] [Server thread/DEBUG] [io.netty.buffer.PooledByteBufAllocator/]: -Dio.netty.allocator.normalCacheSize: 64
[27Oct2025 16:29:05.416] [Server thread/DEBUG] [io.netty.buffer.PooledByteBufAllocator/]: -Dio.netty.allocator.maxCachedBufferCapacity: 32768
[27Oct2025 16:29:05.416] [Server thread/DEBUG] [io.netty.buffer.PooledByteBufAllocator/]: -Dio.netty.allocator.cacheTrimInterval: 8192
[27Oct2025 16:29:05.416] [Server thread/DEBUG] [io.netty.buffer.PooledByteBufAllocator/]: -Dio.netty.allocator.cacheTrimIntervalMillis: 0
[27Oct2025 16:29:05.416] [Server thread/DEBUG] [io.netty.buffer.PooledByteBufAllocator/]: -Dio.netty.allocator.useCacheForAllThreads: false
[27Oct2025 16:29:05.416] [Server thread/DEBUG] [io.netty.buffer.PooledByteBufAllocator/]: -Dio.netty.allocator.maxCachedByteBuffersPerChunk: 1023
[27Oct2025 16:29:05.424] [Server thread/DEBUG] [io.netty.buffer.ByteBufUtil/]: -Dio.netty.allocator.type: pooled
[27Oct2025 16:29:05.424] [Server thread/DEBUG] [io.netty.buffer.ByteBufUtil/]: -Dio.netty.threadLocalDirectBufferSize: 0
[27Oct2025 16:29:05.424] [Server thread/DEBUG] [io.netty.buffer.ByteBufUtil/]: -Dio.netty.maxThreadLocalCharBufferSize: 16384
[27Oct2025 16:29:05.432] [Server thread/WARN] [net.minecraft.server.dedicated.DedicatedServer/]: **** SERVER IS RUNNING IN OFFLINE/INSECURE MODE!
[27Oct2025 16:29:05.432] [Server thread/WARN] [net.minecraft.server.dedicated.DedicatedServer/]: The server will make no attempt to authenticate usernames. Beware.
[27Oct2025 16:29:05.432] [Server thread/WARN] [net.minecraft.server.dedicated.DedicatedServer/]: While this makes the game possible to play without internet access, it also opens up the ability for hackers to connect with any username they choose.
[27Oct2025 16:29:05.433] [Server thread/WARN] [net.minecraft.server.dedicated.DedicatedServer/]: To change this, set "online-mode" to "true" in the server.properties file.
[27Oct2025 16:29:05.447] [Server thread/DEBUG] [net.minecraftforge.fml.config.ConfigTracker/CONFIG]: Loading configs type SERVER
[27Oct2025 16:29:05.447] [Server thread/DEBUG] [net.minecraftforge.fml.config.ConfigFileTypeHandler/CONFIG]: Built TOML config for ./world/serverconfig/cuffed-server.toml
[27Oct2025 16:29:05.447] [Server thread/DEBUG] [net.minecraftforge.fml.config.ConfigFileTypeHandler/CONFIG]: Loaded TOML config file ./world/serverconfig/cuffed-server.toml
[27Oct2025 16:29:05.448] [Server thread/DEBUG] [net.minecraftforge.fml.config.ConfigFileTypeHandler/CONFIG]: Watching TOML config file ./world/serverconfig/cuffed-server.toml for changes
[27Oct2025 16:29:05.448] [Server thread/WARN] [net.minecraftforge.common.ForgeConfigSpec/CORE]: Configuration file ./world/serverconfig/cuffed-server.toml is not correct. Correcting
[27Oct2025 16:29:05.448] [Server thread/WARN] [net.minecraftforge.common.ForgeConfigSpec/CORE]: Incorrect key cuffed Config.Anchoring Settings.Max Chain Length was corrected from 5.0 to its default, 5.0. 
[27Oct2025 16:29:05.449] [Server thread/WARN] [net.minecraftforge.common.ForgeConfigSpec/CORE]: Incorrect key cuffed Config.Anchoring Settings.Suffocation Length was corrected from 12.0 to its default, 12.0. 
[27Oct2025 16:29:05.450] [Server thread/DEBUG] [net.minecraftforge.fml.config.ConfigFileTypeHandler/CONFIG]: Built TOML config for ./world/serverconfig/locks-server.toml
[27Oct2025 16:29:05.451] [Server thread/DEBUG] [net.minecraftforge.fml.config.ConfigFileTypeHandler/CONFIG]: Loaded TOML config file ./world/serverconfig/locks-server.toml
[27Oct2025 16:29:05.451] [Server thread/DEBUG] [net.minecraftforge.fml.config.ConfigFileTypeHandler/CONFIG]: Watching TOML config file ./world/serverconfig/locks-server.toml for changes
[27Oct2025 16:29:05.452] [Server thread/DEBUG] [net.minecraftforge.fml.config.ConfigFileTypeHandler/CONFIG]: Built TOML config for ./world/serverconfig/jeg-server.toml
[27Oct2025 16:29:05.452] [Server thread/DEBUG] [net.minecraftforge.fml.config.ConfigFileTypeHandler/CONFIG]: Loaded TOML config file ./world/serverconfig/jeg-server.toml
[27Oct2025 16:29:05.452] [Server thread/DEBUG] [net.minecraftforge.fml.config.ConfigFileTypeHandler/CONFIG]: Watching TOML config file ./world/serverconfig/jeg-server.toml for changes
[27Oct2025 16:29:05.453] [Server thread/DEBUG] [net.minecraftforge.fml.config.ConfigFileTypeHandler/CONFIG]: Built TOML config for ./world/serverconfig/curios-server.toml
[27Oct2025 16:29:05.453] [Server thread/DEBUG] [net.minecraftforge.fml.config.ConfigFileTypeHandler/CONFIG]: Loaded TOML config file ./world/serverconfig/curios-server.toml
[27Oct2025 16:29:05.453] [Server thread/DEBUG] [net.minecraftforge.fml.config.ConfigFileTypeHandler/CONFIG]: Watching TOML config file ./world/serverconfig/curios-server.toml for changes
[27Oct2025 16:29:05.454] [Server thread/DEBUG] [net.minecraftforge.fml.config.ConfigFileTypeHandler/CONFIG]: Built TOML config for ./world/serverconfig/camera-server.toml
[27Oct2025 16:29:05.454] [Server thread/DEBUG] [net.minecraftforge.fml.config.ConfigFileTypeHandler/CONFIG]: Loaded TOML config file ./world/serverconfig/camera-server.toml
[27Oct2025 16:29:05.454] [Server thread/DEBUG] [net.minecraftforge.fml.config.ConfigFileTypeHandler/CONFIG]: Watching TOML config file ./world/serverconfig/camera-server.toml for changes
[27Oct2025 16:29:05.455] [Server thread/DEBUG] [net.minecraftforge.fml.config.ConfigFileTypeHandler/CONFIG]: Built TOML config for ./world/serverconfig/forge-server.toml
[27Oct2025 16:29:05.455] [Server thread/DEBUG] [net.minecraftforge.fml.config.ConfigFileTypeHandler/CONFIG]: Loaded TOML config file ./world/serverconfig/forge-server.toml
[27Oct2025 16:29:05.455] [Server thread/DEBUG] [net.minecraftforge.fml.config.ConfigFileTypeHandler/CONFIG]: Watching TOML config file ./world/serverconfig/forge-server.toml for changes
[27Oct2025 16:29:05.456] [Server thread/DEBUG] [net.minecraftforge.common.ForgeConfig/FORGEMOD]: Loaded forge config file forge-server.toml
[27Oct2025 16:29:05.462] [Server thread/INFO] [com.teampotato.redirector.Redirector/]: Redirecting net/minecraftforge/common/world/BiomeModifier$Phase
[27Oct2025 16:29:05.476] [Server thread/INFO] [com.teampotato.redirector.Redirector/]: Redirecting net/minecraftforge/common/world/StructureModifier$Phase
[27Oct2025 16:29:05.479] [Server thread/INFO] [Framework/]: Loading server configs...
[27Oct2025 16:29:05.661] [Server thread/INFO] [net.minecraft.server.dedicated.DedicatedServer/]: Preparing level "world"
[27Oct2025 16:29:05.662] [Server thread/DEBUG] [mixin/]: Mixing feature.branding.BrandingControlMixin from modernfix-forge.mixins.json into net.minecraftforge.internal.BrandingControl
[27Oct2025 16:29:05.666] [Server thread/INFO] [com.teampotato.redirector.Redirector/]: Redirecting net/minecraft/util/ModCheck$Confidence
[27Oct2025 16:29:05.671] [Server thread/DEBUG] [net.minecraftforge.coremod.transformer.CoreModBaseTransformer/COREMOD]: Transforming net/minecraft/world/level/levelgen/PhantomSpawner
[27Oct2025 16:29:05.677] [Server thread/DEBUG] [net.minecraftforge.coremod.transformer.CoreModBaseTransformer/COREMOD]: Transforming net/minecraft/world/level/levelgen/PatrolSpawner
[27Oct2025 16:29:05.682] [Server thread/DEBUG] [net.minecraftforge.coremod.transformer.CoreModBaseTransformer/COREMOD]: Transforming net/minecraft/world/entity/npc/CatSpawner
[27Oct2025 16:29:05.687] [Server thread/INFO] [com.teampotato.redirector.Redirector/]: Redirecting net/minecraft/world/entity/ai/village/VillageSiege$State
[27Oct2025 16:29:05.690] [Server thread/DEBUG] [mixin/]: Mixing ChunkLoadDebug from cupboard.mixins.json into net.minecraft.server.level.ServerChunkCache
[27Oct2025 16:29:05.691] [Server thread/DEBUG] [mixin/]: Mixing ServerChunkCacheMixin from smoothchunk.mixins.json into net.minecraft.server.level.ServerChunkCache
[27Oct2025 16:29:05.692] [Server thread/DEBUG] [mixin/]: Mixing bugfix.chunk_deadlock.ServerChunkCache_CurrentLoadingMixin from modernfix-forge.mixins.json into net.minecraft.server.level.ServerChunkCache
[27Oct2025 16:29:05.715] [Server thread/INFO] [com.teampotato.redirector.Redirector/]: Redirecting net/minecraft/world/ticks/TickPriority
[27Oct2025 16:29:05.726] [Server thread/INFO] [com.teampotato.redirector.Redirector/]: Redirecting net/minecraft/world/level/chunk/storage/IOWorker$Priority
[27Oct2025 16:29:05.728] [Server thread/DEBUG] [mixin/]: Mixing PersistentEntitySectionManagerMixin from smoothchunk.mixins.json into net.minecraft.world.level.entity.PersistentEntitySectionManager
[27Oct2025 16:29:05.728] [Server thread/DEBUG] [mixin/]: Mixing PersistentEntitySectionManagerMixin from customnpcs.mixins.json into net.minecraft.world.level.entity.PersistentEntitySectionManager
[27Oct2025 16:29:05.736] [Server thread/INFO] [com.teampotato.redirector.Redirector/]: Redirecting net/minecraft/world/level/entity/Visibility
[27Oct2025 16:29:05.737] [Server thread/INFO] [com.teampotato.redirector.Redirector/]: Redirecting net/minecraft/world/level/entity/PersistentEntitySectionManager$ChunkLoadStatus
[27Oct2025 16:29:05.740] [Server thread/INFO] [com.teampotato.redirector.Redirector/]: Redirecting net/minecraft/server/level/FullChunkStatus
[27Oct2025 16:29:05.742] [Server thread/DEBUG] [mixin/]: Mixing common.DimensionDataStorageMixin from mts.mixins.json into net.minecraft.world.level.storage.DimensionDataStorage
[27Oct2025 16:29:05.745] [Server thread/DEBUG] [mixin/]: Mixing ChunkMapMixin from smoothchunk.mixins.json into net.minecraft.server.level.ChunkMap
[27Oct2025 16:29:05.749] [Server thread/DEBUG] [mixin/]: Mixing ChunkMapSlowUnload from smoothchunk.mixins.json into net.minecraft.server.level.ChunkMap
[27Oct2025 16:29:05.752] [Server thread/DEBUG] [mixin/]: Mixing ChunkManagerMixin from locks.mixins.json into net.minecraft.server.level.ChunkMap
[27Oct2025 16:29:05.752] [Server thread/DEBUG] [mixin/]: Renaming synthetic method lambda$playerLoadedChunk$1(Lnet/minecraft/world/level/chunk/LevelChunk;Lmelonslise/locks/common/util/Lockable;)V to md0cfdd6$lambda$playerLoadedChunk$1$0 in locks.mixins.json:ChunkManagerMixin
[27Oct2025 16:29:05.752] [Server thread/DEBUG] [mixin/]: Renaming synthetic method lambda$playerLoadedChunk$0(Lnet/minecraft/world/level/chunk/LevelChunk;)Lnet/minecraft/world/level/chunk/LevelChunk; to md0cfdd6$lambda$playerLoadedChunk$0$1 in locks.mixins.json:ChunkManagerMixin
[27Oct2025 16:29:05.753] [Server thread/DEBUG] [mixin/]: Mixing bugfix.paper_chunk_patches.ChunkMapMixin from modernfix-common.mixins.json into net.minecraft.server.level.ChunkMap
[27Oct2025 16:29:05.753] [Server thread/DEBUG] [mixin/]: Renaming synthetic method lambda$useLegacySchedulingLogic$1(Lnet/minecraft/world/level/chunk/ChunkStatus;Lnet/minecraft/world/level/ChunkPos;Lnet/minecraft/server/level/ChunkHolder;Lcom/mojang/datafixers/util/Either;)Ljava/util/concurrent/CompletionStage; to md0cfdd6$lambda$useLegacySchedulingLogic$1$2 in modernfix-common.mixins.json:bugfix.paper_chunk_patches.ChunkMapMixin
[27Oct2025 16:29:05.753] [Server thread/DEBUG] [mixin/]: Renaming synthetic method lambda$useLegacySchedulingLogic$0(Lnet/minecraft/server/level/ChunkHolder;Lnet/minecraft/world/level/chunk/ChunkAccess;)Ljava/util/concurrent/CompletableFuture; to md0cfdd6$lambda$useLegacySchedulingLogic$0$3 in modernfix-common.mixins.json:bugfix.paper_chunk_patches.ChunkMapMixin
[27Oct2025 16:29:05.754] [Server thread/DEBUG] [mixin/]: Mixing bugfix.chunk_deadlock.ChunkMapLoadMixin from modernfix-forge.mixins.json into net.minecraft.server.level.ChunkMap
[27Oct2025 16:29:05.755] [Server thread/DEBUG] [mixin/]: Mixing ChunkMapMixin from customnpcs.mixins.json into net.minecraft.server.level.ChunkMap
[27Oct2025 16:29:05.768] [Server thread/DEBUG] [mixin/]: Mixing common.chunk.ProtoChunkMixin from starlight.mixins.json into net.minecraft.world.level.chunk.ProtoChunk
[27Oct2025 16:29:05.780] [Server thread/INFO] [com.teampotato.redirector.Redirector/]: Redirecting net/minecraft/world/level/levelgen/WorldgenRandom$Algorithm
[27Oct2025 16:29:05.937] [Server thread/DEBUG] [mixin/]: Mixing perf.cache_strongholds.ChunkGeneratorMixin from modernfix-common.mixins.json into net.minecraft.world.level.chunk.ChunkGeneratorStructureState
[27Oct2025 16:29:05.937] [Server thread/DEBUG] [mixin/]: Renaming synthetic method lambda$saveCachedData$0(Ljava/util/List;)Ljava/util/List; to md0cfdd6$lambda$saveCachedData$0$0 in modernfix-common.mixins.json:perf.cache_strongholds.ChunkGeneratorMixin
[27Oct2025 16:29:05.957] [Server thread/INFO] [com.teampotato.redirector.Redirector/]: Redirecting net/minecraft/world/level/LightLayer
[27Oct2025 16:29:05.983] [Server thread/DEBUG] [mixin/]: Mixing perf.faster_structure_location.StructureCheckMixin from modernfix-common.mixins.json into net.minecraft.world.level.levelgen.structure.StructureCheck
[27Oct2025 16:29:05.985] [Server thread/DEBUG] [net.minecraftforge.coremod.transformer.CoreModBaseTransformer/COREMOD]: Transforming net/minecraft/world/level/levelgen/structure/Structure
[27Oct2025 16:29:06.001] [Server thread/DEBUG] [ModernFix/]: Loaded stronghold cache for dimension minecraft:overworld with 128 positions
[27Oct2025 16:29:06.009] [Server thread/INFO] [com.teampotato.redirector.Redirector/]: Redirecting net/minecraft/world/level/lighting/LayerLightEventListener$DummyLightLayerEventListener
[27Oct2025 16:29:06.011] [Server thread/INFO] [com.teampotato.redirector.Redirector/]: Redirecting net/minecraft/world/BossEvent$BossBarColor
[27Oct2025 16:29:06.012] [Server thread/INFO] [com.teampotato.redirector.Redirector/]: Redirecting net/minecraft/world/BossEvent$BossBarOverlay
[27Oct2025 16:29:06.013] [Server thread/INFO] [com.teampotato.redirector.Redirector/]: Redirecting net/minecraft/network/protocol/game/ClientboundBossEventPacket$OperationType
[27Oct2025 16:29:06.026] [Server thread/INFO] [net.minecraft.server.MinecraftServer/]: Preparing start region for dimension minecraft:overworld
[27Oct2025 16:29:06.027] [Server thread/DEBUG] [mixin/]: Mixing bugfix.paper_chunk_patches.SortedArraySetMixin from modernfix-common.mixins.json into net.minecraft.util.SortedArraySet
[27Oct2025 16:29:06.178] [Server thread/DEBUG] [mixin/]: Mixing common.world.ChunkSerializerMixin from starlight.mixins.json into net.minecraft.world.level.chunk.storage.ChunkSerializer
[27Oct2025 16:29:06.179] [Server thread/DEBUG] [mixin/]: Mixing MixinChunkSerializer from architectury.mixins.json into net.minecraft.world.level.chunk.storage.ChunkSerializer
[27Oct2025 16:29:06.189] [Server thread/DEBUG] [mixin/]: Mixing common.chunk.ImposterProtoChunkMixin from starlight.mixins.json into net.minecraft.world.level.chunk.ImposterProtoChunk
[27Oct2025 16:29:06.197] [Server thread/DEBUG] [mixin/]: Mixing perf.compact_bit_storage.PalettedContainerMixin from modernfix-common.mixins.json into net.minecraft.world.level.chunk.PalettedContainer
[27Oct2025 16:29:06.211] [Server thread/INFO] [com.teampotato.redirector.Redirector/]: Redirecting net/minecraft/world/level/EmptyBlockGetter
[27Oct2025 16:29:06.212] [Server thread/INFO] [com.teampotato.redirector.Redirector/]: Redirecting net/minecraft/core/Direction8
[27Oct2025 16:29:06.217] [Server thread/DEBUG] [mixin/]: Mixing ThreadingDetectorMixin from cupboard.mixins.json into net.minecraft.util.ThreadingDetector
[27Oct2025 16:29:06.257] [Server thread/INFO] [com.teampotato.redirector.Redirector/]: Redirecting ca/spottedleaf/starlight/common/light/StarLightEngine$AxisDirection
[27Oct2025 16:29:06.434] [Thread-0/INFO] [ModernFix/]: Please use /mfsrc to reload any changed mod config files
[27Oct2025 16:29:06.686] [Server thread/INFO] [com.teampotato.redirector.Redirector/]: Redirecting net/minecraft/world/entity/ai/village/poi/PoiManager$Occupancy
[27Oct2025 16:29:06.862] [Server thread/INFO] [com.teampotato.redirector.Redirector/]: Redirecting melonslise/locks/common/util/Transform
[27Oct2025 16:29:07.210] [Server thread/INFO] [net.minecraft.server.level.progress.LoggerChunkProgressListener/]: Preparing spawn area: 0%
[27Oct2025 16:29:07.210] [Server thread/INFO] [net.minecraft.server.level.progress.LoggerChunkProgressListener/]: Preparing spawn area: 0%
[27Oct2025 16:29:07.211] [Server thread/INFO] [net.minecraft.server.level.progress.LoggerChunkProgressListener/]: Preparing spawn area: 0%
[27Oct2025 16:29:07.247] [Server thread/DEBUG] [mixin/]: Mixing perf.cache_blockstate_cache_arrays.AbstractBlockStateCacheMixin from modernfix-common.mixins.json into net.minecraft.world.level.block.state.BlockBehaviour$BlockStateBase$Cache
[27Oct2025 16:29:07.248] [Server thread/DEBUG] [mixin/]: Mixing BlockStateCacheMixin from ferritecore.blockstatecache.mixin.json into net.minecraft.world.level.block.state.BlockBehaviour$BlockStateBase$Cache
[27Oct2025 16:29:07.251] [Server thread/INFO] [com.teampotato.redirector.Redirector/]: Redirecting net/minecraft/world/level/block/SupportType
[27Oct2025 16:29:07.260] [Server thread/INFO] [com.teampotato.redirector.Redirector/]: Redirecting net/minecraft/core/AxisCycle
[27Oct2025 16:29:07.265] [Server thread/DEBUG] [mixin/]: Mixing SubShapeAccess from ferritecore.blockstatecache.mixin.json into net.minecraft.world.phys.shapes.SubShape
[27Oct2025 16:29:07.527] [Server thread/INFO] [net.minecraft.server.level.progress.LoggerChunkProgressListener/]: Preparing spawn area: 0%
[27Oct2025 16:29:08.038] [Server thread/DEBUG] [mixin/]: Mixing CombatTrackerAccessor from playerrevive.mixins.json into net.minecraft.world.damagesource.CombatTracker
[27Oct2025 16:29:08.042] [Server thread/DEBUG] [mixin/]: Mixing WalkAnimationStateMixin from customnpcs.mixins.json into net.minecraft.world.entity.WalkAnimationState
[27Oct2025 16:29:08.052] [Server thread/DEBUG] [mixin/]: Mixing GoalSelectorMixin from customnpcs.mixins.json into net.minecraft.world.entity.ai.goal.GoalSelector
[27Oct2025 16:29:08.055] [Server thread/INFO] [com.teampotato.redirector.Redirector/]: Redirecting net/minecraft/world/entity/ai/control/MoveControl$Operation
[27Oct2025 16:29:08.065] [Server thread/INFO] [com.teampotato.redirector.Redirector/]: Redirecting noppes/npcs/constants/EnumAvailabilityDialog
[27Oct2025 16:29:08.066] [Server thread/INFO] [com.teampotato.redirector.Redirector/]: Redirecting noppes/npcs/constants/EnumAvailabilityQuest
[27Oct2025 16:29:08.067] [Server thread/INFO] [com.teampotato.redirector.Redirector/]: Redirecting noppes/npcs/constants/EnumDayTime
[27Oct2025 16:29:08.068] [Server thread/INFO] [com.teampotato.redirector.Redirector/]: Redirecting noppes/npcs/constants/EnumAvailabilityFactionType
[27Oct2025 16:29:08.069] [Server thread/INFO] [com.teampotato.redirector.Redirector/]: Redirecting noppes/npcs/constants/EnumAvailabilityFaction
[27Oct2025 16:29:08.070] [Server thread/INFO] [com.teampotato.redirector.Redirector/]: Redirecting noppes/npcs/constants/EnumAvailabilityScoreboard
[27Oct2025 16:29:08.105] [Server thread/INFO] [com.teampotato.redirector.Redirector/]: Redirecting noppes/npcs/constants/EnumParts
[27Oct2025 16:29:08.122] [Server thread/INFO] [net.minecraft.server.level.progress.LoggerChunkProgressListener/]: Preparing spawn area: 15%
[27Oct2025 16:29:08.336] [Server thread/INFO] [com.teampotato.redirector.Redirector/]: Redirecting com/ultreon/devices/block/entity/PrinterBlockEntity$State
[27Oct2025 16:29:08.526] [Server thread/INFO] [net.minecraft.server.level.progress.LoggerChunkProgressListener/]: Preparing spawn area: 53%
[27Oct2025 16:29:08.907] [Server thread/INFO] [net.minecraft.server.level.progress.LoggerChunkProgressListener/]: Time elapsed: 2881 ms
[27Oct2025 16:29:08.907] [Server thread/INFO] [net.minecraft.server.dedicated.DedicatedServer/]: Done (3.461s)! For help, type "help"
[27Oct2025 16:29:08.916] [Server thread/DEBUG] [net.minecraftforge.network.DualStackUtils/]: Detected IPv6 address: "0:0:0:0:0:0:0:0"
[27Oct2025 16:29:08.969] [Server thread/DEBUG] [net.minecraftforge.common.ForgeI18n/CORE]: Loading I18N data entries: 3484
[27Oct2025 16:29:08.972] [Server thread/INFO] [noppes.npcs.CustomNpcs/]: CustomNPC PermissionNode<Boolean>s available:
[27Oct2025 16:29:08.972] [Server thread/INFO] [noppes.npcs.CustomNpcs/]: customnpcs.edit.blocks
[27Oct2025 16:29:08.973] [Server thread/INFO] [noppes.npcs.CustomNpcs/]: customnpcs.edit.villager
[27Oct2025 16:29:08.973] [Server thread/INFO] [noppes.npcs.CustomNpcs/]: customnpcs.global.bank
[27Oct2025 16:29:08.973] [Server thread/INFO] [noppes.npcs.CustomNpcs/]: customnpcs.global.dialog
[27Oct2025 16:29:08.973] [Server thread/INFO] [noppes.npcs.CustomNpcs/]: customnpcs.global.faction
[27Oct2025 16:29:08.973] [Server thread/INFO] [noppes.npcs.CustomNpcs/]: customnpcs.global.linked
[27Oct2025 16:29:08.974] [Server thread/INFO] [noppes.npcs.CustomNpcs/]: customnpcs.global.naturalspawn
[27Oct2025 16:29:08.974] [Server thread/INFO] [noppes.npcs.CustomNpcs/]: customnpcs.global.playerdata
[27Oct2025 16:29:08.974] [Server thread/INFO] [noppes.npcs.CustomNpcs/]: customnpcs.global.quest
[27Oct2025 16:29:08.974] [Server thread/INFO] [noppes.npcs.CustomNpcs/]: customnpcs.global.recipe
[27Oct2025 16:29:08.975] [Server thread/INFO] [noppes.npcs.CustomNpcs/]: customnpcs.global.transport
[27Oct2025 16:29:08.975] [Server thread/INFO] [noppes.npcs.CustomNpcs/]: customnpcs.npc.advanced
[27Oct2025 16:29:08.975] [Server thread/INFO] [noppes.npcs.CustomNpcs/]: customnpcs.npc.ai
[27Oct2025 16:29:08.976] [Server thread/INFO] [noppes.npcs.CustomNpcs/]: customnpcs.npc.clone
[27Oct2025 16:29:08.976] [Server thread/INFO] [noppes.npcs.CustomNpcs/]: customnpcs.npc.create
[27Oct2025 16:29:08.976] [Server thread/INFO] [noppes.npcs.CustomNpcs/]: customnpcs.npc.delete
[27Oct2025 16:29:08.977] [Server thread/INFO] [noppes.npcs.CustomNpcs/]: customnpcs.npc.display
[27Oct2025 16:29:08.977] [Server thread/INFO] [noppes.npcs.CustomNpcs/]: customnpcs.npc.freeze
[27Oct2025 16:29:08.977] [Server thread/INFO] [noppes.npcs.CustomNpcs/]: customnpcs.npc.gui
[27Oct2025 16:29:08.978] [Server thread/INFO] [noppes.npcs.CustomNpcs/]: customnpcs.npc.inventory
[27Oct2025 16:29:08.978] [Server thread/INFO] [noppes.npcs.CustomNpcs/]: customnpcs.npc.reset
[27Oct2025 16:29:08.978] [Server thread/INFO] [noppes.npcs.CustomNpcs/]: customnpcs.npc.stats
[27Oct2025 16:29:08.979] [Server thread/INFO] [noppes.npcs.CustomNpcs/]: customnpcs.scenes
[27Oct2025 16:29:08.979] [Server thread/INFO] [noppes.npcs.CustomNpcs/]: customnpcs.soulstone.all
[27Oct2025 16:29:08.980] [Server thread/INFO] [noppes.npcs.CustomNpcs/]: customnpcs.spawner.create
[27Oct2025 16:29:08.980] [Server thread/INFO] [noppes.npcs.CustomNpcs/]: customnpcs.spawner.mob
[27Oct2025 16:29:08.981] [Server thread/INFO] [noppes.npcs.CustomNpcs/]: customnpcs.tool.mounter
[27Oct2025 16:29:08.981] [Server thread/INFO] [noppes.npcs.CustomNpcs/]: customnpcs.tool.nbtbook
[27Oct2025 16:29:08.981] [Server thread/INFO] [noppes.npcs.CustomNpcs/]: customnpcs.tool.pather
[27Oct2025 16:29:08.982] [Server thread/INFO] [noppes.npcs.CustomNpcs/]: customnpcs.tool.scripter
[27Oct2025 16:29:08.982] [Server thread/INFO] [net.minecraftforge.server.permission.PermissionAPI/]: Successfully initialized permission handler forge:default_handler
[27Oct2025 16:29:08.986] [Server thread/INFO] [com.podloot.eyemod.Eye/]: EyeMod loaded (Server)
[27Oct2025 16:29:08.987] [Server thread/INFO] [cuffed/]: Running server setup for Cuffed
[27Oct2025 16:29:08.989] [Server thread/DEBUG] [mixin/]: Mixing accessors.item.AccessorItemCooldowns from bookshelf.common.mixins.json into net.minecraft.world.item.ItemCooldowns
[27Oct2025 16:29:09.010] [Server thread/DEBUG] [mixin/]: Mixing accessors.inventory.AccessorTransientCraftingContainer from bookshelf.common.mixins.json into net.minecraft.world.inventory.TransientCraftingContainer
[27Oct2025 16:29:09.011] [Server thread/INFO] [com.teampotato.redirector.Redirector/]: Redirecting net/minecraft/world/entity/player/ChatVisiblity
[27Oct2025 16:29:09.014] [Server thread/INFO] [com.teampotato.redirector.Redirector/]: Redirecting net/minecraft/world/inventory/RecipeBookType
[27Oct2025 16:29:09.032] [Server thread/INFO] [com.teampotato.redirector.Redirector/]: Redirecting net/minecraft/network/protocol/PacketFlow
[27Oct2025 16:29:09.042] [Server thread/INFO] [com.cupboard.Cupboard/]: Loaded config for: connectivity.json
[27Oct2025 16:29:09.042] [Server thread/INFO] [com.cupboard.Cupboard/]: Loaded config for: betterfpsdist.json
[27Oct2025 16:29:09.043] [Server thread/INFO] [com.cupboard.Cupboard/]: Loaded config for: smoothchunk.json
[27Oct2025 16:29:09.043] [Server thread/INFO] [com.teampotato.redirector.Redirector/]: Redirecting com/mrcrayfish/framework/api/LogicalEnvironment
[27Oct2025 16:29:09.047] [Server thread/INFO] [com.teampotato.redirector.Redirector/]: Redirecting com/mrcrayfish/framework/api/Environment
[27Oct2025 16:29:09.083] [Server thread/WARN] [ModernFix/]: Dedicated server took 26.358 seconds to load
[27Oct2025 16:29:09.178] [Server thread/DEBUG] [io.netty.buffer.AbstractByteBuf/]: -Dio.netty.buffer.checkAccessible: true
[27Oct2025 16:29:09.178] [Server thread/DEBUG] [io.netty.buffer.AbstractByteBuf/]: -Dio.netty.buffer.checkBounds: true
[27Oct2025 16:29:09.179] [Server thread/DEBUG] [io.netty.util.ResourceLeakDetectorFactory/]: Loaded default ResourceLeakDetector: io.netty.util.ResourceLeakDetector@11ee9705
[27Oct2025 16:29:09.206] [Server thread/DEBUG] [net.minecraftforge.coremod.transformer.CoreModBaseTransformer/COREMOD]: Transforming net/minecraft/world/level/NaturalSpawner
[27Oct2025 16:29:09.247] [Server thread/INFO] [com.teampotato.redirector.Redirector/]: Redirecting ttv/migami/jeg/entity/ai/AIType
[27Oct2025 16:29:09.287] [Server thread/INFO] [com.teampotato.redirector.Redirector/]: Redirecting net/minecraft/util/AbortableIterationConsumer$Continuation
[27Oct2025 16:29:09.291] [Server thread/INFO] [com.teampotato.redirector.Redirector/]: Redirecting net/minecraft/world/entity/Entity$MovementEmission
[27Oct2025 16:29:09.292] [Server thread/INFO] [com.teampotato.redirector.Redirector/]: Redirecting net/minecraft/world/scores/Team$CollisionRule
[27Oct2025 16:29:09.304] [Server thread/DEBUG] [mixin/]: Mixing common.chunk.EmptyLevelChunkMixin from starlight.mixins.json into net.minecraft.world.level.chunk.EmptyLevelChunk
[27Oct2025 16:29:09.308] [Server thread/INFO] [com.teampotato.redirector.Redirector/]: Redirecting net/minecraft/util/profiling/metrics/MetricCategory
[27Oct2025 16:29:09.339] [Server thread/INFO] [com.teampotato.redirector.Redirector/]: Redirecting minecrafttransportsimulator/blocks/components/ABlockBase$Axis
[27Oct2025 16:29:09.351] [Server thread/INFO] [com.teampotato.redirector.Redirector/]: Redirecting minecrafttransportsimulator/sound/RadioManager$RadioSources
[27Oct2025 16:29:09.352] [Server thread/INFO] [com.teampotato.redirector.Redirector/]: Redirecting minecrafttransportsimulator/entities/components/AEntityA_Base$EntityAutoUpdateTime
[27Oct2025 16:29:09.355] [Server thread/INFO] [com.teampotato.redirector.Redirector/]: Redirecting minecrafttransportsimulator/blocks/tileentities/components/RoadLane$LaneSelectionRequest
[27Oct2025 16:29:09.449] [Server thread/INFO] [com.teampotato.redirector.Redirector/]: Redirecting noppes/npcs/constants/EnumScriptType
[27Oct2025 16:29:10.091] [Server thread/INFO] [com.teampotato.redirector.Redirector/]: Redirecting net/minecraft/world/level/ClipContext$Block
[27Oct2025 16:29:10.092] [Server thread/INFO] [com.teampotato.redirector.Redirector/]: Redirecting net/minecraft/world/level/ClipContext$Fluid
[27Oct2025 16:29:10.094] [Server thread/INFO] [com.teampotato.redirector.Redirector/]: Redirecting net/minecraft/world/phys/HitResult$Type
[27Oct2025 16:29:10.111] [Server thread/INFO] [com.teampotato.redirector.Redirector/]: Redirecting net/minecraft/world/level/chunk/LevelChunk$EntityCreationType
[27Oct2025 16:29:17.892] [Server thread/DEBUG] [net.minecraftforge.server.ServerLifecycleHooks/CORE]: Generating PackInfo named mod:smoothchunk for mod file /workspaces/Marbella/servidor_minecraft/mods/smoothchunk-1.20.1-4.1.jar
[27Oct2025 16:29:17.892] [Server thread/DEBUG] [net.minecraftforge.server.ServerLifecycleHooks/CORE]: Generating PackInfo named mod:cuffed for mod file /workspaces/Marbella/servidor_minecraft/mods/Cuffed-1.20.1-1.3.9.jar
[27Oct2025 16:29:17.893] [Server thread/DEBUG] [net.minecraftforge.server.ServerLifecycleHooks/CORE]: Generating PackInfo named mod:eyemod for mod file /workspaces/Marbella/servidor_minecraft/mods/eyemod-3.0.0.jar
[27Oct2025 16:29:17.893] [Server thread/DEBUG] [net.minecraftforge.server.ServerLifecycleHooks/CORE]: Generating PackInfo named mod:bh for mod file /workspaces/Marbella/servidor_minecraft/mods/asphalt cars 0.1.0 for 1.18.2x.jar
[27Oct2025 16:29:17.893] [Server thread/DEBUG] [net.minecraftforge.server.ServerLifecycleHooks/CORE]: Generating PackInfo named mod:geckolib for mod file /workspaces/Marbella/servidor_minecraft/mods/geckolib-forge-1.20.1-4.8.2.jar
[27Oct2025 16:29:17.893] [Server thread/DEBUG] [net.minecraftforge.server.ServerLifecycleHooks/CORE]: Generating PackInfo named mod:culllessleaves for mod file /workspaces/Marbella/servidor_minecraft/mods/CullLessLeaves-Reforged-1.20.1-1.0.5.jar
[27Oct2025 16:29:17.893] [Server thread/DEBUG] [net.minecraftforge.server.ServerLifecycleHooks/CORE]: Generating PackInfo named mod:creativecore for mod file /workspaces/Marbella/servidor_minecraft/mods/CreativeCore_FORGE_v2.12.32_mc1.20.1.jar
[27Oct2025 16:29:17.893] [Server thread/DEBUG] [net.minecraftforge.server.ServerLifecycleHooks/CORE]: Generating PackInfo named mod:locks for mod file /workspaces/Marbella/servidor_minecraft/mods/Locks-Unoffical-forge-1.20.1-1.2.4.jar
[27Oct2025 16:29:17.893] [Server thread/DEBUG] [net.minecraftforge.server.ServerLifecycleHooks/CORE]: Generating PackInfo named mod:jeg for mod file /workspaces/Marbella/servidor_minecraft/mods/JustEnoughGuns-0.13.2-1.20.1.jar
[27Oct2025 16:29:17.893] [Server thread/DEBUG] [net.minecraftforge.server.ServerLifecycleHooks/CORE]: Generating PackInfo named mod:itemproductionlib for mod file /workspaces/Marbella/servidor_minecraft/mods/ItemProductionLib-1.20.1-1.0.2a-all.jar
[27Oct2025 16:29:17.894] [Server thread/DEBUG] [net.minecraftforge.server.ServerLifecycleHooks/CORE]: Generating PackInfo named mod:fcl for mod file /workspaces/Marbella/servidor_minecraft/mods/fcl-20.33.jar
[27Oct2025 16:29:17.894] [Server thread/DEBUG] [net.minecraftforge.server.ServerLifecycleHooks/CORE]: Generating PackInfo named mod:attributefix for mod file /workspaces/Marbella/servidor_minecraft/mods/AttributeFix-Forge-1.20.1-21.0.4.jar
[27Oct2025 16:29:17.894] [Server thread/DEBUG] [net.minecraftforge.server.ServerLifecycleHooks/CORE]: Generating PackInfo named mod:faz_roleplay_plus for mod file /workspaces/Marbella/servidor_minecraft/mods/FazRoleplayClothes-1.20.1-2.1.jar
[27Oct2025 16:29:17.894] [Server thread/DEBUG] [net.minecraftforge.server.ServerLifecycleHooks/CORE]: Generating PackInfo named mod:connectivity for mod file /workspaces/Marbella/servidor_minecraft/mods/connectivity-1.20.1-7.2.jar
[27Oct2025 16:29:17.894] [Server thread/DEBUG] [net.minecraftforge.server.ServerLifecycleHooks/CORE]: Generating PackInfo named mod:casinocraft for mod file /workspaces/Marbella/servidor_minecraft/mods/CasinoCraft_1.20.1_v25.jar
[27Oct2025 16:29:17.894] [Server thread/DEBUG] [net.minecraftforge.server.ServerLifecycleHooks/CORE]: Generating PackInfo named mod:betterfpsdist for mod file /workspaces/Marbella/servidor_minecraft/mods/betterfpsdist-1.20.1-6.0.jar
[27Oct2025 16:29:17.894] [Server thread/DEBUG] [net.minecraftforge.server.ServerLifecycleHooks/CORE]: Generating PackInfo named mod:saros__money_mod for mod file /workspaces/Marbella/servidor_minecraft/mods/Saros-Money-Mod.1.20.1-3.5.5.jar
[27Oct2025 16:29:17.894] [Server thread/DEBUG] [net.minecraftforge.server.ServerLifecycleHooks/CORE]: Generating PackInfo named mod:curios for mod file /workspaces/Marbella/servidor_minecraft/mods/curios-forge-5.14.1+1.20.1 (1).jar
[27Oct2025 16:29:17.895] [Server thread/DEBUG] [net.minecraftforge.server.ServerLifecycleHooks/CORE]: Generating PackInfo named mod:lexiconfig for mod file /workspaces/Marbella/servidor_minecraft/mods/lexiconfig-forge-1.4.18-1.jar
[27Oct2025 16:29:17.895] [Server thread/DEBUG] [net.minecraftforge.server.ServerLifecycleHooks/CORE]: Generating PackInfo named mod:modernfurniture for mod file /workspaces/Marbella/servidor_minecraft/mods/modernfurniture-e5-x128-forge-1.20.1.jar
[27Oct2025 16:29:17.895] [Server thread/DEBUG] [net.minecraftforge.server.ServerLifecycleHooks/CORE]: Generating PackInfo named mod:camera for mod file /workspaces/Marbella/servidor_minecraft/mods/camera-forge-1.20.1-1.0.20.jar
[27Oct2025 16:29:17.895] [Server thread/DEBUG] [net.minecraftforge.server.ServerLifecycleHooks/CORE]: Generating PackInfo named mod:modernfix for mod file /workspaces/Marbella/servidor_minecraft/mods/modernfix-forge-5.24.4+mc1.20.1 (1).jar
[27Oct2025 16:29:17.895] [Server thread/DEBUG] [net.minecraftforge.server.ServerLifecycleHooks/CORE]: Generating PackInfo named mod:brcc for mod file /workspaces/Marbella/servidor_minecraft/mods/BRCC 1.0.5 1.16.5-1.20.1.jar
[27Oct2025 16:29:17.895] [Server thread/DEBUG] [net.minecraftforge.server.ServerLifecycleHooks/CORE]: Generating PackInfo named mod:inv_view_forge for mod file /workspaces/Marbella/servidor_minecraft/mods/inv_view_forge-2.1.0-1.20.1.jar
[27Oct2025 16:29:17.895] [Server thread/DEBUG] [net.minecraftforge.server.ServerLifecycleHooks/CORE]: Generating PackInfo named mod:mixinextras for mod file 
[27Oct2025 16:29:17.895] [Server thread/DEBUG] [net.minecraftforge.server.ServerLifecycleHooks/CORE]: Generating PackInfo named mod:lucky77 for mod file /workspaces/Marbella/servidor_minecraft/mods/Lucky77_1.20.1_v04.jar
[27Oct2025 16:29:17.896] [Server thread/DEBUG] [net.minecraftforge.server.ServerLifecycleHooks/CORE]: Generating PackInfo named mod:devices for mod file /workspaces/Marbella/servidor_minecraft/mods/devices-forge-0.8.4.jar
[27Oct2025 16:29:17.896] [Server thread/DEBUG] [net.minecraftforge.server.ServerLifecycleHooks/CORE]: Generating PackInfo named mod:bookshelf for mod file /workspaces/Marbella/servidor_minecraft/mods/Bookshelf-Forge-1.20.1-20.2.13.jar
[27Oct2025 16:29:17.896] [Server thread/DEBUG] [net.minecraftforge.server.ServerLifecycleHooks/CORE]: Generating PackInfo named mod:customnpcs for mod file /workspaces/Marbella/servidor_minecraft/mods/CustomNPCs-1.20.1-GBPort-Unofficial-20250830.jar
[27Oct2025 16:29:17.896] [Server thread/DEBUG] [net.minecraftforge.server.ServerLifecycleHooks/CORE]: Generating PackInfo named mod:starlight for mod file /workspaces/Marbella/servidor_minecraft/mods/starlight-1.1.2+forge.1cda73c.jar
[27Oct2025 16:29:17.896] [Server thread/DEBUG] [net.minecraftforge.server.ServerLifecycleHooks/CORE]: Generating PackInfo named mod:architectury for mod file /workspaces/Marbella/servidor_minecraft/mods/architectury-9.2.14-forge.jar
[27Oct2025 16:29:17.896] [Server thread/DEBUG] [net.minecraftforge.server.ServerLifecycleHooks/CORE]: Generating PackInfo named mod:ftblibrary for mod file /workspaces/Marbella/servidor_minecraft/mods/ftb-library-forge-2001.2.10.jar
[27Oct2025 16:29:17.896] [Server thread/DEBUG] [net.minecraftforge.server.ServerLifecycleHooks/CORE]: Generating PackInfo named mod:ferritecore for mod file /workspaces/Marbella/servidor_minecraft/mods/ferritecore-6.0.1-forge (1).jar
[27Oct2025 16:29:17.896] [Server thread/DEBUG] [net.minecraftforge.server.ServerLifecycleHooks/CORE]: Generating PackInfo named mod:mts for mod file /workspaces/Marbella/servidor_minecraft/mods/Immersive Vehicles-1.20.1-22.18.0-pre.jar
[27Oct2025 16:29:17.897] [Server thread/DEBUG] [net.minecraftforge.server.ServerLifecycleHooks/CORE]: Generating PackInfo named mod:cupboard for mod file /workspaces/Marbella/servidor_minecraft/mods/cupboard-1.20.1-2.7.jar
[27Oct2025 16:29:17.897] [Server thread/DEBUG] [net.minecraftforge.server.ServerLifecycleHooks/CORE]: Generating PackInfo named mod:boxing_madness for mod file /workspaces/Marbella/servidor_minecraft/mods/boxing_madness_1.20.1.jar
[27Oct2025 16:29:17.897] [Server thread/DEBUG] [net.minecraftforge.server.ServerLifecycleHooks/CORE]: Generating PackInfo named mod:saros_road_signs_mod for mod file /workspaces/Marbella/servidor_minecraft/mods/Saros-Road-Signs-Mod-1.20.1-4.3.jar
[27Oct2025 16:29:17.897] [Server thread/DEBUG] [net.minecraftforge.server.ServerLifecycleHooks/CORE]: Generating PackInfo named mod:dtrch for mod file /workspaces/Marbella/servidor_minecraft/mods/dtrch-1.3.0-forge-1.20.1.jar
[27Oct2025 16:29:17.897] [Server thread/DEBUG] [net.minecraftforge.server.ServerLifecycleHooks/CORE]: Generating PackInfo named mod:saros_road_blocks_mod for mod file /workspaces/Marbella/servidor_minecraft/mods/Saros-Road-Blocks-Mod-1.20.1-4.0.jar
[27Oct2025 16:29:17.897] [Server thread/DEBUG] [net.minecraftforge.server.ServerLifecycleHooks/CORE]: Generating PackInfo named mod:framework for mod file /workspaces/Marbella/servidor_minecraft/mods/framework-forge-1.20.1-0.7.15 (1).jar
[27Oct2025 16:29:17.898] [Server thread/DEBUG] [net.minecraftforge.server.ServerLifecycleHooks/CORE]: Generating PackInfo named mod:forge for mod file /workspaces/Marbella/servidor_minecraft/libraries/net/minecraftforge/forge/1.20.1-47.3.7/forge-1.20.1-47.3.7-universal.jar
[27Oct2025 16:29:17.898] [Server thread/DEBUG] [net.minecraftforge.server.ServerLifecycleHooks/CORE]: Generating PackInfo named mod:lazrslib for mod file /workspaces/Marbella/servidor_minecraft/mods/Lazr's Lib-1.20-1.1.1.jar
[27Oct2025 16:29:17.898] [Server thread/DEBUG] [net.minecraftforge.server.ServerLifecycleHooks/CORE]: Generating PackInfo named mod:playerrevive for mod file /workspaces/Marbella/servidor_minecraft/mods/PlayerRevive_FORGE_v2.0.31_mc1.20.1.jar
[27Oct2025 16:29:17.899] [Server thread/INFO] [net.minecraft.server.MinecraftServer/]: Reloading!
[27Oct2025 16:29:17.908] [Server thread/DEBUG] [bookshelf/]: Rebuilding entries for bookshelf. Previous entries 1
[27Oct2025 16:29:17.909] [Server thread/DEBUG] [bookshelf/]: Built 1 Command entries. Took 0.03ms.
[27Oct2025 16:29:17.909] [Server thread/DEBUG] [bookshelf/]: Rebuilding entries for bookshelf. Previous entries 0
[27Oct2025 16:29:17.930] [Worker-ResourceReload-1/ERROR] [net.minecraft.tags.TagLoader/]: Couldn't load tag cuffed:can_reinforce_padlock as it is missing following references: minecraft:diamond_ingot (from Cuffed-1.20.1-1.3.9.jar)
[27Oct2025 16:29:18.070] [Worker-ResourceReload-2/INFO] [jeg/]: Registered gun 'jeg:abstract_gun'
[27Oct2025 16:29:18.074] [Worker-ResourceReload-2/INFO] [jeg/]: Registered gun 'jeg:assault_rifle'
[27Oct2025 16:29:18.074] [Worker-ResourceReload-2/INFO] [jeg/]: Registered gun 'jeg:atlantean_spear'
[27Oct2025 16:29:18.075] [Worker-ResourceReload-2/INFO] [jeg/]: Registered gun 'jeg:blossom_rifle'
[27Oct2025 16:29:18.076] [Worker-ResourceReload-2/INFO] [jeg/]: Registered gun 'jeg:bolt_action_rifle'
[27Oct2025 16:29:18.076] [Worker-ResourceReload-2/INFO] [jeg/]: Registered gun 'jeg:burst_rifle'
[27Oct2025 16:29:18.077] [Worker-ResourceReload-2/INFO] [jeg/]: Registered gun 'jeg:combat_pistol'
[27Oct2025 16:29:18.081] [Worker-ResourceReload-2/INFO] [jeg/]: Registered gun 'jeg:combat_rifle'
[27Oct2025 16:29:18.081] [Worker-ResourceReload-2/INFO] [jeg/]: Registered gun 'jeg:compound_bow'
[27Oct2025 16:29:18.082] [Worker-ResourceReload-2/INFO] [jeg/]: Registered gun 'jeg:custom_smg'
[27Oct2025 16:29:18.083] [Worker-ResourceReload-2/INFO] [jeg/]: Registered gun 'jeg:double_barrel_shotgun'
[27Oct2025 16:29:18.084] [Worker-ResourceReload-2/INFO] [jeg/]: Registered gun 'jeg:finger_gun'
[27Oct2025 16:29:18.084] [Worker-ResourceReload-2/INFO] [jeg/]: Registered gun 'jeg:flamethrower'
[27Oct2025 16:29:18.088] [Worker-ResourceReload-2/INFO] [jeg/]: Registered gun 'jeg:flare_gun'
[27Oct2025 16:29:18.088] [Worker-ResourceReload-2/INFO] [jeg/]: Registered gun 'jeg:grenade_launcher'
[27Oct2025 16:29:18.089] [Worker-ResourceReload-2/INFO] [jeg/]: Registered gun 'jeg:hollenfire_mk2'
[27Oct2025 16:29:18.090] [Worker-ResourceReload-2/INFO] [jeg/]: Registered gun 'jeg:holy_shotgun'
[27Oct2025 16:29:18.090] [Worker-ResourceReload-2/INFO] [jeg/]: Registered gun 'jeg:hypersonic_cannon'
[27Oct2025 16:29:18.094] [Worker-ResourceReload-2/INFO] [jeg/]: Registered gun 'jeg:infantry_rifle'
[27Oct2025 16:29:18.094] [Worker-ResourceReload-2/INFO] [jeg/]: Registered gun 'jeg:light_machine_gun'
[27Oct2025 16:29:18.095] [Worker-ResourceReload-2/INFO] [jeg/]: Registered gun 'jeg:minigun'
[27Oct2025 16:29:18.096] [Worker-ResourceReload-2/INFO] [jeg/]: Registered gun 'jeg:primitive_bow'
[27Oct2025 16:29:18.096] [Worker-ResourceReload-2/INFO] [jeg/]: Registered gun 'jeg:pump_shotgun'
[27Oct2025 16:29:18.100] [Worker-ResourceReload-2/INFO] [jeg/]: Registered gun 'jeg:repeating_shotgun'
[27Oct2025 16:29:18.101] [Worker-ResourceReload-2/INFO] [jeg/]: Registered gun 'jeg:revolver'
[27Oct2025 16:29:18.101] [Worker-ResourceReload-2/INFO] [jeg/]: Registered gun 'jeg:rocket_launcher'
[27Oct2025 16:29:18.102] [Worker-ResourceReload-2/INFO] [jeg/]: Registered gun 'jeg:semi_auto_pistol'
[27Oct2025 16:29:18.103] [Worker-ResourceReload-2/INFO] [jeg/]: Registered gun 'jeg:semi_auto_rifle'
[27Oct2025 16:29:18.104] [Worker-ResourceReload-2/INFO] [jeg/]: Registered gun 'jeg:service_rifle'
[27Oct2025 16:29:18.104] [Worker-ResourceReload-2/INFO] [jeg/]: Registered gun 'jeg:soulhunter_mk2'
[27Oct2025 16:29:18.105] [Worker-ResourceReload-2/INFO] [jeg/]: Registered gun 'jeg:subsonic_rifle'
[27Oct2025 16:29:18.105] [Worker-ResourceReload-2/INFO] [jeg/]: Registered gun 'jeg:supersonic_shotgun'
[27Oct2025 16:29:18.106] [Worker-ResourceReload-2/INFO] [jeg/]: Registered gun 'jeg:typhoonee'
[27Oct2025 16:29:18.107] [Worker-ResourceReload-2/INFO] [jeg/]: Registered gun 'jeg:waterpipe_shotgun'
[27Oct2025 16:29:18.108] [Worker-ResourceReload-2/INFO] [jeg/]: Registered gun 'jeg_cfg:vindicator_smg'
[27Oct2025 16:29:18.108] [Worker-ResourceReload-2/INFO] [jeg/]: Registered gun 'jeg_cfg:primitive_blowpipe'
[27Oct2025 16:29:18.109] [Worker-ResourceReload-2/INFO] [jeg/]: Registered gun 'jeg_cfg:fire_sweeper'
[27Oct2025 16:29:18.197] [Server thread/ERROR] [net.minecraft.world.item.crafting.RecipeManager/]: Parsing error loading recipe devices:office_chair/silver: com.google.gson.JsonSyntaxException: Unknown item 'minecraft:wool'
[27Oct2025 16:29:18.201] [Server thread/ERROR] [net.minecraft.world.item.crafting.RecipeManager/]: Parsing error loading recipe devices:office_chair/red: com.google.gson.JsonSyntaxException: Unknown item 'minecraft:concrete'
[27Oct2025 16:29:18.202] [Server thread/ERROR] [net.minecraft.world.item.crafting.RecipeManager/]: Parsing error loading recipe devices:office_chair/magenta: com.google.gson.JsonSyntaxException: Unknown item 'minecraft:concrete'
[27Oct2025 16:29:18.204] [Server thread/ERROR] [net.minecraft.world.item.crafting.RecipeManager/]: Parsing error loading recipe devices:office_chair/gray: com.google.gson.JsonSyntaxException: Unknown item 'minecraft:concrete'
[27Oct2025 16:29:18.206] [Server thread/ERROR] [net.minecraft.world.item.crafting.RecipeManager/]: Parsing error loading recipe devices:office_chair/cyan: com.google.gson.JsonSyntaxException: Unknown item 'minecraft:concrete'
[27Oct2025 16:29:18.213] [Server thread/ERROR] [net.minecraft.world.item.crafting.RecipeManager/]: Parsing error loading recipe devices:office_chair/white: com.google.gson.JsonSyntaxException: Unknown item 'minecraft:wool'
[27Oct2025 16:29:18.214] [Server thread/ERROR] [net.minecraft.world.item.crafting.RecipeManager/]: Parsing error loading recipe devices:office_chair/purple: com.google.gson.JsonSyntaxException: Unknown item 'minecraft:concrete'
[27Oct2025 16:29:18.216] [Server thread/ERROR] [net.minecraft.world.item.crafting.RecipeManager/]: Parsing error loading recipe devices:office_chair/lime: com.google.gson.JsonSyntaxException: Unknown item 'minecraft:concrete'
[27Oct2025 16:29:18.217] [Server thread/ERROR] [net.minecraft.world.item.crafting.RecipeManager/]: Parsing error loading recipe devices:office_chair/yellow: com.google.gson.JsonSyntaxException: Unknown item 'minecraft:wool'
[27Oct2025 16:29:18.218] [Server thread/ERROR] [net.minecraft.world.item.crafting.RecipeManager/]: Parsing error loading recipe devices:office_chair/blue: com.google.gson.JsonSyntaxException: Unknown item 'minecraft:concrete'
[27Oct2025 16:29:18.220] [Server thread/ERROR] [net.minecraft.world.item.crafting.RecipeManager/]: Parsing error loading recipe dtrch:emr_summer_armor_helmet_recipe: com.google.gson.JsonSyntaxException: Unknown item 'dtrch:emr_summer_armor_helmet'
[27Oct2025 16:29:18.221] [Server thread/ERROR] [net.minecraft.world.item.crafting.RecipeManager/]: Parsing error loading recipe devices:office_chair/pink: com.google.gson.JsonSyntaxException: Unknown item 'minecraft:ping_wool'
[27Oct2025 16:29:18.223] [Server thread/ERROR] [net.minecraft.world.item.crafting.RecipeManager/]: Parsing error loading recipe cuffed:information_booklet: com.google.gson.JsonSyntaxException: Unknown item 'cuffed:information_booklet'
[27Oct2025 16:29:18.226] [Server thread/ERROR] [net.minecraft.world.item.crafting.RecipeManager/]: Parsing error loading recipe devices:office_chair/black: com.google.gson.JsonSyntaxException: Unknown item 'minecraft:concrete'
[27Oct2025 16:29:18.228] [Server thread/ERROR] [net.minecraft.world.item.crafting.RecipeManager/]: Parsing error loading recipe devices:office_chair/green: com.google.gson.JsonSyntaxException: Unknown item 'minecraft:concrete'
[27Oct2025 16:29:18.230] [Server thread/ERROR] [net.minecraft.world.item.crafting.RecipeManager/]: Parsing error loading recipe devices:office_chair/brown: com.google.gson.JsonSyntaxException: Unknown item 'minecraft:concrete'
[27Oct2025 16:29:18.233] [Server thread/ERROR] [net.minecraft.world.item.crafting.RecipeManager/]: Parsing error loading recipe devices:office_chair/orange: com.google.gson.JsonSyntaxException: Unknown item 'minecraft:concrete'
[27Oct2025 16:29:18.234] [Server thread/ERROR] [net.minecraft.world.item.crafting.RecipeManager/]: Parsing error loading recipe devices:office_chair/light_blue: com.google.gson.JsonSyntaxException: Unknown item 'minecraft:concrete'
[27Oct2025 16:29:18.235] [Server thread/INFO] [net.minecraft.world.item.crafting.RecipeManager/]: Loaded 12 recipes
[27Oct2025 16:29:18.270] [Server thread/INFO] [net.minecraft.advancements.AdvancementList/]: Loaded 1422 advancements
[27Oct2025 16:29:18.271] [Server thread/INFO] [STDOUT/]: [ttv.migami.jeg.modifier.ModifierLoader:apply:47]: Loaded 2 modifier groups
[27Oct2025 16:29:18.272] [Server thread/INFO] [top.theillusivec4.curios.Curios/]: Loaded 10 curio slots
[27Oct2025 16:29:18.273] [Server thread/INFO] [top.theillusivec4.curios.Curios/]: Loaded 1 curio entities
[27Oct2025 16:29:18.309] [Server thread/INFO] [Lexiconfig/]: Starting lexicon revision!
[27Oct2025 16:29:18.310] [Server thread/DEBUG] [Lexiconfig/]: Revising lexicon lexiconfig..
[27Oct2025 16:29:18.311] [Server thread/INFO] [Lexiconfig/]: Finished lexicon revision!
[27Oct2025 16:29:28.985] [Server thread/INFO] [com.teampotato.redirector.Redirector/]: Redirecting net/minecraft/world/scores/Team$Visibility
[27Oct2025 16:29:28.988] [Server thread/INFO] [net.minecraft.server.MinecraftServer/]: Created team [Police_Chef]
[27Oct2025 16:29:35.434] [Server thread/INFO] [net.minecraft.server.MinecraftServer/]: Created team [Police_Cadet]
[27Oct2025 16:29:39.884] [Server thread/INFO] [net.minecraft.server.MinecraftServer/]: Created team [Tech]
[27Oct2025 16:29:49.734] [Server thread/INFO] [net.minecraft.server.MinecraftServer/]: Created team [Mechanicien]
[27Oct2025 16:29:54.762] [Netty Epoll Server IO #1/DEBUG] [mixin/]: Mixing PacketDecoderMixin from connectivity.mixins.json into net.minecraft.network.PacketDecoder
[27Oct2025 16:29:54.768] [Netty Epoll Server IO #1/DEBUG] [mixin/]: Mixing PacketEncoderMixin from connectivity.mixins.json into net.minecraft.network.PacketEncoder
[27Oct2025 16:29:54.769] [Netty Epoll Server IO #1/DEBUG] [mixin/]: Mixing networkstats.NettyPacketEncoderMixin from connectivity.mixins.json into net.minecraft.network.PacketEncoder
[27Oct2025 16:29:54.774] [Netty Epoll Server IO #1/INFO] [com.teampotato.redirector.Redirector/]: Redirecting net/minecraft/network/ConnectionProtocol
[27Oct2025 16:29:54.779] [Netty Epoll Server IO #1/DEBUG] [mixin/]: Mixing ConnectionProtocolMixin from connectivity.mixins.json into net.minecraft.network.ConnectionProtocol$PacketSet
[27Oct2025 16:29:54.779] [Netty Epoll Server IO #1/DEBUG] [mixin/]: Renaming synthetic method lambda$onAdd$1(Ljava/lang/Class;Lnet/minecraft/network/FriendlyByteBuf;)Lnet/minecraft/network/protocol/Packet; to md0cfdd6$lambda$onAdd$1$0 in connectivity.mixins.json:ConnectionProtocolMixin
[27Oct2025 16:29:54.779] [Netty Epoll Server IO #1/DEBUG] [mixin/]: Renaming synthetic method lambda$onAdd$0(Ljava/lang/Class;Lnet/minecraft/network/FriendlyByteBuf;)Lnet/minecraft/network/protocol/Packet; to md0cfdd6$lambda$onAdd$0$1 in connectivity.mixins.json:ConnectionProtocolMixin
[27Oct2025 16:29:54.796] [Netty Epoll Server IO #1/INFO] [com.teampotato.redirector.Redirector/]: Redirecting net/minecraft/network/protocol/game/ClientboundCustomChatCompletionsPacket$Action
[27Oct2025 16:29:54.812] [Netty Epoll Server IO #1/INFO] [com.teampotato.redirector.Redirector/]: Redirecting net/minecraft/network/protocol/game/ClientboundRecipePacket$State
[27Oct2025 16:29:54.821] [Netty Epoll Server IO #1/INFO] [com.teampotato.redirector.Redirector/]: Redirecting net/minecraft/server/ServerScoreboard$Method
[27Oct2025 16:29:54.831] [Netty Epoll Server IO #1/INFO] [com.teampotato.redirector.Redirector/]: Redirecting net/minecraft/network/protocol/game/ServerboundClientCommandPacket$Action
[27Oct2025 16:29:54.832] [Netty Epoll Server IO #1/INFO] [com.teampotato.redirector.Redirector/]: Redirecting net/minecraft/world/entity/HumanoidArm
[27Oct2025 16:29:54.834] [Netty Epoll Server IO #1/INFO] [com.teampotato.redirector.Redirector/]: Redirecting net/minecraft/world/inventory/ClickType
[27Oct2025 16:29:54.836] [Netty Epoll Server IO #1/INFO] [com.teampotato.redirector.Redirector/]: Redirecting net/minecraft/network/protocol/game/ServerboundInteractPacket$ActionType
[27Oct2025 16:29:54.842] [Netty Epoll Server IO #1/INFO] [com.teampotato.redirector.Redirector/]: Redirecting net/minecraft/network/protocol/game/ServerboundPlayerCommandPacket$Action
[27Oct2025 16:29:54.846] [Netty Epoll Server IO #1/INFO] [com.teampotato.redirector.Redirector/]: Redirecting net/minecraft/network/protocol/game/ServerboundResourcePackPacket$Action
[27Oct2025 16:29:54.847] [Netty Epoll Server IO #1/INFO] [com.teampotato.redirector.Redirector/]: Redirecting net/minecraft/network/protocol/game/ServerboundSeenAdvancementsPacket$Action
[27Oct2025 16:29:54.849] [Netty Epoll Server IO #1/INFO] [com.teampotato.redirector.Redirector/]: Redirecting net/minecraft/world/level/block/entity/CommandBlockEntity$Mode
[27Oct2025 16:29:54.850] [Netty Epoll Server IO #1/DEBUG] [mixin/]: Mixing CCreativeInventoryActionPacketMixin from customnpcs.mixins.json into net.minecraft.network.protocol.game.ServerboundSetCreativeModeSlotPacket
[27Oct2025 16:29:54.853] [Netty Epoll Server IO #1/INFO] [com.teampotato.redirector.Redirector/]: Redirecting net/minecraft/world/level/block/entity/StructureBlockEntity$UpdateType
[27Oct2025 16:29:54.864] [Netty Epoll Server IO #1/DEBUG] [io.netty.util.Recycler/]: -Dio.netty.recycler.maxCapacityPerThread: 4096
[27Oct2025 16:29:54.864] [Netty Epoll Server IO #1/DEBUG] [io.netty.util.Recycler/]: -Dio.netty.recycler.ratio: 8
[27Oct2025 16:29:54.864] [Netty Epoll Server IO #1/DEBUG] [io.netty.util.Recycler/]: -Dio.netty.recycler.chunkSize: 32
[27Oct2025 16:29:54.864] [Netty Epoll Server IO #1/DEBUG] [io.netty.util.Recycler/]: -Dio.netty.recycler.blocking: false
[27Oct2025 16:29:54.874] [Netty Epoll Server IO #1/DEBUG] [mixin/]: Mixing core.NetworkHooksMixin from modernfix-forge.mixins.json into net.minecraftforge.network.NetworkHooks
[27Oct2025 16:29:55.928] [Netty Epoll Server IO #2/INFO] [com.teampotato.redirector.Redirector/]: Redirecting net/minecraftforge/network/ConnectionType
[27Oct2025 16:29:55.936] [Netty Epoll Server IO #2/DEBUG] [mixin/]: Mixing NetworkRegistryMixin from connectivity.mixins.json into net.minecraftforge.network.NetworkRegistry$LoginPayload
[27Oct2025 16:29:55.980] [Netty Epoll Server IO #2/DEBUG] [net.minecraftforge.network.HandshakeHandler/FMLHANDSHAKE]: Starting new modded impl connection. Found 30 messages to dispatch.
[27Oct2025 16:29:55.981] [Netty Epoll Server IO #2/DEBUG] [mixin/]: Mixing ServerLoginNetHandlerMixin from connectivity.mixins.json into net.minecraft.server.network.ServerLoginPacketListenerImpl
[27Oct2025 16:29:55.983] [Netty Epoll Server IO #2/INFO] [com.teampotato.redirector.Redirector/]: Redirecting net/minecraft/server/network/ServerLoginPacketListenerImpl$State
[27Oct2025 16:29:56.034] [Server thread/DEBUG] [net.minecraftforge.network.HandshakeHandler/FMLHANDSHAKE]: Sending ticking packet info 'jeg:custom_gun_manager' to 'framework:handshake' sequence 0
[27Oct2025 16:29:56.084] [Server thread/DEBUG] [net.minecraftforge.network.HandshakeHandler/FMLHANDSHAKE]: Sending ticking packet info 'jeg:network_gun_manager' to 'framework:handshake' sequence 1
[27Oct2025 16:29:56.100] [Netty Epoll Server IO #2/DEBUG] [net.minecraftforge.network.LoginWrapper/FMLHANDSHAKE]: Recieved login wrapper packet event for channel framework:handshake with index 0
[27Oct2025 16:29:56.102] [Netty Epoll Server IO #2/DEBUG] [net.minecraftforge.network.HandshakeHandler/FMLHANDSHAKE]: Received client indexed reply 0 of type com.mrcrayfish.framework.api.network.message.HandshakeMessage$Acknowledge
[27Oct2025 16:29:56.102] [Netty Epoll Server IO #2/DEBUG] [Framework/FRAMEWORK_HANDSHAKE]: Received acknowledgement from client
[27Oct2025 16:29:56.134] [Server thread/DEBUG] [net.minecraftforge.network.HandshakeHandler/FMLHANDSHAKE]: Sending ticking packet info 'net.minecraftforge.network.HandshakeMessages$S2CModData' to 'fml:handshake' sequence 2
[27Oct2025 16:29:56.184] [Server thread/DEBUG] [net.minecraftforge.network.HandshakeHandler/FMLHANDSHAKE]: Sending ticking packet info 'net.minecraftforge.network.HandshakeMessages$S2CModList' to 'fml:handshake' sequence 3
[27Oct2025 16:29:56.234] [Server thread/DEBUG] [net.minecraftforge.network.HandshakeHandler/FMLHANDSHAKE]: Sending ticking packet info 'Registry minecraft:command_argument_type' to 'fml:handshake' sequence 4
[27Oct2025 16:29:56.238] [Netty Epoll Server IO #2/DEBUG] [net.minecraftforge.network.LoginWrapper/FMLHANDSHAKE]: Recieved login wrapper packet event for channel framework:handshake with index 1
[27Oct2025 16:29:56.238] [Netty Epoll Server IO #2/DEBUG] [net.minecraftforge.network.HandshakeHandler/FMLHANDSHAKE]: Received client indexed reply 1 of type com.mrcrayfish.framework.api.network.message.HandshakeMessage$Acknowledge
[27Oct2025 16:29:56.238] [Netty Epoll Server IO #2/DEBUG] [Framework/FRAMEWORK_HANDSHAKE]: Received acknowledgement from client
[27Oct2025 16:29:56.245] [Netty Epoll Server IO #2/DEBUG] [net.minecraftforge.network.LoginWrapper/FMLHANDSHAKE]: Recieved login wrapper packet event for channel fml:handshake with index 3
[27Oct2025 16:29:56.246] [Netty Epoll Server IO #2/DEBUG] [net.minecraftforge.network.HandshakeHandler/FMLHANDSHAKE]: Received client indexed reply 3 of type net.minecraftforge.network.HandshakeMessages$C2SModListReply
[27Oct2025 16:29:56.246] [Netty Epoll Server IO #2/DEBUG] [net.minecraftforge.network.HandshakeHandler/FMLHANDSHAKE]: Received client connection with modlist [eyemod, geckolib, locks, jeg, attributefix, connectivity, casinocraft, journeymap, modernfix, brcc, mixinextras, lucky77, devices, bookshelf, starlight, mts, saros_road_signs_mod, forge, embeddium, rubidium, chloride, minecraft, modernfurniture, boxing_madness, smoothchunk, cuffed, bh, culllessleaves, creativecore, itemproductionlib, fcl, faz_roleplay_plus, betterfpsdist, saros__money_mod, curios, lexiconfig, camera, inv_view_forge, noisium, customnpcs, immediatelyfast, architectury, ftblibrary, ferritecore, cupboard, dtrch, saros_road_blocks_mod, framework, lazrslib, playerrevive]
[27Oct2025 16:29:56.247] [Netty Epoll Server IO #2/DEBUG] [net.minecraftforge.network.NetworkRegistry/NETREGISTRY]: Channel 'saros_road_signs_mod:saros_road_signs_mod' : Version test of '1' from client : ACCEPTED
[27Oct2025 16:29:56.247] [Netty Epoll Server IO #2/DEBUG] [net.minecraftforge.network.NetworkRegistry/NETREGISTRY]: Channel 'saros__money_mod:main' : Version test of '1' from client : ACCEPTED
[27Oct2025 16:29:56.247] [Netty Epoll Server IO #2/DEBUG] [net.minecraftforge.network.NetworkRegistry/NETREGISTRY]: Channel 'architectury:network' : Version test of '1' from client : ACCEPTED
[27Oct2025 16:29:56.247] [Netty Epoll Server IO #2/DEBUG] [net.minecraftforge.network.NetworkRegistry/NETREGISTRY]: Channel 'minecraft:unregister' : Version test of 'FML3' from client : ACCEPTED
[27Oct2025 16:29:56.247] [Netty Epoll Server IO #2/DEBUG] [net.minecraftforge.network.NetworkRegistry/NETREGISTRY]: Channel 'jeg:play' : Version test of '1' from client : ACCEPTED
[27Oct2025 16:29:56.247] [Netty Epoll Server IO #2/DEBUG] [net.minecraftforge.network.NetworkRegistry/NETREGISTRY]: Channel 'framework:play' : Version test of '1' from client : ACCEPTED
[27Oct2025 16:29:56.247] [Netty Epoll Server IO #2/DEBUG] [net.minecraftforge.network.NetworkRegistry/NETREGISTRY]: Channel 'dtrch:dtrch' : Version test of '1' from client : ACCEPTED
[27Oct2025 16:29:56.248] [Netty Epoll Server IO #2/DEBUG] [net.minecraftforge.network.NetworkRegistry/NETREGISTRY]: Channel 'modernfix:main' : Version test of '1' from client : ACCEPTED
[27Oct2025 16:29:56.248] [Netty Epoll Server IO #2/DEBUG] [net.minecraftforge.network.NetworkRegistry/NETREGISTRY]: Channel 'curios:main' : Version test of '1' from client : ACCEPTED
[27Oct2025 16:29:56.248] [Netty Epoll Server IO #2/DEBUG] [net.minecraftforge.network.NetworkRegistry/NETREGISTRY]: Channel 'locks:main' : Version test of 'locks' from client : ACCEPTED
[27Oct2025 16:29:56.248] [Netty Epoll Server IO #2/DEBUG] [net.minecraftforge.network.NetworkRegistry/NETREGISTRY]: Channel 'casinocraft:main' : Version test of '1' from client : ACCEPTED
[27Oct2025 16:29:56.248] [Netty Epoll Server IO #2/DEBUG] [net.minecraftforge.network.NetworkRegistry/NETREGISTRY]: Channel 'framework:handshake' : Version test of '1' from client : ACCEPTED
[27Oct2025 16:29:56.248] [Netty Epoll Server IO #2/DEBUG] [net.minecraftforge.network.NetworkRegistry/NETREGISTRY]: Channel 'fml:loginwrapper' : Version test of 'FML3' from client : ACCEPTED
[27Oct2025 16:29:56.248] [Netty Epoll Server IO #2/DEBUG] [net.minecraftforge.network.NetworkRegistry/NETREGISTRY]: Channel 'forge:tier_sorting' : Version test of '1.0' from client : ACCEPTED
[27Oct2025 16:29:56.248] [Netty Epoll Server IO #2/DEBUG] [net.minecraftforge.network.NetworkRegistry/NETREGISTRY]: Channel 'faz_roleplay_plus:faz_roleplay_plus' : Version test of '1' from client : ACCEPTED
[27Oct2025 16:29:56.248] [Netty Epoll Server IO #2/DEBUG] [net.minecraftforge.network.NetworkRegistry/NETREGISTRY]: Channel 'playerrevive:main' : Version test of '1' from client : ACCEPTED
[27Oct2025 16:29:56.248] [Netty Epoll Server IO #2/DEBUG] [net.minecraftforge.network.NetworkRegistry/NETREGISTRY]: Channel 'fml:play' : Version test of 'FML3' from client : ACCEPTED
[27Oct2025 16:29:56.248] [Netty Epoll Server IO #2/DEBUG] [net.minecraftforge.network.NetworkRegistry/NETREGISTRY]: Channel 'mts:main' : Version test of '1' from client : ACCEPTED
[27Oct2025 16:29:56.248] [Netty Epoll Server IO #2/DEBUG] [net.minecraftforge.network.NetworkRegistry/NETREGISTRY]: Channel 'customnpcs:packets' : Version test of 'CNPCS' from client : ACCEPTED
[27Oct2025 16:29:56.248] [Netty Epoll Server IO #2/DEBUG] [net.minecraftforge.network.NetworkRegistry/NETREGISTRY]: Channel 'creativecore:main' : Version test of '1' from client : ACCEPTED
[27Oct2025 16:29:56.248] [Netty Epoll Server IO #2/DEBUG] [net.minecraftforge.network.NetworkRegistry/NETREGISTRY]: Channel 'eyemod:main' : Version test of '1' from client : ACCEPTED
[27Oct2025 16:29:56.248] [Netty Epoll Server IO #2/DEBUG] [net.minecraftforge.network.NetworkRegistry/NETREGISTRY]: Channel 'camera:default' : Version test of '1.0.0' from client : ACCEPTED
[27Oct2025 16:29:56.248] [Netty Epoll Server IO #2/DEBUG] [net.minecraftforge.network.NetworkRegistry/NETREGISTRY]: Channel 'fcl:channel' : Version test of 'fcl' from client : ACCEPTED
[27Oct2025 16:29:56.249] [Netty Epoll Server IO #2/DEBUG] [net.minecraftforge.network.NetworkRegistry/NETREGISTRY]: Channel 'fml:handshake' : Version test of 'FML3' from client : ACCEPTED
[27Oct2025 16:29:56.249] [Netty Epoll Server IO #2/DEBUG] [net.minecraftforge.network.NetworkRegistry/NETREGISTRY]: Channel 'saros__money_mod:saros__money_mod' : Version test of '1' from client : ACCEPTED
[27Oct2025 16:29:56.249] [Netty Epoll Server IO #2/DEBUG] [net.minecraftforge.network.NetworkRegistry/NETREGISTRY]: Channel 'modernfix:ingredient_sync' : Version test of '1' from client : ACCEPTED
[27Oct2025 16:29:56.249] [Netty Epoll Server IO #2/DEBUG] [net.minecraftforge.network.NetworkRegistry/NETREGISTRY]: Channel 'saros_road_blocks_mod:saros_road_blocks_mod' : Version test of '1' from client : ACCEPTED
[27Oct2025 16:29:56.249] [Netty Epoll Server IO #2/DEBUG] [net.minecraftforge.network.NetworkRegistry/NETREGISTRY]: Channel 'cuffed:main' : Version test of '1' from client : ACCEPTED
[27Oct2025 16:29:56.249] [Netty Epoll Server IO #2/DEBUG] [net.minecraftforge.network.NetworkRegistry/NETREGISTRY]: Channel 'boxing_madness:boxing_madness' : Version test of '1' from client : ACCEPTED
[27Oct2025 16:29:56.249] [Netty Epoll Server IO #2/DEBUG] [net.minecraftforge.network.NetworkRegistry/NETREGISTRY]: Channel 'minecraft:register' : Version test of 'FML3' from client : ACCEPTED
[27Oct2025 16:29:56.249] [Netty Epoll Server IO #2/DEBUG] [net.minecraftforge.network.NetworkRegistry/NETREGISTRY]: Channel 'forge:split' : Version test of '1.1' from client : ACCEPTED
[27Oct2025 16:29:56.249] [Netty Epoll Server IO #2/DEBUG] [net.minecraftforge.network.NetworkRegistry/NETREGISTRY]: Channel 'geckolib:main' : Version test of '1' from client : ACCEPTED
[27Oct2025 16:29:56.249] [Netty Epoll Server IO #2/DEBUG] [net.minecraftforge.network.NetworkRegistry/NETREGISTRY]: Channel 'modernfurniture:modernfurniture' : Version test of '1' from client : ACCEPTED
[27Oct2025 16:29:56.249] [Netty Epoll Server IO #2/DEBUG] [net.minecraftforge.network.NetworkRegistry/NETREGISTRY]: Accepting channel list from client
[27Oct2025 16:29:56.250] [Netty Epoll Server IO #2/DEBUG] [net.minecraftforge.network.HandshakeHandler/FMLHANDSHAKE]: Accepted client connection mod list
[27Oct2025 16:29:56.284] [Server thread/DEBUG] [net.minecraftforge.network.HandshakeHandler/FMLHANDSHAKE]: Sending ticking packet info 'Registry minecraft:recipe_serializer' to 'fml:handshake' sequence 5
[27Oct2025 16:29:56.288] [Netty Epoll Server IO #2/DEBUG] [net.minecraftforge.network.LoginWrapper/FMLHANDSHAKE]: Recieved login wrapper packet event for channel fml:handshake with index 4
[27Oct2025 16:29:56.288] [Netty Epoll Server IO #2/DEBUG] [net.minecraftforge.network.HandshakeHandler/FMLHANDSHAKE]: Received client indexed reply 4 of type net.minecraftforge.network.HandshakeMessages$C2SAcknowledge
[27Oct2025 16:29:56.288] [Netty Epoll Server IO #2/DEBUG] [net.minecraftforge.network.HandshakeHandler/FMLHANDSHAKE]: Received acknowledgement from client
[27Oct2025 16:29:56.328] [Netty Epoll Server IO #2/DEBUG] [net.minecraftforge.network.LoginWrapper/FMLHANDSHAKE]: Recieved login wrapper packet event for channel fml:handshake with index 5
[27Oct2025 16:29:56.328] [Netty Epoll Server IO #2/DEBUG] [net.minecraftforge.network.HandshakeHandler/FMLHANDSHAKE]: Received client indexed reply 5 of type net.minecraftforge.network.HandshakeMessages$C2SAcknowledge
[27Oct2025 16:29:56.328] [Netty Epoll Server IO #2/DEBUG] [net.minecraftforge.network.HandshakeHandler/FMLHANDSHAKE]: Received acknowledgement from client
[27Oct2025 16:29:56.334] [Server thread/DEBUG] [net.minecraftforge.network.HandshakeHandler/FMLHANDSHAKE]: Sending ticking packet info 'Registry minecraft:sound_event' to 'fml:handshake' sequence 6
[27Oct2025 16:29:56.384] [Server thread/DEBUG] [net.minecraftforge.network.HandshakeHandler/FMLHANDSHAKE]: Sending ticking packet info 'Registry minecraft:particle_type' to 'fml:handshake' sequence 7
[27Oct2025 16:29:56.428] [Netty Epoll Server IO #2/DEBUG] [net.minecraftforge.network.LoginWrapper/FMLHANDSHAKE]: Recieved login wrapper packet event for channel fml:handshake with index 6
[27Oct2025 16:29:56.428] [Netty Epoll Server IO #2/DEBUG] [net.minecraftforge.network.HandshakeHandler/FMLHANDSHAKE]: Received client indexed reply 6 of type net.minecraftforge.network.HandshakeMessages$C2SAcknowledge
[27Oct2025 16:29:56.428] [Netty Epoll Server IO #2/DEBUG] [net.minecraftforge.network.HandshakeHandler/FMLHANDSHAKE]: Received acknowledgement from client
[27Oct2025 16:29:56.434] [Server thread/DEBUG] [net.minecraftforge.network.HandshakeHandler/FMLHANDSHAKE]: Sending ticking packet info 'Registry minecraft:villager_profession' to 'fml:handshake' sequence 8
[27Oct2025 16:29:56.438] [Netty Epoll Server IO #2/DEBUG] [net.minecraftforge.network.LoginWrapper/FMLHANDSHAKE]: Recieved login wrapper packet event for channel fml:handshake with index 7
[27Oct2025 16:29:56.438] [Netty Epoll Server IO #2/DEBUG] [net.minecraftforge.network.HandshakeHandler/FMLHANDSHAKE]: Received client indexed reply 7 of type net.minecraftforge.network.HandshakeMessages$C2SAcknowledge
[27Oct2025 16:29:56.438] [Netty Epoll Server IO #2/DEBUG] [net.minecraftforge.network.HandshakeHandler/FMLHANDSHAKE]: Received acknowledgement from client
[27Oct2025 16:29:56.478] [Netty Epoll Server IO #2/DEBUG] [net.minecraftforge.network.LoginWrapper/FMLHANDSHAKE]: Recieved login wrapper packet event for channel fml:handshake with index 8
[27Oct2025 16:29:56.478] [Netty Epoll Server IO #2/DEBUG] [net.minecraftforge.network.HandshakeHandler/FMLHANDSHAKE]: Received client indexed reply 8 of type net.minecraftforge.network.HandshakeMessages$C2SAcknowledge
[27Oct2025 16:29:56.478] [Netty Epoll Server IO #2/DEBUG] [net.minecraftforge.network.HandshakeHandler/FMLHANDSHAKE]: Received acknowledgement from client
[27Oct2025 16:29:56.484] [Server thread/DEBUG] [net.minecraftforge.network.HandshakeHandler/FMLHANDSHAKE]: Sending ticking packet info 'Registry minecraft:item' to 'fml:handshake' sequence 9
[27Oct2025 16:29:56.534] [Server thread/DEBUG] [net.minecraftforge.network.HandshakeHandler/FMLHANDSHAKE]: Sending ticking packet info 'Registry minecraft:potion' to 'fml:handshake' sequence 10
[27Oct2025 16:29:56.584] [Server thread/DEBUG] [net.minecraftforge.network.HandshakeHandler/FMLHANDSHAKE]: Sending ticking packet info 'Registry minecraft:painting_variant' to 'fml:handshake' sequence 11
[27Oct2025 16:29:56.592] [Netty Epoll Server IO #2/DEBUG] [net.minecraftforge.network.LoginWrapper/FMLHANDSHAKE]: Recieved login wrapper packet event for channel fml:handshake with index 9
[27Oct2025 16:29:56.592] [Netty Epoll Server IO #2/DEBUG] [net.minecraftforge.network.HandshakeHandler/FMLHANDSHAKE]: Received client indexed reply 9 of type net.minecraftforge.network.HandshakeMessages$C2SAcknowledge
[27Oct2025 16:29:56.592] [Netty Epoll Server IO #2/DEBUG] [net.minecraftforge.network.HandshakeHandler/FMLHANDSHAKE]: Received acknowledgement from client
[27Oct2025 16:29:56.592] [Netty Epoll Server IO #2/DEBUG] [net.minecraftforge.network.LoginWrapper/FMLHANDSHAKE]: Recieved login wrapper packet event for channel fml:handshake with index 10
[27Oct2025 16:29:56.592] [Netty Epoll Server IO #2/DEBUG] [net.minecraftforge.network.HandshakeHandler/FMLHANDSHAKE]: Received client indexed reply 10 of type net.minecraftforge.network.HandshakeMessages$C2SAcknowledge
[27Oct2025 16:29:56.592] [Netty Epoll Server IO #2/DEBUG] [net.minecraftforge.network.HandshakeHandler/FMLHANDSHAKE]: Received acknowledgement from client
[27Oct2025 16:29:56.628] [Netty Epoll Server IO #2/DEBUG] [net.minecraftforge.network.LoginWrapper/FMLHANDSHAKE]: Recieved login wrapper packet event for channel fml:handshake with index 11
[27Oct2025 16:29:56.628] [Netty Epoll Server IO #2/DEBUG] [net.minecraftforge.network.HandshakeHandler/FMLHANDSHAKE]: Received client indexed reply 11 of type net.minecraftforge.network.HandshakeMessages$C2SAcknowledge
[27Oct2025 16:29:56.628] [Netty Epoll Server IO #2/DEBUG] [net.minecraftforge.network.HandshakeHandler/FMLHANDSHAKE]: Received acknowledgement from client
[27Oct2025 16:29:56.634] [Server thread/DEBUG] [net.minecraftforge.network.HandshakeHandler/FMLHANDSHAKE]: Sending ticking packet info 'Registry forge:fluid_type' to 'fml:handshake' sequence 12
[27Oct2025 16:29:56.684] [Server thread/DEBUG] [net.minecraftforge.network.HandshakeHandler/FMLHANDSHAKE]: Sending ticking packet info 'Registry minecraft:block_entity_type' to 'fml:handshake' sequence 13
[27Oct2025 16:29:56.688] [Netty Epoll Server IO #2/DEBUG] [net.minecraftforge.network.LoginWrapper/FMLHANDSHAKE]: Recieved login wrapper packet event for channel fml:handshake with index 12
[27Oct2025 16:29:56.688] [Netty Epoll Server IO #2/DEBUG] [net.minecraftforge.network.HandshakeHandler/FMLHANDSHAKE]: Received client indexed reply 12 of type net.minecraftforge.network.HandshakeMessages$C2SAcknowledge
[27Oct2025 16:29:56.688] [Netty Epoll Server IO #2/DEBUG] [net.minecraftforge.network.HandshakeHandler/FMLHANDSHAKE]: Received acknowledgement from client
[27Oct2025 16:29:56.734] [Server thread/DEBUG] [net.minecraftforge.network.HandshakeHandler/FMLHANDSHAKE]: Sending ticking packet info 'Registry forge:display_contexts' to 'fml:handshake' sequence 14
[27Oct2025 16:29:56.738] [Netty Epoll Server IO #2/DEBUG] [net.minecraftforge.network.LoginWrapper/FMLHANDSHAKE]: Recieved login wrapper packet event for channel fml:handshake with index 13
[27Oct2025 16:29:56.738] [Netty Epoll Server IO #2/DEBUG] [net.minecraftforge.network.HandshakeHandler/FMLHANDSHAKE]: Received client indexed reply 13 of type net.minecraftforge.network.HandshakeMessages$C2SAcknowledge
[27Oct2025 16:29:56.738] [Netty Epoll Server IO #2/DEBUG] [net.minecraftforge.network.HandshakeHandler/FMLHANDSHAKE]: Received acknowledgement from client
[27Oct2025 16:29:56.784] [Server thread/DEBUG] [net.minecraftforge.network.HandshakeHandler/FMLHANDSHAKE]: Sending ticking packet info 'Registry minecraft:block' to 'fml:handshake' sequence 15
[27Oct2025 16:29:56.788] [Netty Epoll Server IO #2/DEBUG] [net.minecraftforge.network.LoginWrapper/FMLHANDSHAKE]: Recieved login wrapper packet event for channel fml:handshake with index 14
[27Oct2025 16:29:56.788] [Netty Epoll Server IO #2/DEBUG] [net.minecraftforge.network.HandshakeHandler/FMLHANDSHAKE]: Received client indexed reply 14 of type net.minecraftforge.network.HandshakeMessages$C2SAcknowledge
[27Oct2025 16:29:56.788] [Netty Epoll Server IO #2/DEBUG] [net.minecraftforge.network.HandshakeHandler/FMLHANDSHAKE]: Received acknowledgement from client
[27Oct2025 16:29:56.834] [Server thread/DEBUG] [net.minecraftforge.network.HandshakeHandler/FMLHANDSHAKE]: Sending ticking packet info 'Registry cuffed:restraints' to 'fml:handshake' sequence 16
[27Oct2025 16:29:56.872] [Netty Epoll Server IO #2/DEBUG] [net.minecraftforge.network.LoginWrapper/FMLHANDSHAKE]: Recieved login wrapper packet event for channel fml:handshake with index 15
[27Oct2025 16:29:56.872] [Netty Epoll Server IO #2/DEBUG] [net.minecraftforge.network.HandshakeHandler/FMLHANDSHAKE]: Received client indexed reply 15 of type net.minecraftforge.network.HandshakeMessages$C2SAcknowledge
[27Oct2025 16:29:56.872] [Netty Epoll Server IO #2/DEBUG] [net.minecraftforge.network.HandshakeHandler/FMLHANDSHAKE]: Received acknowledgement from client
[27Oct2025 16:29:56.879] [Netty Epoll Server IO #2/DEBUG] [net.minecraftforge.network.LoginWrapper/FMLHANDSHAKE]: Recieved login wrapper packet event for channel fml:handshake with index 16
[27Oct2025 16:29:56.879] [Netty Epoll Server IO #2/DEBUG] [net.minecraftforge.network.HandshakeHandler/FMLHANDSHAKE]: Received client indexed reply 16 of type net.minecraftforge.network.HandshakeMessages$C2SAcknowledge
[27Oct2025 16:29:56.879] [Netty Epoll Server IO #2/DEBUG] [net.minecraftforge.network.HandshakeHandler/FMLHANDSHAKE]: Received acknowledgement from client
[27Oct2025 16:29:56.884] [Server thread/DEBUG] [net.minecraftforge.network.HandshakeHandler/FMLHANDSHAKE]: Sending ticking packet info 'Registry forge:entity_data_serializers' to 'fml:handshake' sequence 17
[27Oct2025 16:29:56.934] [Server thread/DEBUG] [net.minecraftforge.network.HandshakeHandler/FMLHANDSHAKE]: Sending ticking packet info 'Registry minecraft:mob_effect' to 'fml:handshake' sequence 18
[27Oct2025 16:29:56.938] [Netty Epoll Server IO #2/DEBUG] [net.minecraftforge.network.LoginWrapper/FMLHANDSHAKE]: Recieved login wrapper packet event for channel fml:handshake with index 17
[27Oct2025 16:29:56.938] [Netty Epoll Server IO #2/DEBUG] [net.minecraftforge.network.HandshakeHandler/FMLHANDSHAKE]: Received client indexed reply 17 of type net.minecraftforge.network.HandshakeMessages$C2SAcknowledge
[27Oct2025 16:29:56.938] [Netty Epoll Server IO #2/DEBUG] [net.minecraftforge.network.HandshakeHandler/FMLHANDSHAKE]: Received acknowledgement from client
[27Oct2025 16:29:56.978] [Netty Epoll Server IO #2/DEBUG] [net.minecraftforge.network.LoginWrapper/FMLHANDSHAKE]: Recieved login wrapper packet event for channel fml:handshake with index 18
[27Oct2025 16:29:56.978] [Netty Epoll Server IO #2/DEBUG] [net.minecraftforge.network.HandshakeHandler/FMLHANDSHAKE]: Received client indexed reply 18 of type net.minecraftforge.network.HandshakeMessages$C2SAcknowledge
[27Oct2025 16:29:56.978] [Netty Epoll Server IO #2/DEBUG] [net.minecraftforge.network.HandshakeHandler/FMLHANDSHAKE]: Received acknowledgement from client
[27Oct2025 16:29:56.984] [Server thread/DEBUG] [net.minecraftforge.network.HandshakeHandler/FMLHANDSHAKE]: Sending ticking packet info 'Registry minecraft:stat_type' to 'fml:handshake' sequence 19
[27Oct2025 16:29:57.034] [Server thread/DEBUG] [net.minecraftforge.network.HandshakeHandler/FMLHANDSHAKE]: Sending ticking packet info 'Registry minecraft:menu' to 'fml:handshake' sequence 20
[27Oct2025 16:29:57.038] [Netty Epoll Server IO #2/DEBUG] [net.minecraftforge.network.LoginWrapper/FMLHANDSHAKE]: Recieved login wrapper packet event for channel fml:handshake with index 19
[27Oct2025 16:29:57.038] [Netty Epoll Server IO #2/DEBUG] [net.minecraftforge.network.HandshakeHandler/FMLHANDSHAKE]: Received client indexed reply 19 of type net.minecraftforge.network.HandshakeMessages$C2SAcknowledge
[27Oct2025 16:29:57.038] [Netty Epoll Server IO #2/DEBUG] [net.minecraftforge.network.HandshakeHandler/FMLHANDSHAKE]: Received acknowledgement from client
[27Oct2025 16:29:57.078] [Netty Epoll Server IO #2/DEBUG] [net.minecraftforge.network.LoginWrapper/FMLHANDSHAKE]: Recieved login wrapper packet event for channel fml:handshake with index 20
[27Oct2025 16:29:57.078] [Netty Epoll Server IO #2/DEBUG] [net.minecraftforge.network.HandshakeHandler/FMLHANDSHAKE]: Received client indexed reply 20 of type net.minecraftforge.network.HandshakeMessages$C2SAcknowledge
[27Oct2025 16:29:57.078] [Netty Epoll Server IO #2/DEBUG] [net.minecraftforge.network.HandshakeHandler/FMLHANDSHAKE]: Received acknowledgement from client
[27Oct2025 16:29:57.084] [Server thread/DEBUG] [net.minecraftforge.network.HandshakeHandler/FMLHANDSHAKE]: Sending ticking packet info 'Registry minecraft:enchantment' to 'fml:handshake' sequence 21
[27Oct2025 16:29:57.128] [Netty Epoll Server IO #2/DEBUG] [net.minecraftforge.network.LoginWrapper/FMLHANDSHAKE]: Recieved login wrapper packet event for channel fml:handshake with index 21
[27Oct2025 16:29:57.128] [Netty Epoll Server IO #2/DEBUG] [net.minecraftforge.network.HandshakeHandler/FMLHANDSHAKE]: Received client indexed reply 21 of type net.minecraftforge.network.HandshakeMessages$C2SAcknowledge
[27Oct2025 16:29:57.128] [Netty Epoll Server IO #2/DEBUG] [net.minecraftforge.network.HandshakeHandler/FMLHANDSHAKE]: Received acknowledgement from client
[27Oct2025 16:29:57.134] [Server thread/DEBUG] [net.minecraftforge.network.HandshakeHandler/FMLHANDSHAKE]: Sending ticking packet info 'Registry minecraft:fluid' to 'fml:handshake' sequence 22
[27Oct2025 16:29:57.178] [Netty Epoll Server IO #2/DEBUG] [net.minecraftforge.network.LoginWrapper/FMLHANDSHAKE]: Recieved login wrapper packet event for channel fml:handshake with index 22
[27Oct2025 16:29:57.178] [Netty Epoll Server IO #2/DEBUG] [net.minecraftforge.network.HandshakeHandler/FMLHANDSHAKE]: Received client indexed reply 22 of type net.minecraftforge.network.HandshakeMessages$C2SAcknowledge
[27Oct2025 16:29:57.178] [Netty Epoll Server IO #2/DEBUG] [net.minecraftforge.network.HandshakeHandler/FMLHANDSHAKE]: Received acknowledgement from client
[27Oct2025 16:29:57.184] [Server thread/DEBUG] [net.minecraftforge.network.HandshakeHandler/FMLHANDSHAKE]: Sending ticking packet info 'Registry minecraft:entity_type' to 'fml:handshake' sequence 23
[27Oct2025 16:29:57.234] [Server thread/DEBUG] [net.minecraftforge.network.HandshakeHandler/FMLHANDSHAKE]: Sending ticking packet info 'Config camera-server.toml' to 'fml:handshake' sequence 24
[27Oct2025 16:29:57.284] [Server thread/DEBUG] [net.minecraftforge.network.HandshakeHandler/FMLHANDSHAKE]: Sending ticking packet info 'Config locks-server.toml' to 'fml:handshake' sequence 25
[27Oct2025 16:29:57.288] [Netty Epoll Server IO #2/DEBUG] [net.minecraftforge.network.LoginWrapper/FMLHANDSHAKE]: Recieved login wrapper packet event for channel fml:handshake with index 23
[27Oct2025 16:29:57.288] [Netty Epoll Server IO #2/DEBUG] [net.minecraftforge.network.HandshakeHandler/FMLHANDSHAKE]: Received client indexed reply 23 of type net.minecraftforge.network.HandshakeMessages$C2SAcknowledge
[27Oct2025 16:29:57.288] [Netty Epoll Server IO #2/DEBUG] [net.minecraftforge.network.HandshakeHandler/FMLHANDSHAKE]: Received acknowledgement from client
[27Oct2025 16:29:57.288] [Netty Epoll Server IO #2/DEBUG] [net.minecraftforge.network.LoginWrapper/FMLHANDSHAKE]: Recieved login wrapper packet event for channel fml:handshake with index 24
[27Oct2025 16:29:57.288] [Netty Epoll Server IO #2/DEBUG] [net.minecraftforge.network.HandshakeHandler/FMLHANDSHAKE]: Received client indexed reply 24 of type net.minecraftforge.network.HandshakeMessages$C2SAcknowledge
[27Oct2025 16:29:57.288] [Netty Epoll Server IO #2/DEBUG] [net.minecraftforge.network.HandshakeHandler/FMLHANDSHAKE]: Received acknowledgement from client
[27Oct2025 16:29:57.334] [Server thread/DEBUG] [net.minecraftforge.network.HandshakeHandler/FMLHANDSHAKE]: Sending ticking packet info 'Config curios-server.toml' to 'fml:handshake' sequence 26
[27Oct2025 16:29:57.338] [Netty Epoll Server IO #2/DEBUG] [net.minecraftforge.network.LoginWrapper/FMLHANDSHAKE]: Recieved login wrapper packet event for channel fml:handshake with index 25
[27Oct2025 16:29:57.338] [Netty Epoll Server IO #2/DEBUG] [net.minecraftforge.network.HandshakeHandler/FMLHANDSHAKE]: Received client indexed reply 25 of type net.minecraftforge.network.HandshakeMessages$C2SAcknowledge
[27Oct2025 16:29:57.338] [Netty Epoll Server IO #2/DEBUG] [net.minecraftforge.network.HandshakeHandler/FMLHANDSHAKE]: Received acknowledgement from client
[27Oct2025 16:29:57.378] [Netty Epoll Server IO #2/DEBUG] [net.minecraftforge.network.LoginWrapper/FMLHANDSHAKE]: Recieved login wrapper packet event for channel fml:handshake with index 26
[27Oct2025 16:29:57.378] [Netty Epoll Server IO #2/DEBUG] [net.minecraftforge.network.HandshakeHandler/FMLHANDSHAKE]: Received client indexed reply 26 of type net.minecraftforge.network.HandshakeMessages$C2SAcknowledge
[27Oct2025 16:29:57.378] [Netty Epoll Server IO #2/DEBUG] [net.minecraftforge.network.HandshakeHandler/FMLHANDSHAKE]: Received acknowledgement from client
[27Oct2025 16:29:57.384] [Server thread/DEBUG] [net.minecraftforge.network.HandshakeHandler/FMLHANDSHAKE]: Sending ticking packet info 'Config jeg-server.toml' to 'fml:handshake' sequence 27
[27Oct2025 16:29:57.434] [Server thread/DEBUG] [net.minecraftforge.network.HandshakeHandler/FMLHANDSHAKE]: Sending ticking packet info 'Config cuffed-server.toml' to 'fml:handshake' sequence 28
[27Oct2025 16:29:57.439] [Netty Epoll Server IO #2/DEBUG] [net.minecraftforge.network.LoginWrapper/FMLHANDSHAKE]: Recieved login wrapper packet event for channel fml:handshake with index 27
[27Oct2025 16:29:57.439] [Netty Epoll Server IO #2/DEBUG] [net.minecraftforge.network.HandshakeHandler/FMLHANDSHAKE]: Received client indexed reply 27 of type net.minecraftforge.network.HandshakeMessages$C2SAcknowledge
[27Oct2025 16:29:57.439] [Netty Epoll Server IO #2/DEBUG] [net.minecraftforge.network.HandshakeHandler/FMLHANDSHAKE]: Received acknowledgement from client
[27Oct2025 16:29:57.484] [Server thread/DEBUG] [net.minecraftforge.network.HandshakeHandler/FMLHANDSHAKE]: Sending ticking packet info 'Config forge-server.toml' to 'fml:handshake' sequence 29
[27Oct2025 16:29:57.508] [Netty Epoll Server IO #2/DEBUG] [net.minecraftforge.network.LoginWrapper/FMLHANDSHAKE]: Recieved login wrapper packet event for channel fml:handshake with index 28
[27Oct2025 16:29:57.508] [Netty Epoll Server IO #2/DEBUG] [net.minecraftforge.network.HandshakeHandler/FMLHANDSHAKE]: Received client indexed reply 28 of type net.minecraftforge.network.HandshakeMessages$C2SAcknowledge
[27Oct2025 16:29:57.508] [Netty Epoll Server IO #2/DEBUG] [net.minecraftforge.network.HandshakeHandler/FMLHANDSHAKE]: Received acknowledgement from client
[27Oct2025 16:29:57.528] [Netty Epoll Server IO #2/DEBUG] [net.minecraftforge.network.LoginWrapper/FMLHANDSHAKE]: Recieved login wrapper packet event for channel fml:handshake with index 29
[27Oct2025 16:29:57.528] [Netty Epoll Server IO #2/DEBUG] [net.minecraftforge.network.HandshakeHandler/FMLHANDSHAKE]: Received client indexed reply 29 of type net.minecraftforge.network.HandshakeMessages$C2SAcknowledge
[27Oct2025 16:29:57.528] [Netty Epoll Server IO #2/DEBUG] [net.minecraftforge.network.HandshakeHandler/FMLHANDSHAKE]: Received acknowledgement from client
[27Oct2025 16:29:57.534] [Server thread/DEBUG] [net.minecraftforge.network.HandshakeHandler/FMLHANDSHAKE]: Handshake complete!
[27Oct2025 16:29:57.586] [Netty Epoll Server IO #2/DEBUG] [mixin/]: Mixing CompressionDecoderMixin from connectivity.mixins.json into net.minecraft.network.CompressionDecoder
[27Oct2025 16:29:57.590] [Netty Epoll Server IO #2/DEBUG] [mixin/]: Mixing CompressionEncoderMixin from connectivity.mixins.json into net.minecraft.network.CompressionEncoder
[27Oct2025 16:29:57.631] [Server thread/INFO] [com.teampotato.redirector.Redirector/]: Redirecting com/lazrproductions/cuffed/entity/base/IPrivacyOperand$PrivacyRestriction
[27Oct2025 16:29:57.636] [Server thread/INFO] [net.minecraft.server.players.PlayerList/]: Imranack[/127.110.172.72:60215] logged in with entity id 720 at (177.87309937253386, 65.0, 193.6768735660761)
[27Oct2025 16:29:57.640] [Server thread/INFO] [com.teampotato.redirector.Redirector/]: Redirecting net/minecraftforge/network/filters/VanillaPacketSplitter$RemoteCompatibility
[27Oct2025 16:29:57.641] [Server thread/DEBUG] [net.minecraftforge.network.filters.NetworkFilters/]: Injected net.minecraftforge.network.filters.ForgeConnectionNetworkFilter@665d8386 into net.minecraft.network.Connection@328babf2
[27Oct2025 16:29:57.647] [Server thread/INFO] [com.teampotato.redirector.Redirector/]: Redirecting net/minecraft/world/entity/monster/SpellcasterIllager$IllagerSpell
[27Oct2025 16:29:57.651] [Server thread/INFO] [com.teampotato.redirector.Redirector/]: Redirecting net/minecraft/world/entity/monster/Phantom$AttackPhase
[27Oct2025 16:29:57.651] [Server thread/INFO] [com.teampotato.redirector.Redirector/]: Redirecting ttv/migami/jeg/entity/monster/phantom/gunner/PhantomGunner$AttackPhase
[27Oct2025 16:29:57.653] [Server thread/INFO] [com.teampotato.redirector.Redirector/]: Redirecting ttv/migami/jeg/entity/monster/phantom/terror/TerrorPhantom$AttackPhase
[27Oct2025 16:29:57.655] [Server thread/DEBUG] [ModernFix/]: Sending ID correction packet to client with 68 classes
[27Oct2025 16:29:57.660] [Server thread/INFO] [ModernFix/]: Using enhanced recipe sync for player Imranack
[27Oct2025 16:29:57.709] [Server thread/INFO] [net.minecraft.server.MinecraftServer/]: Imranack joined the game
[27Oct2025 16:29:57.710] [Server thread/INFO] [com.teampotato.redirector.Redirector/]: Redirecting net/minecraft/world/entity/RelativeMovement
[27Oct2025 16:29:57.816] [Server thread/INFO] [Devices Mod/]: Player logged in: literal{Imranack}
[27Oct2025 16:29:57.819] [Server thread/INFO] [com.teampotato.redirector.Redirector/]: Redirecting net/razorplay/invview_forge/util/InventoryLockManager$InventoryType
[27Oct2025 16:29:57.891] [Server thread/INFO] [com.teampotato.redirector.Redirector/]: Redirecting net/minecraft/server/advancements/AdvancementVisibilityEvaluator$VisibilityRule
[27Oct2025 16:29:57.909] [Server thread/INFO] [com.teampotato.redirector.Redirector/]: Redirecting ttv/migami/jeg/item/attachment/IAttachment$Type
[27Oct2025 16:29:57.948] [Netty Epoll Server IO #2/INFO] [com.teampotato.redirector.Redirector/]: Redirecting net/minecraftforge/network/NetworkEvent$RegistrationChangeType
[27Oct2025 16:29:58.029] [Server thread/ERROR] [mts/]: MTSERROR: Failed to load entity on builder from saved NBT.  Did a pack change?
[27Oct2025 16:29:58.030] [Server thread/ERROR] [mts/]: MTSERROR: Cannot invoke "minecrafttransportsimulator.items.components.IItemEntityProvider$IItemEntityFactory.restoreEntityFromData(minecrafttransportsimulator.mcinterface.AWrapperWorld, minecrafttransportsimulator.mcinterface.IWrapperNBT)" because the return value of "java.util.Map.get(Object)" is null
[27Oct2025 16:30:04.684] [Server thread/INFO] [net.minecraft.server.MinecraftServer/]: [Imranack: Set own game mode to Creative Mode]
[27Oct2025 16:30:05.336] [Server thread/INFO] [com.teampotato.redirector.Redirector/]: Redirecting net/minecraft/world/level/block/RenderShape
[27Oct2025 16:30:06.786] [Server thread/INFO] [com.teampotato.redirector.Redirector/]: Redirecting net/minecraft/world/item/UseAnim
[27Oct2025 16:30:18.183] [Worker-ResourceReload-1/DEBUG] [ModernFix/]: Worker-ResourceReload-1 shutdown
[27Oct2025 16:31:18.183] [Worker-ResourceReload-0/DEBUG] [ModernFix/]: Worker-ResourceReload-0 shutdown
[27Oct2025 16:31:55.889] [Server thread/INFO] [com.teampotato.redirector.Redirector/]: Redirecting net/minecraft/network/protocol/game/ClientboundSetPlayerTeamPacket$Action
[27Oct2025 16:31:55.890] [Server thread/INFO] [net.minecraft.server.MinecraftServer/]: [Imranack: Added Imranack to team [Police_Chef]]
[27Oct2025 16:32:18.183] [Worker-ResourceReload-2/DEBUG] [ModernFix/]: Worker-ResourceReload-2 shutdown
[27Oct2025 16:34:09.113] [Server thread/DEBUG] [net.minecraftforge.common.ForgeHooks/WP]: Gathering id map for writing to world save Matsuhama
[27Oct2025 16:34:09.128] [Server thread/DEBUG] [net.minecraftforge.common.ForgeHooks/WP]: ID Map collection complete Matsuhama
[27Oct2025 16:34:13.137] [Server thread/DEBUG] [net.minecraftforge.server.ServerLifecycleHooks/CORE]: Generating PackInfo named mod:smoothchunk for mod file /workspaces/Marbella/servidor_minecraft/mods/smoothchunk-1.20.1-4.1.jar
[27Oct2025 16:34:13.137] [Server thread/DEBUG] [net.minecraftforge.server.ServerLifecycleHooks/CORE]: Generating PackInfo named mod:cuffed for mod file /workspaces/Marbella/servidor_minecraft/mods/Cuffed-1.20.1-1.3.9.jar
[27Oct2025 16:34:13.137] [Server thread/DEBUG] [net.minecraftforge.server.ServerLifecycleHooks/CORE]: Generating PackInfo named mod:eyemod for mod file /workspaces/Marbella/servidor_minecraft/mods/eyemod-3.0.0.jar
[27Oct2025 16:34:13.137] [Server thread/DEBUG] [net.minecraftforge.server.ServerLifecycleHooks/CORE]: Generating PackInfo named mod:bh for mod file /workspaces/Marbella/servidor_minecraft/mods/asphalt cars 0.1.0 for 1.18.2x.jar
[27Oct2025 16:34:13.138] [Server thread/DEBUG] [net.minecraftforge.server.ServerLifecycleHooks/CORE]: Generating PackInfo named mod:geckolib for mod file /workspaces/Marbella/servidor_minecraft/mods/geckolib-forge-1.20.1-4.8.2.jar
[27Oct2025 16:34:13.138] [Server thread/DEBUG] [net.minecraftforge.server.ServerLifecycleHooks/CORE]: Generating PackInfo named mod:culllessleaves for mod file /workspaces/Marbella/servidor_minecraft/mods/CullLessLeaves-Reforged-1.20.1-1.0.5.jar
[27Oct2025 16:34:13.138] [Server thread/DEBUG] [net.minecraftforge.server.ServerLifecycleHooks/CORE]: Generating PackInfo named mod:creativecore for mod file /workspaces/Marbella/servidor_minecraft/mods/CreativeCore_FORGE_v2.12.32_mc1.20.1.jar
[27Oct2025 16:34:13.138] [Server thread/DEBUG] [net.minecraftforge.server.ServerLifecycleHooks/CORE]: Generating PackInfo named mod:locks for mod file /workspaces/Marbella/servidor_minecraft/mods/Locks-Unoffical-forge-1.20.1-1.2.4.jar
[27Oct2025 16:34:13.138] [Server thread/DEBUG] [net.minecraftforge.server.ServerLifecycleHooks/CORE]: Generating PackInfo named mod:jeg for mod file /workspaces/Marbella/servidor_minecraft/mods/JustEnoughGuns-0.13.2-1.20.1.jar
[27Oct2025 16:34:13.138] [Server thread/DEBUG] [net.minecraftforge.server.ServerLifecycleHooks/CORE]: Generating PackInfo named mod:itemproductionlib for mod file /workspaces/Marbella/servidor_minecraft/mods/ItemProductionLib-1.20.1-1.0.2a-all.jar
[27Oct2025 16:34:13.138] [Server thread/DEBUG] [net.minecraftforge.server.ServerLifecycleHooks/CORE]: Generating PackInfo named mod:fcl for mod file /workspaces/Marbella/servidor_minecraft/mods/fcl-20.33.jar
[27Oct2025 16:34:13.138] [Server thread/DEBUG] [net.minecraftforge.server.ServerLifecycleHooks/CORE]: Generating PackInfo named mod:attributefix for mod file /workspaces/Marbella/servidor_minecraft/mods/AttributeFix-Forge-1.20.1-21.0.4.jar
[27Oct2025 16:34:13.139] [Server thread/DEBUG] [net.minecraftforge.server.ServerLifecycleHooks/CORE]: Generating PackInfo named mod:faz_roleplay_plus for mod file /workspaces/Marbella/servidor_minecraft/mods/FazRoleplayClothes-1.20.1-2.1.jar
[27Oct2025 16:34:13.139] [Server thread/DEBUG] [net.minecraftforge.server.ServerLifecycleHooks/CORE]: Generating PackInfo named mod:connectivity for mod file /workspaces/Marbella/servidor_minecraft/mods/connectivity-1.20.1-7.2.jar
[27Oct2025 16:34:13.139] [Server thread/DEBUG] [net.minecraftforge.server.ServerLifecycleHooks/CORE]: Generating PackInfo named mod:casinocraft for mod file /workspaces/Marbella/servidor_minecraft/mods/CasinoCraft_1.20.1_v25.jar
[27Oct2025 16:34:13.139] [Server thread/DEBUG] [net.minecraftforge.server.ServerLifecycleHooks/CORE]: Generating PackInfo named mod:betterfpsdist for mod file /workspaces/Marbella/servidor_minecraft/mods/betterfpsdist-1.20.1-6.0.jar
[27Oct2025 16:34:13.139] [Server thread/DEBUG] [net.minecraftforge.server.ServerLifecycleHooks/CORE]: Generating PackInfo named mod:saros__money_mod for mod file /workspaces/Marbella/servidor_minecraft/mods/Saros-Money-Mod.1.20.1-3.5.5.jar
[27Oct2025 16:34:13.139] [Server thread/DEBUG] [net.minecraftforge.server.ServerLifecycleHooks/CORE]: Generating PackInfo named mod:curios for mod file /workspaces/Marbella/servidor_minecraft/mods/curios-forge-5.14.1+1.20.1 (1).jar
[27Oct2025 16:34:13.139] [Server thread/DEBUG] [net.minecraftforge.server.ServerLifecycleHooks/CORE]: Generating PackInfo named mod:lexiconfig for mod file /workspaces/Marbella/servidor_minecraft/mods/lexiconfig-forge-1.4.18-1.jar
[27Oct2025 16:34:13.139] [Server thread/DEBUG] [net.minecraftforge.server.ServerLifecycleHooks/CORE]: Generating PackInfo named mod:modernfurniture for mod file /workspaces/Marbella/servidor_minecraft/mods/modernfurniture-e5-x128-forge-1.20.1.jar
[27Oct2025 16:34:13.140] [Server thread/DEBUG] [net.minecraftforge.server.ServerLifecycleHooks/CORE]: Generating PackInfo named mod:camera for mod file /workspaces/Marbella/servidor_minecraft/mods/camera-forge-1.20.1-1.0.20.jar
[27Oct2025 16:34:13.140] [Server thread/DEBUG] [net.minecraftforge.server.ServerLifecycleHooks/CORE]: Generating PackInfo named mod:modernfix for mod file /workspaces/Marbella/servidor_minecraft/mods/modernfix-forge-5.24.4+mc1.20.1 (1).jar
[27Oct2025 16:34:13.140] [Server thread/DEBUG] [net.minecraftforge.server.ServerLifecycleHooks/CORE]: Generating PackInfo named mod:brcc for mod file /workspaces/Marbella/servidor_minecraft/mods/BRCC 1.0.5 1.16.5-1.20.1.jar
[27Oct2025 16:34:13.140] [Server thread/DEBUG] [net.minecraftforge.server.ServerLifecycleHooks/CORE]: Generating PackInfo named mod:inv_view_forge for mod file /workspaces/Marbella/servidor_minecraft/mods/inv_view_forge-2.1.0-1.20.1.jar
[27Oct2025 16:34:13.140] [Server thread/DEBUG] [net.minecraftforge.server.ServerLifecycleHooks/CORE]: Generating PackInfo named mod:mixinextras for mod file 
[27Oct2025 16:34:13.140] [Server thread/DEBUG] [net.minecraftforge.server.ServerLifecycleHooks/CORE]: Generating PackInfo named mod:lucky77 for mod file /workspaces/Marbella/servidor_minecraft/mods/Lucky77_1.20.1_v04.jar
[27Oct2025 16:34:13.140] [Server thread/DEBUG] [net.minecraftforge.server.ServerLifecycleHooks/CORE]: Generating PackInfo named mod:devices for mod file /workspaces/Marbella/servidor_minecraft/mods/devices-forge-0.8.4.jar
[27Oct2025 16:34:13.140] [Server thread/DEBUG] [net.minecraftforge.server.ServerLifecycleHooks/CORE]: Generating PackInfo named mod:bookshelf for mod file /workspaces/Marbella/servidor_minecraft/mods/Bookshelf-Forge-1.20.1-20.2.13.jar
[27Oct2025 16:34:13.140] [Server thread/DEBUG] [net.minecraftforge.server.ServerLifecycleHooks/CORE]: Generating PackInfo named mod:customnpcs for mod file /workspaces/Marbella/servidor_minecraft/mods/CustomNPCs-1.20.1-GBPort-Unofficial-20250830.jar
[27Oct2025 16:34:13.141] [Server thread/DEBUG] [net.minecraftforge.server.ServerLifecycleHooks/CORE]: Generating PackInfo named mod:starlight for mod file /workspaces/Marbella/servidor_minecraft/mods/starlight-1.1.2+forge.1cda73c.jar
[27Oct2025 16:34:13.141] [Server thread/DEBUG] [net.minecraftforge.server.ServerLifecycleHooks/CORE]: Generating PackInfo named mod:architectury for mod file /workspaces/Marbella/servidor_minecraft/mods/architectury-9.2.14-forge.jar
[27Oct2025 16:34:13.141] [Server thread/DEBUG] [net.minecraftforge.server.ServerLifecycleHooks/CORE]: Generating PackInfo named mod:ftblibrary for mod file /workspaces/Marbella/servidor_minecraft/mods/ftb-library-forge-2001.2.10.jar
[27Oct2025 16:34:13.141] [Server thread/DEBUG] [net.minecraftforge.server.ServerLifecycleHooks/CORE]: Generating PackInfo named mod:ferritecore for mod file /workspaces/Marbella/servidor_minecraft/mods/ferritecore-6.0.1-forge (1).jar
[27Oct2025 16:34:13.141] [Server thread/DEBUG] [net.minecraftforge.server.ServerLifecycleHooks/CORE]: Generating PackInfo named mod:mts for mod file /workspaces/Marbella/servidor_minecraft/mods/Immersive Vehicles-1.20.1-22.18.0-pre.jar
[27Oct2025 16:34:13.141] [Server thread/DEBUG] [net.minecraftforge.server.ServerLifecycleHooks/CORE]: Generating PackInfo named mod:cupboard for mod file /workspaces/Marbella/servidor_minecraft/mods/cupboard-1.20.1-2.7.jar
[27Oct2025 16:34:13.141] [Server thread/DEBUG] [net.minecraftforge.server.ServerLifecycleHooks/CORE]: Generating PackInfo named mod:boxing_madness for mod file /workspaces/Marbella/servidor_minecraft/mods/boxing_madness_1.20.1.jar
[27Oct2025 16:34:13.141] [Server thread/DEBUG] [net.minecraftforge.server.ServerLifecycleHooks/CORE]: Generating PackInfo named mod:saros_road_signs_mod for mod file /workspaces/Marbella/servidor_minecraft/mods/Saros-Road-Signs-Mod-1.20.1-4.3.jar
[27Oct2025 16:34:13.141] [Server thread/DEBUG] [net.minecraftforge.server.ServerLifecycleHooks/CORE]: Generating PackInfo named mod:dtrch for mod file /workspaces/Marbella/servidor_minecraft/mods/dtrch-1.3.0-forge-1.20.1.jar
[27Oct2025 16:34:13.141] [Server thread/DEBUG] [net.minecraftforge.server.ServerLifecycleHooks/CORE]: Generating PackInfo named mod:saros_road_blocks_mod for mod file /workspaces/Marbella/servidor_minecraft/mods/Saros-Road-Blocks-Mod-1.20.1-4.0.jar
[27Oct2025 16:34:13.141] [Server thread/DEBUG] [net.minecraftforge.server.ServerLifecycleHooks/CORE]: Generating PackInfo named mod:framework for mod file /workspaces/Marbella/servidor_minecraft/mods/framework-forge-1.20.1-0.7.15 (1).jar
[27Oct2025 16:34:13.142] [Server thread/DEBUG] [net.minecraftforge.server.ServerLifecycleHooks/CORE]: Generating PackInfo named mod:forge for mod file /workspaces/Marbella/servidor_minecraft/libraries/net/minecraftforge/forge/1.20.1-47.3.7/forge-1.20.1-47.3.7-universal.jar
[27Oct2025 16:34:13.142] [Server thread/DEBUG] [net.minecraftforge.server.ServerLifecycleHooks/CORE]: Generating PackInfo named mod:lazrslib for mod file /workspaces/Marbella/servidor_minecraft/mods/Lazr's Lib-1.20-1.1.1.jar
[27Oct2025 16:34:13.142] [Server thread/DEBUG] [net.minecraftforge.server.ServerLifecycleHooks/CORE]: Generating PackInfo named mod:playerrevive for mod file /workspaces/Marbella/servidor_minecraft/mods/PlayerRevive_FORGE_v2.0.31_mc1.20.1.jar
[27Oct2025 16:34:13.142] [Server thread/INFO] [net.minecraft.server.MinecraftServer/]: Reloading!
[27Oct2025 16:34:13.150] [Server thread/DEBUG] [bookshelf/]: Rebuilding entries for bookshelf. Previous entries 1
[27Oct2025 16:34:13.150] [Server thread/DEBUG] [bookshelf/]: Built 1 Command entries. Took 0.04ms.
[27Oct2025 16:34:13.151] [Server thread/DEBUG] [bookshelf/]: Rebuilding entries for bookshelf. Previous entries 0
[27Oct2025 16:34:13.172] [Worker-ResourceReload-3/ERROR] [net.minecraft.tags.TagLoader/]: Couldn't load tag cuffed:can_reinforce_padlock as it is missing following references: minecraft:diamond_ingot (from Cuffed-1.20.1-1.3.9.jar)
[27Oct2025 16:34:13.264] [Worker-ResourceReload-3/INFO] [jeg/]: Registered gun 'jeg:abstract_gun'
[27Oct2025 16:34:13.265] [Worker-ResourceReload-3/INFO] [jeg/]: Registered gun 'jeg:assault_rifle'
[27Oct2025 16:34:13.266] [Worker-ResourceReload-3/INFO] [jeg/]: Registered gun 'jeg:atlantean_spear'
[27Oct2025 16:34:13.266] [Worker-ResourceReload-3/INFO] [jeg/]: Registered gun 'jeg:blossom_rifle'
[27Oct2025 16:34:13.267] [Worker-ResourceReload-3/INFO] [jeg/]: Registered gun 'jeg:bolt_action_rifle'
[27Oct2025 16:34:13.268] [Worker-ResourceReload-3/INFO] [jeg/]: Registered gun 'jeg:burst_rifle'
[27Oct2025 16:34:13.268] [Worker-ResourceReload-3/INFO] [jeg/]: Registered gun 'jeg:combat_pistol'
[27Oct2025 16:34:13.269] [Worker-ResourceReload-3/INFO] [jeg/]: Registered gun 'jeg:combat_rifle'
[27Oct2025 16:34:13.270] [Worker-ResourceReload-3/INFO] [jeg/]: Registered gun 'jeg:compound_bow'
[27Oct2025 16:34:13.271] [Worker-ResourceReload-3/INFO] [jeg/]: Registered gun 'jeg:custom_smg'
[27Oct2025 16:34:13.272] [Worker-ResourceReload-3/INFO] [jeg/]: Registered gun 'jeg:double_barrel_shotgun'
[27Oct2025 16:34:13.272] [Worker-ResourceReload-3/INFO] [jeg/]: Registered gun 'jeg:finger_gun'
[27Oct2025 16:34:13.273] [Worker-ResourceReload-3/INFO] [jeg/]: Registered gun 'jeg:flamethrower'
[27Oct2025 16:34:13.274] [Worker-ResourceReload-3/INFO] [jeg/]: Registered gun 'jeg:flare_gun'
[27Oct2025 16:34:13.274] [Worker-ResourceReload-3/INFO] [jeg/]: Registered gun 'jeg:grenade_launcher'
[27Oct2025 16:34:13.275] [Worker-ResourceReload-3/INFO] [jeg/]: Registered gun 'jeg:hollenfire_mk2'
[27Oct2025 16:34:13.276] [Worker-ResourceReload-3/INFO] [jeg/]: Registered gun 'jeg:holy_shotgun'
[27Oct2025 16:34:13.276] [Worker-ResourceReload-3/INFO] [jeg/]: Registered gun 'jeg:hypersonic_cannon'
[27Oct2025 16:34:13.277] [Worker-ResourceReload-3/INFO] [jeg/]: Registered gun 'jeg:infantry_rifle'
[27Oct2025 16:34:13.278] [Worker-ResourceReload-3/INFO] [jeg/]: Registered gun 'jeg:light_machine_gun'
[27Oct2025 16:34:13.278] [Worker-ResourceReload-3/INFO] [jeg/]: Registered gun 'jeg:minigun'
[27Oct2025 16:34:13.279] [Worker-ResourceReload-3/INFO] [jeg/]: Registered gun 'jeg:primitive_bow'
[27Oct2025 16:34:13.280] [Worker-ResourceReload-3/INFO] [jeg/]: Registered gun 'jeg:pump_shotgun'
[27Oct2025 16:34:13.280] [Worker-ResourceReload-3/INFO] [jeg/]: Registered gun 'jeg:repeating_shotgun'
[27Oct2025 16:34:13.281] [Worker-ResourceReload-3/INFO] [jeg/]: Registered gun 'jeg:revolver'
[27Oct2025 16:34:13.282] [Worker-ResourceReload-3/INFO] [jeg/]: Registered gun 'jeg:rocket_launcher'
[27Oct2025 16:34:13.282] [Worker-ResourceReload-3/INFO] [jeg/]: Registered gun 'jeg:semi_auto_pistol'
[27Oct2025 16:34:13.283] [Worker-ResourceReload-3/INFO] [jeg/]: Registered gun 'jeg:semi_auto_rifle'
[27Oct2025 16:34:13.284] [Worker-ResourceReload-3/INFO] [jeg/]: Registered gun 'jeg:service_rifle'
[27Oct2025 16:34:13.285] [Worker-ResourceReload-3/INFO] [jeg/]: Registered gun 'jeg:soulhunter_mk2'
[27Oct2025 16:34:13.285] [Worker-ResourceReload-3/INFO] [jeg/]: Registered gun 'jeg:subsonic_rifle'
[27Oct2025 16:34:13.286] [Worker-ResourceReload-3/INFO] [jeg/]: Registered gun 'jeg:supersonic_shotgun'
[27Oct2025 16:34:13.286] [Worker-ResourceReload-3/INFO] [jeg/]: Registered gun 'jeg:typhoonee'
[27Oct2025 16:34:13.287] [Worker-ResourceReload-3/INFO] [jeg/]: Registered gun 'jeg:waterpipe_shotgun'
[27Oct2025 16:34:13.288] [Worker-ResourceReload-3/INFO] [jeg/]: Registered gun 'jeg_cfg:vindicator_smg'
[27Oct2025 16:34:13.289] [Worker-ResourceReload-3/INFO] [jeg/]: Registered gun 'jeg_cfg:primitive_blowpipe'
[27Oct2025 16:34:13.289] [Worker-ResourceReload-3/INFO] [jeg/]: Registered gun 'jeg_cfg:fire_sweeper'
[27Oct2025 16:34:13.368] [Server thread/ERROR] [net.minecraft.world.item.crafting.RecipeManager/]: Parsing error loading recipe devices:office_chair/silver: com.google.gson.JsonSyntaxException: Unknown item 'minecraft:wool'
[27Oct2025 16:34:13.371] [Server thread/ERROR] [net.minecraft.world.item.crafting.RecipeManager/]: Parsing error loading recipe devices:office_chair/red: com.google.gson.JsonSyntaxException: Unknown item 'minecraft:concrete'
[27Oct2025 16:34:13.371] [Server thread/ERROR] [net.minecraft.world.item.crafting.RecipeManager/]: Parsing error loading recipe devices:office_chair/magenta: com.google.gson.JsonSyntaxException: Unknown item 'minecraft:concrete'
[27Oct2025 16:34:13.373] [Server thread/ERROR] [net.minecraft.world.item.crafting.RecipeManager/]: Parsing error loading recipe devices:office_chair/gray: com.google.gson.JsonSyntaxException: Unknown item 'minecraft:concrete'
[27Oct2025 16:34:13.375] [Server thread/ERROR] [net.minecraft.world.item.crafting.RecipeManager/]: Parsing error loading recipe devices:office_chair/cyan: com.google.gson.JsonSyntaxException: Unknown item 'minecraft:concrete'
[27Oct2025 16:34:13.381] [Server thread/ERROR] [net.minecraft.world.item.crafting.RecipeManager/]: Parsing error loading recipe devices:office_chair/white: com.google.gson.JsonSyntaxException: Unknown item 'minecraft:wool'
[27Oct2025 16:34:13.382] [Server thread/ERROR] [net.minecraft.world.item.crafting.RecipeManager/]: Parsing error loading recipe devices:office_chair/purple: com.google.gson.JsonSyntaxException: Unknown item 'minecraft:concrete'
[27Oct2025 16:34:13.382] [Server thread/ERROR] [net.minecraft.world.item.crafting.RecipeManager/]: Parsing error loading recipe devices:office_chair/lime: com.google.gson.JsonSyntaxException: Unknown item 'minecraft:concrete'
[27Oct2025 16:34:13.383] [Server thread/ERROR] [net.minecraft.world.item.crafting.RecipeManager/]: Parsing error loading recipe devices:office_chair/yellow: com.google.gson.JsonSyntaxException: Unknown item 'minecraft:wool'
[27Oct2025 16:34:13.383] [Server thread/ERROR] [net.minecraft.world.item.crafting.RecipeManager/]: Parsing error loading recipe devices:office_chair/blue: com.google.gson.JsonSyntaxException: Unknown item 'minecraft:concrete'
[27Oct2025 16:34:13.385] [Server thread/ERROR] [net.minecraft.world.item.crafting.RecipeManager/]: Parsing error loading recipe dtrch:emr_summer_armor_helmet_recipe: com.google.gson.JsonSyntaxException: Unknown item 'dtrch:emr_summer_armor_helmet'
[27Oct2025 16:34:13.385] [Server thread/ERROR] [net.minecraft.world.item.crafting.RecipeManager/]: Parsing error loading recipe devices:office_chair/pink: com.google.gson.JsonSyntaxException: Unknown item 'minecraft:ping_wool'
[27Oct2025 16:34:13.386] [Server thread/ERROR] [net.minecraft.world.item.crafting.RecipeManager/]: Parsing error loading recipe cuffed:information_booklet: com.google.gson.JsonSyntaxException: Unknown item 'cuffed:information_booklet'
[27Oct2025 16:34:13.388] [Server thread/ERROR] [net.minecraft.world.item.crafting.RecipeManager/]: Parsing error loading recipe devices:office_chair/black: com.google.gson.JsonSyntaxException: Unknown item 'minecraft:concrete'
[27Oct2025 16:34:13.388] [Server thread/ERROR] [net.minecraft.world.item.crafting.RecipeManager/]: Parsing error loading recipe devices:office_chair/green: com.google.gson.JsonSyntaxException: Unknown item 'minecraft:concrete'
[27Oct2025 16:34:13.390] [Server thread/ERROR] [net.minecraft.world.item.crafting.RecipeManager/]: Parsing error loading recipe devices:office_chair/brown: com.google.gson.JsonSyntaxException: Unknown item 'minecraft:concrete'
[27Oct2025 16:34:13.392] [Server thread/ERROR] [net.minecraft.world.item.crafting.RecipeManager/]: Parsing error loading recipe devices:office_chair/orange: com.google.gson.JsonSyntaxException: Unknown item 'minecraft:concrete'
[27Oct2025 16:34:13.393] [Server thread/ERROR] [net.minecraft.world.item.crafting.RecipeManager/]: Parsing error loading recipe devices:office_chair/light_blue: com.google.gson.JsonSyntaxException: Unknown item 'minecraft:concrete'
[27Oct2025 16:34:13.393] [Server thread/INFO] [net.minecraft.world.item.crafting.RecipeManager/]: Loaded 12 recipes
[27Oct2025 16:34:13.432] [Server thread/INFO] [net.minecraft.advancements.AdvancementList/]: Loaded 1422 advancements
[27Oct2025 16:34:13.432] [Server thread/INFO] [STDOUT/]: [ttv.migami.jeg.modifier.ModifierLoader:apply:47]: Loaded 2 modifier groups
[27Oct2025 16:34:13.433] [Server thread/INFO] [top.theillusivec4.curios.Curios/]: Loaded 10 curio slots
[27Oct2025 16:34:13.434] [Server thread/INFO] [top.theillusivec4.curios.Curios/]: Loaded 1 curio entities
[27Oct2025 16:34:13.494] [Server thread/INFO] [Lexiconfig/]: Starting lexicon revision!
[27Oct2025 16:34:13.494] [Server thread/DEBUG] [Lexiconfig/]: Revising lexicon lexiconfig..
[27Oct2025 16:34:13.496] [Server thread/INFO] [Lexiconfig/]: Finished lexicon revision!
[27Oct2025 16:34:20.960] [Server thread/DEBUG] [net.minecraftforge.server.ServerLifecycleHooks/CORE]: Generating PackInfo named mod:smoothchunk for mod file /workspaces/Marbella/servidor_minecraft/mods/smoothchunk-1.20.1-4.1.jar
[27Oct2025 16:34:20.960] [Server thread/DEBUG] [net.minecraftforge.server.ServerLifecycleHooks/CORE]: Generating PackInfo named mod:cuffed for mod file /workspaces/Marbella/servidor_minecraft/mods/Cuffed-1.20.1-1.3.9.jar
[27Oct2025 16:34:20.960] [Server thread/DEBUG] [net.minecraftforge.server.ServerLifecycleHooks/CORE]: Generating PackInfo named mod:eyemod for mod file /workspaces/Marbella/servidor_minecraft/mods/eyemod-3.0.0.jar
[27Oct2025 16:34:20.960] [Server thread/DEBUG] [net.minecraftforge.server.ServerLifecycleHooks/CORE]: Generating PackInfo named mod:bh for mod file /workspaces/Marbella/servidor_minecraft/mods/asphalt cars 0.1.0 for 1.18.2x.jar
[27Oct2025 16:34:20.960] [Server thread/DEBUG] [net.minecraftforge.server.ServerLifecycleHooks/CORE]: Generating PackInfo named mod:geckolib for mod file /workspaces/Marbella/servidor_minecraft/mods/geckolib-forge-1.20.1-4.8.2.jar
[27Oct2025 16:34:20.960] [Server thread/DEBUG] [net.minecraftforge.server.ServerLifecycleHooks/CORE]: Generating PackInfo named mod:culllessleaves for mod file /workspaces/Marbella/servidor_minecraft/mods/CullLessLeaves-Reforged-1.20.1-1.0.5.jar
[27Oct2025 16:34:20.961] [Server thread/DEBUG] [net.minecraftforge.server.ServerLifecycleHooks/CORE]: Generating PackInfo named mod:creativecore for mod file /workspaces/Marbella/servidor_minecraft/mods/CreativeCore_FORGE_v2.12.32_mc1.20.1.jar
[27Oct2025 16:34:20.961] [Server thread/DEBUG] [net.minecraftforge.server.ServerLifecycleHooks/CORE]: Generating PackInfo named mod:locks for mod file /workspaces/Marbella/servidor_minecraft/mods/Locks-Unoffical-forge-1.20.1-1.2.4.jar
[27Oct2025 16:34:20.961] [Server thread/DEBUG] [net.minecraftforge.server.ServerLifecycleHooks/CORE]: Generating PackInfo named mod:jeg for mod file /workspaces/Marbella/servidor_minecraft/mods/JustEnoughGuns-0.13.2-1.20.1.jar
[27Oct2025 16:34:20.961] [Server thread/DEBUG] [net.minecraftforge.server.ServerLifecycleHooks/CORE]: Generating PackInfo named mod:itemproductionlib for mod file /workspaces/Marbella/servidor_minecraft/mods/ItemProductionLib-1.20.1-1.0.2a-all.jar
[27Oct2025 16:34:20.961] [Server thread/DEBUG] [net.minecraftforge.server.ServerLifecycleHooks/CORE]: Generating PackInfo named mod:fcl for mod file /workspaces/Marbella/servidor_minecraft/mods/fcl-20.33.jar
[27Oct2025 16:34:20.961] [Server thread/DEBUG] [net.minecraftforge.server.ServerLifecycleHooks/CORE]: Generating PackInfo named mod:attributefix for mod file /workspaces/Marbella/servidor_minecraft/mods/AttributeFix-Forge-1.20.1-21.0.4.jar
[27Oct2025 16:34:20.961] [Server thread/DEBUG] [net.minecraftforge.server.ServerLifecycleHooks/CORE]: Generating PackInfo named mod:faz_roleplay_plus for mod file /workspaces/Marbella/servidor_minecraft/mods/FazRoleplayClothes-1.20.1-2.1.jar
[27Oct2025 16:34:20.961] [Server thread/DEBUG] [net.minecraftforge.server.ServerLifecycleHooks/CORE]: Generating PackInfo named mod:connectivity for mod file /workspaces/Marbella/servidor_minecraft/mods/connectivity-1.20.1-7.2.jar
[27Oct2025 16:34:20.961] [Server thread/DEBUG] [net.minecraftforge.server.ServerLifecycleHooks/CORE]: Generating PackInfo named mod:casinocraft for mod file /workspaces/Marbella/servidor_minecraft/mods/CasinoCraft_1.20.1_v25.jar
[27Oct2025 16:34:20.961] [Server thread/DEBUG] [net.minecraftforge.server.ServerLifecycleHooks/CORE]: Generating PackInfo named mod:betterfpsdist for mod file /workspaces/Marbella/servidor_minecraft/mods/betterfpsdist-1.20.1-6.0.jar
[27Oct2025 16:34:20.961] [Server thread/DEBUG] [net.minecraftforge.server.ServerLifecycleHooks/CORE]: Generating PackInfo named mod:saros__money_mod for mod file /workspaces/Marbella/servidor_minecraft/mods/Saros-Money-Mod.1.20.1-3.5.5.jar
[27Oct2025 16:34:20.962] [Server thread/DEBUG] [net.minecraftforge.server.ServerLifecycleHooks/CORE]: Generating PackInfo named mod:curios for mod file /workspaces/Marbella/servidor_minecraft/mods/curios-forge-5.14.1+1.20.1 (1).jar
[27Oct2025 16:34:20.962] [Server thread/DEBUG] [net.minecraftforge.server.ServerLifecycleHooks/CORE]: Generating PackInfo named mod:lexiconfig for mod file /workspaces/Marbella/servidor_minecraft/mods/lexiconfig-forge-1.4.18-1.jar
[27Oct2025 16:34:20.962] [Server thread/DEBUG] [net.minecraftforge.server.ServerLifecycleHooks/CORE]: Generating PackInfo named mod:modernfurniture for mod file /workspaces/Marbella/servidor_minecraft/mods/modernfurniture-e5-x128-forge-1.20.1.jar
[27Oct2025 16:34:20.962] [Server thread/DEBUG] [net.minecraftforge.server.ServerLifecycleHooks/CORE]: Generating PackInfo named mod:camera for mod file /workspaces/Marbella/servidor_minecraft/mods/camera-forge-1.20.1-1.0.20.jar
[27Oct2025 16:34:20.962] [Server thread/DEBUG] [net.minecraftforge.server.ServerLifecycleHooks/CORE]: Generating PackInfo named mod:modernfix for mod file /workspaces/Marbella/servidor_minecraft/mods/modernfix-forge-5.24.4+mc1.20.1 (1).jar
[27Oct2025 16:34:20.962] [Server thread/DEBUG] [net.minecraftforge.server.ServerLifecycleHooks/CORE]: Generating PackInfo named mod:brcc for mod file /workspaces/Marbella/servidor_minecraft/mods/BRCC 1.0.5 1.16.5-1.20.1.jar
[27Oct2025 16:34:20.962] [Server thread/DEBUG] [net.minecraftforge.server.ServerLifecycleHooks/CORE]: Generating PackInfo named mod:inv_view_forge for mod file /workspaces/Marbella/servidor_minecraft/mods/inv_view_forge-2.1.0-1.20.1.jar
[27Oct2025 16:34:20.962] [Server thread/DEBUG] [net.minecraftforge.server.ServerLifecycleHooks/CORE]: Generating PackInfo named mod:mixinextras for mod file 
[27Oct2025 16:34:20.962] [Server thread/DEBUG] [net.minecraftforge.server.ServerLifecycleHooks/CORE]: Generating PackInfo named mod:lucky77 for mod file /workspaces/Marbella/servidor_minecraft/mods/Lucky77_1.20.1_v04.jar
[27Oct2025 16:34:20.963] [Server thread/DEBUG] [net.minecraftforge.server.ServerLifecycleHooks/CORE]: Generating PackInfo named mod:devices for mod file /workspaces/Marbella/servidor_minecraft/mods/devices-forge-0.8.4.jar
[27Oct2025 16:34:20.963] [Server thread/DEBUG] [net.minecraftforge.server.ServerLifecycleHooks/CORE]: Generating PackInfo named mod:bookshelf for mod file /workspaces/Marbella/servidor_minecraft/mods/Bookshelf-Forge-1.20.1-20.2.13.jar
[27Oct2025 16:34:20.963] [Server thread/DEBUG] [net.minecraftforge.server.ServerLifecycleHooks/CORE]: Generating PackInfo named mod:customnpcs for mod file /workspaces/Marbella/servidor_minecraft/mods/CustomNPCs-1.20.1-GBPort-Unofficial-20250830.jar
[27Oct2025 16:34:20.963] [Server thread/DEBUG] [net.minecraftforge.server.ServerLifecycleHooks/CORE]: Generating PackInfo named mod:starlight for mod file /workspaces/Marbella/servidor_minecraft/mods/starlight-1.1.2+forge.1cda73c.jar
[27Oct2025 16:34:20.963] [Server thread/DEBUG] [net.minecraftforge.server.ServerLifecycleHooks/CORE]: Generating PackInfo named mod:architectury for mod file /workspaces/Marbella/servidor_minecraft/mods/architectury-9.2.14-forge.jar
[27Oct2025 16:34:20.963] [Server thread/DEBUG] [net.minecraftforge.server.ServerLifecycleHooks/CORE]: Generating PackInfo named mod:ftblibrary for mod file /workspaces/Marbella/servidor_minecraft/mods/ftb-library-forge-2001.2.10.jar
[27Oct2025 16:34:20.963] [Server thread/DEBUG] [net.minecraftforge.server.ServerLifecycleHooks/CORE]: Generating PackInfo named mod:ferritecore for mod file /workspaces/Marbella/servidor_minecraft/mods/ferritecore-6.0.1-forge (1).jar
[27Oct2025 16:34:20.963] [Server thread/DEBUG] [net.minecraftforge.server.ServerLifecycleHooks/CORE]: Generating PackInfo named mod:mts for mod file /workspaces/Marbella/servidor_minecraft/mods/Immersive Vehicles-1.20.1-22.18.0-pre.jar
[27Oct2025 16:34:20.963] [Server thread/DEBUG] [net.minecraftforge.server.ServerLifecycleHooks/CORE]: Generating PackInfo named mod:cupboard for mod file /workspaces/Marbella/servidor_minecraft/mods/cupboard-1.20.1-2.7.jar
[27Oct2025 16:34:20.963] [Server thread/DEBUG] [net.minecraftforge.server.ServerLifecycleHooks/CORE]: Generating PackInfo named mod:boxing_madness for mod file /workspaces/Marbella/servidor_minecraft/mods/boxing_madness_1.20.1.jar
[27Oct2025 16:34:20.963] [Server thread/DEBUG] [net.minecraftforge.server.ServerLifecycleHooks/CORE]: Generating PackInfo named mod:saros_road_signs_mod for mod file /workspaces/Marbella/servidor_minecraft/mods/Saros-Road-Signs-Mod-1.20.1-4.3.jar
[27Oct2025 16:34:20.964] [Server thread/DEBUG] [net.minecraftforge.server.ServerLifecycleHooks/CORE]: Generating PackInfo named mod:dtrch for mod file /workspaces/Marbella/servidor_minecraft/mods/dtrch-1.3.0-forge-1.20.1.jar
[27Oct2025 16:34:20.964] [Server thread/DEBUG] [net.minecraftforge.server.ServerLifecycleHooks/CORE]: Generating PackInfo named mod:saros_road_blocks_mod for mod file /workspaces/Marbella/servidor_minecraft/mods/Saros-Road-Blocks-Mod-1.20.1-4.0.jar
[27Oct2025 16:34:20.964] [Server thread/DEBUG] [net.minecraftforge.server.ServerLifecycleHooks/CORE]: Generating PackInfo named mod:framework for mod file /workspaces/Marbella/servidor_minecraft/mods/framework-forge-1.20.1-0.7.15 (1).jar
[27Oct2025 16:34:20.964] [Server thread/DEBUG] [net.minecraftforge.server.ServerLifecycleHooks/CORE]: Generating PackInfo named mod:forge for mod file /workspaces/Marbella/servidor_minecraft/libraries/net/minecraftforge/forge/1.20.1-47.3.7/forge-1.20.1-47.3.7-universal.jar
[27Oct2025 16:34:20.964] [Server thread/DEBUG] [net.minecraftforge.server.ServerLifecycleHooks/CORE]: Generating PackInfo named mod:lazrslib for mod file /workspaces/Marbella/servidor_minecraft/mods/Lazr's Lib-1.20-1.1.1.jar
[27Oct2025 16:34:20.964] [Server thread/DEBUG] [net.minecraftforge.server.ServerLifecycleHooks/CORE]: Generating PackInfo named mod:playerrevive for mod file /workspaces/Marbella/servidor_minecraft/mods/PlayerRevive_FORGE_v2.0.31_mc1.20.1.jar
[27Oct2025 16:34:20.966] [Server thread/DEBUG] [net.minecraftforge.server.ServerLifecycleHooks/CORE]: Generating PackInfo named mod:smoothchunk for mod file /workspaces/Marbella/servidor_minecraft/mods/smoothchunk-1.20.1-4.1.jar
[27Oct2025 16:34:20.966] [Server thread/DEBUG] [net.minecraftforge.server.ServerLifecycleHooks/CORE]: Generating PackInfo named mod:cuffed for mod file /workspaces/Marbella/servidor_minecraft/mods/Cuffed-1.20.1-1.3.9.jar
[27Oct2025 16:34:20.966] [Server thread/DEBUG] [net.minecraftforge.server.ServerLifecycleHooks/CORE]: Generating PackInfo named mod:eyemod for mod file /workspaces/Marbella/servidor_minecraft/mods/eyemod-3.0.0.jar
[27Oct2025 16:34:20.966] [Server thread/DEBUG] [net.minecraftforge.server.ServerLifecycleHooks/CORE]: Generating PackInfo named mod:bh for mod file /workspaces/Marbella/servidor_minecraft/mods/asphalt cars 0.1.0 for 1.18.2x.jar
[27Oct2025 16:34:20.966] [Server thread/DEBUG] [net.minecraftforge.server.ServerLifecycleHooks/CORE]: Generating PackInfo named mod:geckolib for mod file /workspaces/Marbella/servidor_minecraft/mods/geckolib-forge-1.20.1-4.8.2.jar
[27Oct2025 16:34:20.966] [Server thread/DEBUG] [net.minecraftforge.server.ServerLifecycleHooks/CORE]: Generating PackInfo named mod:culllessleaves for mod file /workspaces/Marbella/servidor_minecraft/mods/CullLessLeaves-Reforged-1.20.1-1.0.5.jar
[27Oct2025 16:34:20.966] [Server thread/DEBUG] [net.minecraftforge.server.ServerLifecycleHooks/CORE]: Generating PackInfo named mod:creativecore for mod file /workspaces/Marbella/servidor_minecraft/mods/CreativeCore_FORGE_v2.12.32_mc1.20.1.jar
[27Oct2025 16:34:20.966] [Server thread/DEBUG] [net.minecraftforge.server.ServerLifecycleHooks/CORE]: Generating PackInfo named mod:locks for mod file /workspaces/Marbella/servidor_minecraft/mods/Locks-Unoffical-forge-1.20.1-1.2.4.jar
[27Oct2025 16:34:20.967] [Server thread/DEBUG] [net.minecraftforge.server.ServerLifecycleHooks/CORE]: Generating PackInfo named mod:jeg for mod file /workspaces/Marbella/servidor_minecraft/mods/JustEnoughGuns-0.13.2-1.20.1.jar
[27Oct2025 16:34:20.967] [Server thread/DEBUG] [net.minecraftforge.server.ServerLifecycleHooks/CORE]: Generating PackInfo named mod:itemproductionlib for mod file /workspaces/Marbella/servidor_minecraft/mods/ItemProductionLib-1.20.1-1.0.2a-all.jar
[27Oct2025 16:34:20.967] [Server thread/DEBUG] [net.minecraftforge.server.ServerLifecycleHooks/CORE]: Generating PackInfo named mod:fcl for mod file /workspaces/Marbella/servidor_minecraft/mods/fcl-20.33.jar
[27Oct2025 16:34:20.967] [Server thread/DEBUG] [net.minecraftforge.server.ServerLifecycleHooks/CORE]: Generating PackInfo named mod:attributefix for mod file /workspaces/Marbella/servidor_minecraft/mods/AttributeFix-Forge-1.20.1-21.0.4.jar
[27Oct2025 16:34:20.967] [Server thread/DEBUG] [net.minecraftforge.server.ServerLifecycleHooks/CORE]: Generating PackInfo named mod:faz_roleplay_plus for mod file /workspaces/Marbella/servidor_minecraft/mods/FazRoleplayClothes-1.20.1-2.1.jar
[27Oct2025 16:34:20.967] [Server thread/DEBUG] [net.minecraftforge.server.ServerLifecycleHooks/CORE]: Generating PackInfo named mod:connectivity for mod file /workspaces/Marbella/servidor_minecraft/mods/connectivity-1.20.1-7.2.jar
[27Oct2025 16:34:20.967] [Server thread/DEBUG] [net.minecraftforge.server.ServerLifecycleHooks/CORE]: Generating PackInfo named mod:casinocraft for mod file /workspaces/Marbella/servidor_minecraft/mods/CasinoCraft_1.20.1_v25.jar
[27Oct2025 16:34:20.967] [Server thread/DEBUG] [net.minecraftforge.server.ServerLifecycleHooks/CORE]: Generating PackInfo named mod:betterfpsdist for mod file /workspaces/Marbella/servidor_minecraft/mods/betterfpsdist-1.20.1-6.0.jar
[27Oct2025 16:34:20.967] [Server thread/DEBUG] [net.minecraftforge.server.ServerLifecycleHooks/CORE]: Generating PackInfo named mod:saros__money_mod for mod file /workspaces/Marbella/servidor_minecraft/mods/Saros-Money-Mod.1.20.1-3.5.5.jar
[27Oct2025 16:34:20.967] [Server thread/DEBUG] [net.minecraftforge.server.ServerLifecycleHooks/CORE]: Generating PackInfo named mod:curios for mod file /workspaces/Marbella/servidor_minecraft/mods/curios-forge-5.14.1+1.20.1 (1).jar
[27Oct2025 16:34:20.968] [Server thread/DEBUG] [net.minecraftforge.server.ServerLifecycleHooks/CORE]: Generating PackInfo named mod:lexiconfig for mod file /workspaces/Marbella/servidor_minecraft/mods/lexiconfig-forge-1.4.18-1.jar
[27Oct2025 16:34:20.968] [Server thread/DEBUG] [net.minecraftforge.server.ServerLifecycleHooks/CORE]: Generating PackInfo named mod:modernfurniture for mod file /workspaces/Marbella/servidor_minecraft/mods/modernfurniture-e5-x128-forge-1.20.1.jar
[27Oct2025 16:34:20.968] [Server thread/DEBUG] [net.minecraftforge.server.ServerLifecycleHooks/CORE]: Generating PackInfo named mod:camera for mod file /workspaces/Marbella/servidor_minecraft/mods/camera-forge-1.20.1-1.0.20.jar
[27Oct2025 16:34:20.968] [Server thread/DEBUG] [net.minecraftforge.server.ServerLifecycleHooks/CORE]: Generating PackInfo named mod:modernfix for mod file /workspaces/Marbella/servidor_minecraft/mods/modernfix-forge-5.24.4+mc1.20.1 (1).jar
[27Oct2025 16:34:20.968] [Server thread/DEBUG] [net.minecraftforge.server.ServerLifecycleHooks/CORE]: Generating PackInfo named mod:brcc for mod file /workspaces/Marbella/servidor_minecraft/mods/BRCC 1.0.5 1.16.5-1.20.1.jar
[27Oct2025 16:34:20.968] [Server thread/DEBUG] [net.minecraftforge.server.ServerLifecycleHooks/CORE]: Generating PackInfo named mod:inv_view_forge for mod file /workspaces/Marbella/servidor_minecraft/mods/inv_view_forge-2.1.0-1.20.1.jar
[27Oct2025 16:34:20.968] [Server thread/DEBUG] [net.minecraftforge.server.ServerLifecycleHooks/CORE]: Generating PackInfo named mod:mixinextras for mod file 
[27Oct2025 16:34:20.968] [Server thread/DEBUG] [net.minecraftforge.server.ServerLifecycleHooks/CORE]: Generating PackInfo named mod:lucky77 for mod file /workspaces/Marbella/servidor_minecraft/mods/Lucky77_1.20.1_v04.jar
[27Oct2025 16:34:20.968] [Server thread/DEBUG] [net.minecraftforge.server.ServerLifecycleHooks/CORE]: Generating PackInfo named mod:devices for mod file /workspaces/Marbella/servidor_minecraft/mods/devices-forge-0.8.4.jar
[27Oct2025 16:34:20.968] [Server thread/DEBUG] [net.minecraftforge.server.ServerLifecycleHooks/CORE]: Generating PackInfo named mod:bookshelf for mod file /workspaces/Marbella/servidor_minecraft/mods/Bookshelf-Forge-1.20.1-20.2.13.jar
[27Oct2025 16:34:20.969] [Server thread/DEBUG] [net.minecraftforge.server.ServerLifecycleHooks/CORE]: Generating PackInfo named mod:customnpcs for mod file /workspaces/Marbella/servidor_minecraft/mods/CustomNPCs-1.20.1-GBPort-Unofficial-20250830.jar
[27Oct2025 16:34:20.969] [Server thread/DEBUG] [net.minecraftforge.server.ServerLifecycleHooks/CORE]: Generating PackInfo named mod:starlight for mod file /workspaces/Marbella/servidor_minecraft/mods/starlight-1.1.2+forge.1cda73c.jar
[27Oct2025 16:34:20.969] [Server thread/DEBUG] [net.minecraftforge.server.ServerLifecycleHooks/CORE]: Generating PackInfo named mod:architectury for mod file /workspaces/Marbella/servidor_minecraft/mods/architectury-9.2.14-forge.jar
[27Oct2025 16:34:20.969] [Server thread/DEBUG] [net.minecraftforge.server.ServerLifecycleHooks/CORE]: Generating PackInfo named mod:ftblibrary for mod file /workspaces/Marbella/servidor_minecraft/mods/ftb-library-forge-2001.2.10.jar
[27Oct2025 16:34:20.969] [Server thread/DEBUG] [net.minecraftforge.server.ServerLifecycleHooks/CORE]: Generating PackInfo named mod:ferritecore for mod file /workspaces/Marbella/servidor_minecraft/mods/ferritecore-6.0.1-forge (1).jar
[27Oct2025 16:34:20.969] [Server thread/DEBUG] [net.minecraftforge.server.ServerLifecycleHooks/CORE]: Generating PackInfo named mod:mts for mod file /workspaces/Marbella/servidor_minecraft/mods/Immersive Vehicles-1.20.1-22.18.0-pre.jar
[27Oct2025 16:34:20.969] [Server thread/DEBUG] [net.minecraftforge.server.ServerLifecycleHooks/CORE]: Generating PackInfo named mod:cupboard for mod file /workspaces/Marbella/servidor_minecraft/mods/cupboard-1.20.1-2.7.jar
[27Oct2025 16:34:20.969] [Server thread/DEBUG] [net.minecraftforge.server.ServerLifecycleHooks/CORE]: Generating PackInfo named mod:boxing_madness for mod file /workspaces/Marbella/servidor_minecraft/mods/boxing_madness_1.20.1.jar
[27Oct2025 16:34:20.970] [Server thread/DEBUG] [net.minecraftforge.server.ServerLifecycleHooks/CORE]: Generating PackInfo named mod:saros_road_signs_mod for mod file /workspaces/Marbella/servidor_minecraft/mods/Saros-Road-Signs-Mod-1.20.1-4.3.jar
[27Oct2025 16:34:20.970] [Server thread/DEBUG] [net.minecraftforge.server.ServerLifecycleHooks/CORE]: Generating PackInfo named mod:dtrch for mod file /workspaces/Marbella/servidor_minecraft/mods/dtrch-1.3.0-forge-1.20.1.jar
[27Oct2025 16:34:20.970] [Server thread/DEBUG] [net.minecraftforge.server.ServerLifecycleHooks/CORE]: Generating PackInfo named mod:saros_road_blocks_mod for mod file /workspaces/Marbella/servidor_minecraft/mods/Saros-Road-Blocks-Mod-1.20.1-4.0.jar
[27Oct2025 16:34:20.970] [Server thread/DEBUG] [net.minecraftforge.server.ServerLifecycleHooks/CORE]: Generating PackInfo named mod:framework for mod file /workspaces/Marbella/servidor_minecraft/mods/framework-forge-1.20.1-0.7.15 (1).jar
[27Oct2025 16:34:20.970] [Server thread/DEBUG] [net.minecraftforge.server.ServerLifecycleHooks/CORE]: Generating PackInfo named mod:forge for mod file /workspaces/Marbella/servidor_minecraft/libraries/net/minecraftforge/forge/1.20.1-47.3.7/forge-1.20.1-47.3.7-universal.jar
[27Oct2025 16:34:20.970] [Server thread/DEBUG] [net.minecraftforge.server.ServerLifecycleHooks/CORE]: Generating PackInfo named mod:lazrslib for mod file /workspaces/Marbella/servidor_minecraft/mods/Lazr's Lib-1.20-1.1.1.jar
[27Oct2025 16:34:20.970] [Server thread/DEBUG] [net.minecraftforge.server.ServerLifecycleHooks/CORE]: Generating PackInfo named mod:playerrevive for mod file /workspaces/Marbella/servidor_minecraft/mods/PlayerRevive_FORGE_v2.0.31_mc1.20.1.jar
[27Oct2025 16:35:13.359] [Worker-ResourceReload-5/DEBUG] [ModernFix/]: Worker-ResourceReload-5 shutdown
[27Oct2025 16:35:59.136] [Server thread/INFO] [net.minecraft.server.MinecraftServer/]: [Imranack: Executed 3 command(s) from function 'money:give_money']
[27Oct2025 16:36:13.359] [Worker-ResourceReload-4/DEBUG] [ModernFix/]: Worker-ResourceReload-4 shutdown
[27Oct2025 16:36:19.388] [Server thread/DEBUG] [net.minecraftforge.server.ServerLifecycleHooks/CORE]: Generating PackInfo named mod:smoothchunk for mod file /workspaces/Marbella/servidor_minecraft/mods/smoothchunk-1.20.1-4.1.jar
[27Oct2025 16:36:19.388] [Server thread/DEBUG] [net.minecraftforge.server.ServerLifecycleHooks/CORE]: Generating PackInfo named mod:cuffed for mod file /workspaces/Marbella/servidor_minecraft/mods/Cuffed-1.20.1-1.3.9.jar
[27Oct2025 16:36:19.389] [Server thread/DEBUG] [net.minecraftforge.server.ServerLifecycleHooks/CORE]: Generating PackInfo named mod:eyemod for mod file /workspaces/Marbella/servidor_minecraft/mods/eyemod-3.0.0.jar
[27Oct2025 16:36:19.389] [Server thread/DEBUG] [net.minecraftforge.server.ServerLifecycleHooks/CORE]: Generating PackInfo named mod:bh for mod file /workspaces/Marbella/servidor_minecraft/mods/asphalt cars 0.1.0 for 1.18.2x.jar
[27Oct2025 16:36:19.389] [Server thread/DEBUG] [net.minecraftforge.server.ServerLifecycleHooks/CORE]: Generating PackInfo named mod:geckolib for mod file /workspaces/Marbella/servidor_minecraft/mods/geckolib-forge-1.20.1-4.8.2.jar
[27Oct2025 16:36:19.389] [Server thread/DEBUG] [net.minecraftforge.server.ServerLifecycleHooks/CORE]: Generating PackInfo named mod:culllessleaves for mod file /workspaces/Marbella/servidor_minecraft/mods/CullLessLeaves-Reforged-1.20.1-1.0.5.jar
[27Oct2025 16:36:19.389] [Server thread/DEBUG] [net.minecraftforge.server.ServerLifecycleHooks/CORE]: Generating PackInfo named mod:creativecore for mod file /workspaces/Marbella/servidor_minecraft/mods/CreativeCore_FORGE_v2.12.32_mc1.20.1.jar
[27Oct2025 16:36:19.389] [Server thread/DEBUG] [net.minecraftforge.server.ServerLifecycleHooks/CORE]: Generating PackInfo named mod:locks for mod file /workspaces/Marbella/servidor_minecraft/mods/Locks-Unoffical-forge-1.20.1-1.2.4.jar
[27Oct2025 16:36:19.389] [Server thread/DEBUG] [net.minecraftforge.server.ServerLifecycleHooks/CORE]: Generating PackInfo named mod:jeg for mod file /workspaces/Marbella/servidor_minecraft/mods/JustEnoughGuns-0.13.2-1.20.1.jar
[27Oct2025 16:36:19.389] [Server thread/DEBUG] [net.minecraftforge.server.ServerLifecycleHooks/CORE]: Generating PackInfo named mod:itemproductionlib for mod file /workspaces/Marbella/servidor_minecraft/mods/ItemProductionLib-1.20.1-1.0.2a-all.jar
[27Oct2025 16:36:19.389] [Server thread/DEBUG] [net.minecraftforge.server.ServerLifecycleHooks/CORE]: Generating PackInfo named mod:fcl for mod file /workspaces/Marbella/servidor_minecraft/mods/fcl-20.33.jar
[27Oct2025 16:36:19.389] [Server thread/DEBUG] [net.minecraftforge.server.ServerLifecycleHooks/CORE]: Generating PackInfo named mod:attributefix for mod file /workspaces/Marbella/servidor_minecraft/mods/AttributeFix-Forge-1.20.1-21.0.4.jar
[27Oct2025 16:36:19.389] [Server thread/DEBUG] [net.minecraftforge.server.ServerLifecycleHooks/CORE]: Generating PackInfo named mod:faz_roleplay_plus for mod file /workspaces/Marbella/servidor_minecraft/mods/FazRoleplayClothes-1.20.1-2.1.jar
[27Oct2025 16:36:19.390] [Server thread/DEBUG] [net.minecraftforge.server.ServerLifecycleHooks/CORE]: Generating PackInfo named mod:connectivity for mod file /workspaces/Marbella/servidor_minecraft/mods/connectivity-1.20.1-7.2.jar
[27Oct2025 16:36:19.390] [Server thread/DEBUG] [net.minecraftforge.server.ServerLifecycleHooks/CORE]: Generating PackInfo named mod:casinocraft for mod file /workspaces/Marbella/servidor_minecraft/mods/CasinoCraft_1.20.1_v25.jar
[27Oct2025 16:36:19.390] [Server thread/DEBUG] [net.minecraftforge.server.ServerLifecycleHooks/CORE]: Generating PackInfo named mod:betterfpsdist for mod file /workspaces/Marbella/servidor_minecraft/mods/betterfpsdist-1.20.1-6.0.jar
[27Oct2025 16:36:19.390] [Server thread/DEBUG] [net.minecraftforge.server.ServerLifecycleHooks/CORE]: Generating PackInfo named mod:saros__money_mod for mod file /workspaces/Marbella/servidor_minecraft/mods/Saros-Money-Mod.1.20.1-3.5.5.jar
[27Oct2025 16:36:19.390] [Server thread/DEBUG] [net.minecraftforge.server.ServerLifecycleHooks/CORE]: Generating PackInfo named mod:curios for mod file /workspaces/Marbella/servidor_minecraft/mods/curios-forge-5.14.1+1.20.1 (1).jar
[27Oct2025 16:36:19.390] [Server thread/DEBUG] [net.minecraftforge.server.ServerLifecycleHooks/CORE]: Generating PackInfo named mod:lexiconfig for mod file /workspaces/Marbella/servidor_minecraft/mods/lexiconfig-forge-1.4.18-1.jar
[27Oct2025 16:36:19.390] [Server thread/DEBUG] [net.minecraftforge.server.ServerLifecycleHooks/CORE]: Generating PackInfo named mod:modernfurniture for mod file /workspaces/Marbella/servidor_minecraft/mods/modernfurniture-e5-x128-forge-1.20.1.jar
[27Oct2025 16:36:19.390] [Server thread/DEBUG] [net.minecraftforge.server.ServerLifecycleHooks/CORE]: Generating PackInfo named mod:camera for mod file /workspaces/Marbella/servidor_minecraft/mods/camera-forge-1.20.1-1.0.20.jar
[27Oct2025 16:36:19.391] [Server thread/DEBUG] [net.minecraftforge.server.ServerLifecycleHooks/CORE]: Generating PackInfo named mod:modernfix for mod file /workspaces/Marbella/servidor_minecraft/mods/modernfix-forge-5.24.4+mc1.20.1 (1).jar
[27Oct2025 16:36:19.391] [Server thread/DEBUG] [net.minecraftforge.server.ServerLifecycleHooks/CORE]: Generating PackInfo named mod:brcc for mod file /workspaces/Marbella/servidor_minecraft/mods/BRCC 1.0.5 1.16.5-1.20.1.jar
[27Oct2025 16:36:19.391] [Server thread/DEBUG] [net.minecraftforge.server.ServerLifecycleHooks/CORE]: Generating PackInfo named mod:inv_view_forge for mod file /workspaces/Marbella/servidor_minecraft/mods/inv_view_forge-2.1.0-1.20.1.jar
[27Oct2025 16:36:19.391] [Server thread/DEBUG] [net.minecraftforge.server.ServerLifecycleHooks/CORE]: Generating PackInfo named mod:mixinextras for mod file 
[27Oct2025 16:36:19.391] [Server thread/DEBUG] [net.minecraftforge.server.ServerLifecycleHooks/CORE]: Generating PackInfo named mod:lucky77 for mod file /workspaces/Marbella/servidor_minecraft/mods/Lucky77_1.20.1_v04.jar
[27Oct2025 16:36:19.391] [Server thread/DEBUG] [net.minecraftforge.server.ServerLifecycleHooks/CORE]: Generating PackInfo named mod:devices for mod file /workspaces/Marbella/servidor_minecraft/mods/devices-forge-0.8.4.jar
[27Oct2025 16:36:19.391] [Server thread/DEBUG] [net.minecraftforge.server.ServerLifecycleHooks/CORE]: Generating PackInfo named mod:bookshelf for mod file /workspaces/Marbella/servidor_minecraft/mods/Bookshelf-Forge-1.20.1-20.2.13.jar
[27Oct2025 16:36:19.391] [Server thread/DEBUG] [net.minecraftforge.server.ServerLifecycleHooks/CORE]: Generating PackInfo named mod:customnpcs for mod file /workspaces/Marbella/servidor_minecraft/mods/CustomNPCs-1.20.1-GBPort-Unofficial-20250830.jar
[27Oct2025 16:36:19.391] [Server thread/DEBUG] [net.minecraftforge.server.ServerLifecycleHooks/CORE]: Generating PackInfo named mod:starlight for mod file /workspaces/Marbella/servidor_minecraft/mods/starlight-1.1.2+forge.1cda73c.jar
[27Oct2025 16:36:19.391] [Server thread/DEBUG] [net.minecraftforge.server.ServerLifecycleHooks/CORE]: Generating PackInfo named mod:architectury for mod file /workspaces/Marbella/servidor_minecraft/mods/architectury-9.2.14-forge.jar
[27Oct2025 16:36:19.392] [Server thread/DEBUG] [net.minecraftforge.server.ServerLifecycleHooks/CORE]: Generating PackInfo named mod:ftblibrary for mod file /workspaces/Marbella/servidor_minecraft/mods/ftb-library-forge-2001.2.10.jar
[27Oct2025 16:36:19.392] [Server thread/DEBUG] [net.minecraftforge.server.ServerLifecycleHooks/CORE]: Generating PackInfo named mod:ferritecore for mod file /workspaces/Marbella/servidor_minecraft/mods/ferritecore-6.0.1-forge (1).jar
[27Oct2025 16:36:19.392] [Server thread/DEBUG] [net.minecraftforge.server.ServerLifecycleHooks/CORE]: Generating PackInfo named mod:mts for mod file /workspaces/Marbella/servidor_minecraft/mods/Immersive Vehicles-1.20.1-22.18.0-pre.jar
[27Oct2025 16:36:19.392] [Server thread/DEBUG] [net.minecraftforge.server.ServerLifecycleHooks/CORE]: Generating PackInfo named mod:cupboard for mod file /workspaces/Marbella/servidor_minecraft/mods/cupboard-1.20.1-2.7.jar
[27Oct2025 16:36:19.392] [Server thread/DEBUG] [net.minecraftforge.server.ServerLifecycleHooks/CORE]: Generating PackInfo named mod:boxing_madness for mod file /workspaces/Marbella/servidor_minecraft/mods/boxing_madness_1.20.1.jar
[27Oct2025 16:36:19.392] [Server thread/DEBUG] [net.minecraftforge.server.ServerLifecycleHooks/CORE]: Generating PackInfo named mod:saros_road_signs_mod for mod file /workspaces/Marbella/servidor_minecraft/mods/Saros-Road-Signs-Mod-1.20.1-4.3.jar
[27Oct2025 16:36:19.392] [Server thread/DEBUG] [net.minecraftforge.server.ServerLifecycleHooks/CORE]: Generating PackInfo named mod:dtrch for mod file /workspaces/Marbella/servidor_minecraft/mods/dtrch-1.3.0-forge-1.20.1.jar
[27Oct2025 16:36:19.392] [Server thread/DEBUG] [net.minecraftforge.server.ServerLifecycleHooks/CORE]: Generating PackInfo named mod:saros_road_blocks_mod for mod file /workspaces/Marbella/servidor_minecraft/mods/Saros-Road-Blocks-Mod-1.20.1-4.0.jar
[27Oct2025 16:36:19.392] [Server thread/DEBUG] [net.minecraftforge.server.ServerLifecycleHooks/CORE]: Generating PackInfo named mod:framework for mod file /workspaces/Marbella/servidor_minecraft/mods/framework-forge-1.20.1-0.7.15 (1).jar
[27Oct2025 16:36:19.392] [Server thread/DEBUG] [net.minecraftforge.server.ServerLifecycleHooks/CORE]: Generating PackInfo named mod:forge for mod file /workspaces/Marbella/servidor_minecraft/libraries/net/minecraftforge/forge/1.20.1-47.3.7/forge-1.20.1-47.3.7-universal.jar
[27Oct2025 16:36:19.392] [Server thread/DEBUG] [net.minecraftforge.server.ServerLifecycleHooks/CORE]: Generating PackInfo named mod:lazrslib for mod file /workspaces/Marbella/servidor_minecraft/mods/Lazr's Lib-1.20-1.1.1.jar
[27Oct2025 16:36:19.393] [Server thread/DEBUG] [net.minecraftforge.server.ServerLifecycleHooks/CORE]: Generating PackInfo named mod:playerrevive for mod file /workspaces/Marbella/servidor_minecraft/mods/PlayerRevive_FORGE_v2.0.31_mc1.20.1.jar
[27Oct2025 16:36:19.393] [Server thread/INFO] [net.minecraft.server.MinecraftServer/]: Reloading!
[27Oct2025 16:36:19.400] [Server thread/DEBUG] [bookshelf/]: Rebuilding entries for bookshelf. Previous entries 1
[27Oct2025 16:36:19.400] [Server thread/DEBUG] [bookshelf/]: Built 1 Command entries. Took 0.03ms.
[27Oct2025 16:36:19.401] [Server thread/DEBUG] [bookshelf/]: Rebuilding entries for bookshelf. Previous entries 0
[27Oct2025 16:36:19.424] [Worker-ResourceReload-6/ERROR] [net.minecraft.tags.TagLoader/]: Couldn't load tag cuffed:can_reinforce_padlock as it is missing following references: minecraft:diamond_ingot (from Cuffed-1.20.1-1.3.9.jar)
[27Oct2025 16:36:19.561] [Worker-ResourceReload-6/INFO] [jeg/]: Registered gun 'jeg:abstract_gun'
[27Oct2025 16:36:19.562] [Worker-ResourceReload-6/INFO] [jeg/]: Registered gun 'jeg:assault_rifle'
[27Oct2025 16:36:19.563] [Worker-ResourceReload-6/INFO] [jeg/]: Registered gun 'jeg:atlantean_spear'
[27Oct2025 16:36:19.563] [Worker-ResourceReload-6/INFO] [jeg/]: Registered gun 'jeg:blossom_rifle'
[27Oct2025 16:36:19.564] [Worker-ResourceReload-6/INFO] [jeg/]: Registered gun 'jeg:bolt_action_rifle'
[27Oct2025 16:36:19.565] [Worker-ResourceReload-6/INFO] [jeg/]: Registered gun 'jeg:burst_rifle'
[27Oct2025 16:36:19.565] [Worker-ResourceReload-6/INFO] [jeg/]: Registered gun 'jeg:combat_pistol'
[27Oct2025 16:36:19.566] [Worker-ResourceReload-6/INFO] [jeg/]: Registered gun 'jeg:combat_rifle'
[27Oct2025 16:36:19.567] [Worker-ResourceReload-6/INFO] [jeg/]: Registered gun 'jeg:compound_bow'
[27Oct2025 16:36:19.567] [Worker-ResourceReload-6/INFO] [jeg/]: Registered gun 'jeg:custom_smg'
[27Oct2025 16:36:19.568] [Worker-ResourceReload-6/INFO] [jeg/]: Registered gun 'jeg:double_barrel_shotgun'
[27Oct2025 16:36:19.568] [Worker-ResourceReload-6/INFO] [jeg/]: Registered gun 'jeg:finger_gun'
[27Oct2025 16:36:19.569] [Worker-ResourceReload-6/INFO] [jeg/]: Registered gun 'jeg:flamethrower'
[27Oct2025 16:36:19.569] [Worker-ResourceReload-6/INFO] [jeg/]: Registered gun 'jeg:flare_gun'
[27Oct2025 16:36:19.569] [Worker-ResourceReload-6/INFO] [jeg/]: Registered gun 'jeg:grenade_launcher'
[27Oct2025 16:36:19.570] [Worker-ResourceReload-6/INFO] [jeg/]: Registered gun 'jeg:hollenfire_mk2'
[27Oct2025 16:36:19.570] [Worker-ResourceReload-6/INFO] [jeg/]: Registered gun 'jeg:holy_shotgun'
[27Oct2025 16:36:19.571] [Worker-ResourceReload-6/INFO] [jeg/]: Registered gun 'jeg:hypersonic_cannon'
[27Oct2025 16:36:19.571] [Worker-ResourceReload-6/INFO] [jeg/]: Registered gun 'jeg:infantry_rifle'
[27Oct2025 16:36:19.571] [Worker-ResourceReload-6/INFO] [jeg/]: Registered gun 'jeg:light_machine_gun'
[27Oct2025 16:36:19.572] [Worker-ResourceReload-6/INFO] [jeg/]: Registered gun 'jeg:minigun'
[27Oct2025 16:36:19.572] [Worker-ResourceReload-6/INFO] [jeg/]: Registered gun 'jeg:primitive_bow'
[27Oct2025 16:36:19.572] [Worker-ResourceReload-6/INFO] [jeg/]: Registered gun 'jeg:pump_shotgun'
[27Oct2025 16:36:19.573] [Worker-ResourceReload-6/INFO] [jeg/]: Registered gun 'jeg:repeating_shotgun'
[27Oct2025 16:36:19.573] [Worker-ResourceReload-6/INFO] [jeg/]: Registered gun 'jeg:revolver'
[27Oct2025 16:36:19.574] [Worker-ResourceReload-6/INFO] [jeg/]: Registered gun 'jeg:rocket_launcher'
[27Oct2025 16:36:19.574] [Worker-ResourceReload-6/INFO] [jeg/]: Registered gun 'jeg:semi_auto_pistol'
[27Oct2025 16:36:19.574] [Worker-ResourceReload-6/INFO] [jeg/]: Registered gun 'jeg:semi_auto_rifle'
[27Oct2025 16:36:19.575] [Worker-ResourceReload-6/INFO] [jeg/]: Registered gun 'jeg:service_rifle'
[27Oct2025 16:36:19.575] [Worker-ResourceReload-6/INFO] [jeg/]: Registered gun 'jeg:soulhunter_mk2'
[27Oct2025 16:36:19.576] [Worker-ResourceReload-6/INFO] [jeg/]: Registered gun 'jeg:subsonic_rifle'
[27Oct2025 16:36:19.576] [Worker-ResourceReload-6/INFO] [jeg/]: Registered gun 'jeg:supersonic_shotgun'
[27Oct2025 16:36:19.576] [Worker-ResourceReload-6/INFO] [jeg/]: Registered gun 'jeg:typhoonee'
[27Oct2025 16:36:19.577] [Worker-ResourceReload-6/INFO] [jeg/]: Registered gun 'jeg:waterpipe_shotgun'
[27Oct2025 16:36:19.577] [Worker-ResourceReload-6/INFO] [jeg/]: Registered gun 'jeg_cfg:vindicator_smg'
[27Oct2025 16:36:19.578] [Worker-ResourceReload-6/INFO] [jeg/]: Registered gun 'jeg_cfg:primitive_blowpipe'
[27Oct2025 16:36:19.578] [Worker-ResourceReload-6/INFO] [jeg/]: Registered gun 'jeg_cfg:fire_sweeper'
[27Oct2025 16:36:19.649] [Server thread/ERROR] [net.minecraft.world.item.crafting.RecipeManager/]: Parsing error loading recipe devices:office_chair/silver: com.google.gson.JsonSyntaxException: Unknown item 'minecraft:wool'
[27Oct2025 16:36:19.652] [Server thread/ERROR] [net.minecraft.world.item.crafting.RecipeManager/]: Parsing error loading recipe devices:office_chair/red: com.google.gson.JsonSyntaxException: Unknown item 'minecraft:concrete'
[27Oct2025 16:36:19.652] [Server thread/ERROR] [net.minecraft.world.item.crafting.RecipeManager/]: Parsing error loading recipe devices:office_chair/magenta: com.google.gson.JsonSyntaxException: Unknown item 'minecraft:concrete'
[27Oct2025 16:36:19.654] [Server thread/ERROR] [net.minecraft.world.item.crafting.RecipeManager/]: Parsing error loading recipe devices:office_chair/gray: com.google.gson.JsonSyntaxException: Unknown item 'minecraft:concrete'
[27Oct2025 16:36:19.656] [Server thread/ERROR] [net.minecraft.world.item.crafting.RecipeManager/]: Parsing error loading recipe devices:office_chair/cyan: com.google.gson.JsonSyntaxException: Unknown item 'minecraft:concrete'
[27Oct2025 16:36:19.663] [Server thread/ERROR] [net.minecraft.world.item.crafting.RecipeManager/]: Parsing error loading recipe devices:office_chair/white: com.google.gson.JsonSyntaxException: Unknown item 'minecraft:wool'
[27Oct2025 16:36:19.664] [Server thread/ERROR] [net.minecraft.world.item.crafting.RecipeManager/]: Parsing error loading recipe devices:office_chair/purple: com.google.gson.JsonSyntaxException: Unknown item 'minecraft:concrete'
[27Oct2025 16:36:19.665] [Server thread/ERROR] [net.minecraft.world.item.crafting.RecipeManager/]: Parsing error loading recipe devices:office_chair/lime: com.google.gson.JsonSyntaxException: Unknown item 'minecraft:concrete'
[27Oct2025 16:36:19.665] [Server thread/ERROR] [net.minecraft.world.item.crafting.RecipeManager/]: Parsing error loading recipe devices:office_chair/yellow: com.google.gson.JsonSyntaxException: Unknown item 'minecraft:wool'
[27Oct2025 16:36:19.666] [Server thread/ERROR] [net.minecraft.world.item.crafting.RecipeManager/]: Parsing error loading recipe devices:office_chair/blue: com.google.gson.JsonSyntaxException: Unknown item 'minecraft:concrete'
[27Oct2025 16:36:19.667] [Server thread/ERROR] [net.minecraft.world.item.crafting.RecipeManager/]: Parsing error loading recipe dtrch:emr_summer_armor_helmet_recipe: com.google.gson.JsonSyntaxException: Unknown item 'dtrch:emr_summer_armor_helmet'
[27Oct2025 16:36:19.668] [Server thread/ERROR] [net.minecraft.world.item.crafting.RecipeManager/]: Parsing error loading recipe devices:office_chair/pink: com.google.gson.JsonSyntaxException: Unknown item 'minecraft:ping_wool'
[27Oct2025 16:36:19.669] [Server thread/ERROR] [net.minecraft.world.item.crafting.RecipeManager/]: Parsing error loading recipe cuffed:information_booklet: com.google.gson.JsonSyntaxException: Unknown item 'cuffed:information_booklet'
[27Oct2025 16:36:19.671] [Server thread/ERROR] [net.minecraft.world.item.crafting.RecipeManager/]: Parsing error loading recipe devices:office_chair/black: com.google.gson.JsonSyntaxException: Unknown item 'minecraft:concrete'
[27Oct2025 16:36:19.672] [Server thread/ERROR] [net.minecraft.world.item.crafting.RecipeManager/]: Parsing error loading recipe devices:office_chair/green: com.google.gson.JsonSyntaxException: Unknown item 'minecraft:concrete'
[27Oct2025 16:36:19.674] [Server thread/ERROR] [net.minecraft.world.item.crafting.RecipeManager/]: Parsing error loading recipe devices:office_chair/brown: com.google.gson.JsonSyntaxException: Unknown item 'minecraft:concrete'
[27Oct2025 16:36:19.676] [Server thread/ERROR] [net.minecraft.world.item.crafting.RecipeManager/]: Parsing error loading recipe devices:office_chair/orange: com.google.gson.JsonSyntaxException: Unknown item 'minecraft:concrete'
[27Oct2025 16:36:19.677] [Server thread/ERROR] [net.minecraft.world.item.crafting.RecipeManager/]: Parsing error loading recipe devices:office_chair/light_blue: com.google.gson.JsonSyntaxException: Unknown item 'minecraft:concrete'
[27Oct2025 16:36:19.677] [Server thread/INFO] [net.minecraft.world.item.crafting.RecipeManager/]: Loaded 12 recipes
[27Oct2025 16:36:19.713] [Server thread/INFO] [net.minecraft.advancements.AdvancementList/]: Loaded 1422 advancements
[27Oct2025 16:36:19.714] [Server thread/INFO] [STDOUT/]: [ttv.migami.jeg.modifier.ModifierLoader:apply:47]: Loaded 2 modifier groups
[27Oct2025 16:36:19.715] [Server thread/INFO] [top.theillusivec4.curios.Curios/]: Loaded 10 curio slots
[27Oct2025 16:36:19.715] [Server thread/INFO] [top.theillusivec4.curios.Curios/]: Loaded 1 curio entities
[27Oct2025 16:36:19.767] [Server thread/INFO] [Lexiconfig/]: Starting lexicon revision!
[27Oct2025 16:36:19.767] [Server thread/DEBUG] [Lexiconfig/]: Revising lexicon lexiconfig..
[27Oct2025 16:36:19.769] [Server thread/INFO] [Lexiconfig/]: Finished lexicon revision!
[27Oct2025 16:37:19.638] [Worker-ResourceReload-3/DEBUG] [ModernFix/]: Worker-ResourceReload-3 shutdown
[27Oct2025 16:37:34.020] [Server thread/INFO] [STDERR/]: [net.fexcraft.mod.fcl.FCL:lambda$new$9:156]: java.lang.NullPointerException: Cannot invoke "net.fexcraft.mod.uni.IDL.local()" because "loc" is null
[27Oct2025 16:37:34.021] [Server thread/INFO] [STDERR/]: [net.fexcraft.mod.fcl.FCL:lambda$new$9:156]: 	at TRANSFORMER/fcl@20.33/net.fexcraft.mod.uni.impl.WrapperHolderImpl.getDataResource0(WrapperHolderImpl.java:205)
[27Oct2025 16:37:34.021] [Server thread/INFO] [STDERR/]: [net.fexcraft.mod.fcl.FCL:lambda$new$9:156]: 	at TRANSFORMER/fcl@20.33/net.fexcraft.mod.uni.world.WrapperHolder.getDataResource(WrapperHolder.java:159)
[27Oct2025 16:37:34.021] [Server thread/INFO] [STDERR/]: [net.fexcraft.mod.fcl.FCL:lambda$new$9:156]: 	at TRANSFORMER/fcl@20.33/net.fexcraft.mod.uni.UniReg.getMenuJson(UniReg.java:59)
[27Oct2025 16:37:34.021] [Server thread/INFO] [STDERR/]: [net.fexcraft.mod.fcl.FCL:lambda$new$9:156]: 	at TRANSFORMER/fcl@20.33/net.fexcraft.mod.fcl.FCL.lambda$new$8(FCL.java:150)
[27Oct2025 16:37:34.021] [Server thread/INFO] [STDERR/]: [net.fexcraft.mod.fcl.FCL:lambda$new$9:156]: 	at TRANSFORMER/forge@47.3.7/net.minecraftforge.network.NetworkHooks.openScreen(NetworkHooks.java:194)
[27Oct2025 16:37:34.021] [Server thread/INFO] [STDERR/]: [net.fexcraft.mod.fcl.FCL:lambda$new$9:156]: 	at TRANSFORMER/fcl@20.33/net.fexcraft.mod.fcl.FCL.lambda$new$9(FCL.java:134)
[27Oct2025 16:37:34.021] [Server thread/INFO] [STDERR/]: [net.fexcraft.mod.fcl.FCL:lambda$new$9:156]: 	at TRANSFORMER/fcl@20.33/net.fexcraft.mod.fcl.util.EntityWI.openUI(EntityWI.java:147)
[27Oct2025 16:37:34.022] [Server thread/INFO] [STDERR/]: [net.fexcraft.mod.fcl.FCL:lambda$new$9:156]: 	at TRANSFORMER/fcl@20.33/net.fexcraft.mod.fcl.util.EntityWI.openUI(EntityWI.java:152)
[27Oct2025 16:37:34.022] [Server thread/INFO] [STDERR/]: [net.fexcraft.mod.fcl.FCL:lambda$new$9:156]: 	at TRANSFORMER/fcl@20.33/net.fexcraft.mod.fcl.ui.ManageConfigCon.packet(ManageConfigCon.java:57)
[27Oct2025 16:37:34.022] [Server thread/INFO] [STDERR/]: [net.fexcraft.mod.fcl.FCL:lambda$new$9:156]: 	at TRANSFORMER/fcl@20.33/net.fexcraft.mod.uni.ui.UniCon.onPacket(UniCon.java:153)
[27Oct2025 16:37:34.022] [Server thread/INFO] [STDERR/]: [net.fexcraft.mod.fcl.FCL:lambda$new$9:156]: 	at TRANSFORMER/fcl@20.33/net.fexcraft.mod.fcl.FCL.lambda$commonSetup$14(FCL.java:195)
[27Oct2025 16:37:34.022] [Server thread/INFO] [STDERR/]: [net.fexcraft.mod.fcl.FCL:lambda$new$9:156]: 	at TRANSFORMER/minecraft@1.20.1/net.minecraft.util.thread.BlockableEventLoop.m_18693_(BlockableEventLoop.java:67)
[27Oct2025 16:37:34.022] [Server thread/INFO] [STDERR/]: [net.fexcraft.mod.fcl.FCL:lambda$new$9:156]: 	at java.base/java.util.concurrent.CompletableFuture$AsyncSupply.run(CompletableFuture.java:1768)
[27Oct2025 16:37:34.022] [Server thread/INFO] [STDERR/]: [net.fexcraft.mod.fcl.FCL:lambda$new$9:156]: 	at TRANSFORMER/minecraft@1.20.1/net.minecraft.server.TickTask.run(TickTask.java:18)
[27Oct2025 16:37:34.022] [Server thread/INFO] [STDERR/]: [net.fexcraft.mod.fcl.FCL:lambda$new$9:156]: 	at TRANSFORMER/minecraft@1.20.1/net.minecraft.util.thread.BlockableEventLoop.m_6367_(BlockableEventLoop.java:156)
[27Oct2025 16:37:34.023] [Server thread/INFO] [STDERR/]: [net.fexcraft.mod.fcl.FCL:lambda$new$9:156]: 	at TRANSFORMER/minecraft@1.20.1/net.minecraft.util.thread.ReentrantBlockableEventLoop.m_6367_(ReentrantBlockableEventLoop.java:23)
[27Oct2025 16:37:34.023] [Server thread/INFO] [STDERR/]: [net.fexcraft.mod.fcl.FCL:lambda$new$9:156]: 	at TRANSFORMER/minecraft@1.20.1/net.minecraft.server.MinecraftServer.m_6367_(MinecraftServer.java:770)
[27Oct2025 16:37:34.023] [Server thread/INFO] [STDERR/]: [net.fexcraft.mod.fcl.FCL:lambda$new$9:156]: 	at TRANSFORMER/minecraft@1.20.1/net.minecraft.server.MinecraftServer.m_6367_(MinecraftServer.java:161)
[27Oct2025 16:37:34.023] [Server thread/INFO] [STDERR/]: [net.fexcraft.mod.fcl.FCL:lambda$new$9:156]: 	at TRANSFORMER/minecraft@1.20.1/net.minecraft.util.thread.BlockableEventLoop.m_7245_(BlockableEventLoop.java:130)
[27Oct2025 16:37:34.023] [Server thread/INFO] [STDERR/]: [net.fexcraft.mod.fcl.FCL:lambda$new$9:156]: 	at TRANSFORMER/minecraft@1.20.1/net.minecraft.server.MinecraftServer.m_129961_(MinecraftServer.java:753)
[27Oct2025 16:37:34.023] [Server thread/INFO] [STDERR/]: [net.fexcraft.mod.fcl.FCL:lambda$new$9:156]: 	at TRANSFORMER/minecraft@1.20.1/net.minecraft.server.MinecraftServer.m_7245_(MinecraftServer.java:747)
[27Oct2025 16:37:34.023] [Server thread/INFO] [STDERR/]: [net.fexcraft.mod.fcl.FCL:lambda$new$9:156]: 	at TRANSFORMER/minecraft@1.20.1/net.minecraft.util.thread.BlockableEventLoop.m_18701_(BlockableEventLoop.java:139)
[27Oct2025 16:37:34.024] [Server thread/INFO] [STDERR/]: [net.fexcraft.mod.fcl.FCL:lambda$new$9:156]: 	at TRANSFORMER/minecraft@1.20.1/net.minecraft.server.MinecraftServer.mixinextras$bridge$m_18701_$238(MinecraftServer.java)
[27Oct2025 16:37:34.024] [Server thread/INFO] [STDERR/]: [net.fexcraft.mod.fcl.FCL:lambda$new$9:156]: 	at TRANSFORMER/minecraft@1.20.1/net.minecraft.server.MinecraftServer.wrapOperation$zep000$managedBlock(MinecraftServer.java:1856)
[27Oct2025 16:37:34.024] [Server thread/INFO] [STDERR/]: [net.fexcraft.mod.fcl.FCL:lambda$new$9:156]: 	at TRANSFORMER/minecraft@1.20.1/net.minecraft.server.MinecraftServer.m_130012_(MinecraftServer.java:733)
[27Oct2025 16:37:34.024] [Server thread/INFO] [STDERR/]: [net.fexcraft.mod.fcl.FCL:lambda$new$9:156]: 	at TRANSFORMER/minecraft@1.20.1/net.minecraft.server.MinecraftServer.m_130011_(MinecraftServer.java:665)
[27Oct2025 16:37:34.024] [Server thread/INFO] [STDERR/]: [net.fexcraft.mod.fcl.FCL:lambda$new$9:156]: 	at TRANSFORMER/minecraft@1.20.1/net.minecraft.server.MinecraftServer.m_206580_(MinecraftServer.java:251)
[27Oct2025 16:37:34.024] [Server thread/INFO] [STDERR/]: [net.fexcraft.mod.fcl.FCL:lambda$new$9:156]: 	at java.base/java.lang.Thread.run(Thread.java:840)
[27Oct2025 16:37:44.644] [Server thread/INFO] [STDERR/]: [net.fexcraft.mod.fcl.FCL:lambda$new$9:156]: java.lang.NullPointerException: Cannot invoke "net.fexcraft.mod.uni.IDL.local()" because "loc" is null
[27Oct2025 16:37:44.645] [Server thread/INFO] [STDERR/]: [net.fexcraft.mod.fcl.FCL:lambda$new$9:156]: 	at TRANSFORMER/fcl@20.33/net.fexcraft.mod.uni.impl.WrapperHolderImpl.getDataResource0(WrapperHolderImpl.java:205)
[27Oct2025 16:37:44.645] [Server thread/INFO] [STDERR/]: [net.fexcraft.mod.fcl.FCL:lambda$new$9:156]: 	at TRANSFORMER/fcl@20.33/net.fexcraft.mod.uni.world.WrapperHolder.getDataResource(WrapperHolder.java:159)
[27Oct2025 16:37:44.645] [Server thread/INFO] [STDERR/]: [net.fexcraft.mod.fcl.FCL:lambda$new$9:156]: 	at TRANSFORMER/fcl@20.33/net.fexcraft.mod.uni.UniReg.getMenuJson(UniReg.java:59)
[27Oct2025 16:37:44.645] [Server thread/INFO] [STDERR/]: [net.fexcraft.mod.fcl.FCL:lambda$new$9:156]: 	at TRANSFORMER/fcl@20.33/net.fexcraft.mod.fcl.FCL.lambda$new$8(FCL.java:150)
[27Oct2025 16:37:44.645] [Server thread/INFO] [STDERR/]: [net.fexcraft.mod.fcl.FCL:lambda$new$9:156]: 	at TRANSFORMER/forge@47.3.7/net.minecraftforge.network.NetworkHooks.openScreen(NetworkHooks.java:194)
[27Oct2025 16:37:44.646] [Server thread/INFO] [STDERR/]: [net.fexcraft.mod.fcl.FCL:lambda$new$9:156]: 	at TRANSFORMER/fcl@20.33/net.fexcraft.mod.fcl.FCL.lambda$new$9(FCL.java:134)
[27Oct2025 16:37:44.646] [Server thread/INFO] [STDERR/]: [net.fexcraft.mod.fcl.FCL:lambda$new$9:156]: 	at TRANSFORMER/fcl@20.33/net.fexcraft.mod.fcl.util.EntityWI.openUI(EntityWI.java:147)
[27Oct2025 16:37:44.646] [Server thread/INFO] [STDERR/]: [net.fexcraft.mod.fcl.FCL:lambda$new$9:156]: 	at TRANSFORMER/fcl@20.33/net.fexcraft.mod.fcl.util.EntityWI.openUI(EntityWI.java:152)
[27Oct2025 16:37:44.646] [Server thread/INFO] [STDERR/]: [net.fexcraft.mod.fcl.FCL:lambda$new$9:156]: 	at TRANSFORMER/fcl@20.33/net.fexcraft.mod.fcl.ui.ManageConfigCon.packet(ManageConfigCon.java:57)
[27Oct2025 16:37:44.646] [Server thread/INFO] [STDERR/]: [net.fexcraft.mod.fcl.FCL:lambda$new$9:156]: 	at TRANSFORMER/fcl@20.33/net.fexcraft.mod.uni.ui.UniCon.onPacket(UniCon.java:153)
[27Oct2025 16:37:44.646] [Server thread/INFO] [STDERR/]: [net.fexcraft.mod.fcl.FCL:lambda$new$9:156]: 	at TRANSFORMER/fcl@20.33/net.fexcraft.mod.fcl.FCL.lambda$commonSetup$14(FCL.java:195)
[27Oct2025 16:37:44.647] [Server thread/INFO] [STDERR/]: [net.fexcraft.mod.fcl.FCL:lambda$new$9:156]: 	at TRANSFORMER/minecraft@1.20.1/net.minecraft.util.thread.BlockableEventLoop.m_18693_(BlockableEventLoop.java:67)
[27Oct2025 16:37:44.647] [Server thread/INFO] [STDERR/]: [net.fexcraft.mod.fcl.FCL:lambda$new$9:156]: 	at java.base/java.util.concurrent.CompletableFuture$AsyncSupply.run(CompletableFuture.java:1768)
[27Oct2025 16:37:44.647] [Server thread/INFO] [STDERR/]: [net.fexcraft.mod.fcl.FCL:lambda$new$9:156]: 	at TRANSFORMER/minecraft@1.20.1/net.minecraft.server.TickTask.run(TickTask.java:18)
[27Oct2025 16:37:44.647] [Server thread/INFO] [STDERR/]: [net.fexcraft.mod.fcl.FCL:lambda$new$9:156]: 	at TRANSFORMER/minecraft@1.20.1/net.minecraft.util.thread.BlockableEventLoop.m_6367_(BlockableEventLoop.java:156)
[27Oct2025 16:37:44.647] [Server thread/INFO] [STDERR/]: [net.fexcraft.mod.fcl.FCL:lambda$new$9:156]: 	at TRANSFORMER/minecraft@1.20.1/net.minecraft.util.thread.ReentrantBlockableEventLoop.m_6367_(ReentrantBlockableEventLoop.java:23)
[27Oct2025 16:37:44.647] [Server thread/INFO] [STDERR/]: [net.fexcraft.mod.fcl.FCL:lambda$new$9:156]: 	at TRANSFORMER/minecraft@1.20.1/net.minecraft.server.MinecraftServer.m_6367_(MinecraftServer.java:770)
[27Oct2025 16:37:44.647] [Server thread/INFO] [STDERR/]: [net.fexcraft.mod.fcl.FCL:lambda$new$9:156]: 	at TRANSFORMER/minecraft@1.20.1/net.minecraft.server.MinecraftServer.m_6367_(MinecraftServer.java:161)
[27Oct2025 16:37:44.648] [Server thread/INFO] [STDERR/]: [net.fexcraft.mod.fcl.FCL:lambda$new$9:156]: 	at TRANSFORMER/minecraft@1.20.1/net.minecraft.util.thread.BlockableEventLoop.m_7245_(BlockableEventLoop.java:130)
[27Oct2025 16:37:44.648] [Server thread/INFO] [STDERR/]: [net.fexcraft.mod.fcl.FCL:lambda$new$9:156]: 	at TRANSFORMER/minecraft@1.20.1/net.minecraft.server.MinecraftServer.m_129961_(MinecraftServer.java:753)
[27Oct2025 16:37:44.648] [Server thread/INFO] [STDERR/]: [net.fexcraft.mod.fcl.FCL:lambda$new$9:156]: 	at TRANSFORMER/minecraft@1.20.1/net.minecraft.server.MinecraftServer.m_7245_(MinecraftServer.java:747)
[27Oct2025 16:37:44.648] [Server thread/INFO] [STDERR/]: [net.fexcraft.mod.fcl.FCL:lambda$new$9:156]: 	at TRANSFORMER/minecraft@1.20.1/net.minecraft.util.thread.BlockableEventLoop.m_18699_(BlockableEventLoop.java:115)
[27Oct2025 16:37:44.648] [Server thread/INFO] [STDERR/]: [net.fexcraft.mod.fcl.FCL:lambda$new$9:156]: 	at TRANSFORMER/minecraft@1.20.1/net.minecraft.server.MinecraftServer.m_130012_(MinecraftServer.java:732)
[27Oct2025 16:37:44.648] [Server thread/INFO] [STDERR/]: [net.fexcraft.mod.fcl.FCL:lambda$new$9:156]: 	at TRANSFORMER/minecraft@1.20.1/net.minecraft.server.MinecraftServer.m_130011_(MinecraftServer.java:665)
[27Oct2025 16:37:44.649] [Server thread/INFO] [STDERR/]: [net.fexcraft.mod.fcl.FCL:lambda$new$9:156]: 	at TRANSFORMER/minecraft@1.20.1/net.minecraft.server.MinecraftServer.m_206580_(MinecraftServer.java:251)
[27Oct2025 16:37:44.649] [Server thread/INFO] [STDERR/]: [net.fexcraft.mod.fcl.FCL:lambda$new$9:156]: 	at java.base/java.lang.Thread.run(Thread.java:840)
[27Oct2025 16:38:19.638] [Worker-ResourceReload-6/DEBUG] [ModernFix/]: Worker-ResourceReload-6 shutdown
[27Oct2025 16:39:09.142] [Server thread/DEBUG] [net.minecraftforge.common.ForgeHooks/WP]: Gathering id map for writing to world save Matsuhama
[27Oct2025 16:39:09.150] [Server thread/DEBUG] [net.minecraftforge.common.ForgeHooks/WP]: ID Map collection complete Matsuhama
[27Oct2025 16:39:19.639] [Worker-ResourceReload-7/DEBUG] [ModernFix/]: Worker-ResourceReload-7 shutdown
[27Oct2025 16:40:27.793] [Server thread/INFO] [com.teampotato.redirector.Redirector/]: Redirecting noppes/npcs/constants/EnumAbilityType
[27Oct2025 16:41:00.004] [Server thread/INFO] [com.teampotato.redirector.Redirector/]: Redirecting software/bernie/geckolib/core/object/PlayState
[27Oct2025 16:41:00.005] [Server thread/INFO] [com.teampotato.redirector.Redirector/]: Redirecting software/bernie/geckolib/core/animation/AnimationController$State
[27Oct2025 16:43:01.427] [Server thread/INFO] [net.minecraft.server.MinecraftServer/]: [Imranack: Applied effect Smoked to Imranack]
[27Oct2025 16:43:33.315] [Server thread/INFO] [net.minecraft.server.MinecraftServer/]: [Imranack: Applied effect Smoked to Imranack]
[27Oct2025 16:43:55.186] [Server thread/INFO] [net.minecraft.server.MinecraftServer/]: [Imranack: Removed effect Smoked from Imranack]
[27Oct2025 16:44:09.055] [Server thread/DEBUG] [net.minecraftforge.common.ForgeHooks/WP]: Gathering id map for writing to world save Matsuhama
[27Oct2025 16:44:09.062] [Server thread/DEBUG] [net.minecraftforge.common.ForgeHooks/WP]: ID Map collection complete Matsuhama
[27Oct2025 16:49:09.055] [Server thread/DEBUG] [net.minecraftforge.common.ForgeHooks/WP]: Gathering id map for writing to world save Matsuhama
[27Oct2025 16:49:09.063] [Server thread/DEBUG] [net.minecraftforge.common.ForgeHooks/WP]: ID Map collection complete Matsuhama
[27Oct2025 16:49:56.722] [Netty Epoll Server IO #4/DEBUG] [net.minecraftforge.network.HandshakeHandler/FMLHANDSHAKE]: Starting new modded impl connection. Found 30 messages to dispatch.
[27Oct2025 16:49:56.736] [Server thread/DEBUG] [net.minecraftforge.network.HandshakeHandler/FMLHANDSHAKE]: Sending ticking packet info 'jeg:custom_gun_manager' to 'framework:handshake' sequence 0
[27Oct2025 16:49:56.786] [Server thread/DEBUG] [net.minecraftforge.network.HandshakeHandler/FMLHANDSHAKE]: Sending ticking packet info 'jeg:network_gun_manager' to 'framework:handshake' sequence 1
[27Oct2025 16:49:56.836] [Server thread/DEBUG] [net.minecraftforge.network.HandshakeHandler/FMLHANDSHAKE]: Sending ticking packet info 'net.minecraftforge.network.HandshakeMessages$S2CModData' to 'fml:handshake' sequence 2
[27Oct2025 16:49:56.848] [Netty Epoll Server IO #4/DEBUG] [net.minecraftforge.network.LoginWrapper/FMLHANDSHAKE]: Recieved login wrapper packet event for channel framework:handshake with index 0
[27Oct2025 16:49:56.848] [Netty Epoll Server IO #4/DEBUG] [net.minecraftforge.network.HandshakeHandler/FMLHANDSHAKE]: Received client indexed reply 0 of type com.mrcrayfish.framework.api.network.message.HandshakeMessage$Acknowledge
[27Oct2025 16:49:56.848] [Netty Epoll Server IO #4/DEBUG] [Framework/FRAMEWORK_HANDSHAKE]: Received acknowledgement from client
[27Oct2025 16:49:56.885] [Server thread/DEBUG] [net.minecraftforge.network.HandshakeHandler/FMLHANDSHAKE]: Sending ticking packet info 'net.minecraftforge.network.HandshakeMessages$S2CModList' to 'fml:handshake' sequence 3
[27Oct2025 16:49:56.936] [Server thread/DEBUG] [net.minecraftforge.network.HandshakeHandler/FMLHANDSHAKE]: Sending ticking packet info 'Registry minecraft:command_argument_type' to 'fml:handshake' sequence 4
[27Oct2025 16:49:56.985] [Server thread/DEBUG] [net.minecraftforge.network.HandshakeHandler/FMLHANDSHAKE]: Sending ticking packet info 'Registry minecraft:recipe_serializer' to 'fml:handshake' sequence 5
[27Oct2025 16:49:57.035] [Server thread/DEBUG] [net.minecraftforge.network.HandshakeHandler/FMLHANDSHAKE]: Sending ticking packet info 'Registry minecraft:sound_event' to 'fml:handshake' sequence 6
[27Oct2025 16:49:57.038] [Netty Epoll Server IO #4/DEBUG] [net.minecraftforge.network.LoginWrapper/FMLHANDSHAKE]: Recieved login wrapper packet event for channel framework:handshake with index 1
[27Oct2025 16:49:57.038] [Netty Epoll Server IO #4/DEBUG] [net.minecraftforge.network.HandshakeHandler/FMLHANDSHAKE]: Received client indexed reply 1 of type com.mrcrayfish.framework.api.network.message.HandshakeMessage$Acknowledge
[27Oct2025 16:49:57.038] [Netty Epoll Server IO #4/DEBUG] [Framework/FRAMEWORK_HANDSHAKE]: Received acknowledgement from client
[27Oct2025 16:49:57.089] [Server thread/INFO] [net.minecraft.server.network.ServerLoginPacketListenerImpl/]: com.mojang.authlib.GameProfile@4249f053[id=<null>,name=Herobrine,properties={},legacy=false] (/127.187.26.140:60681) lost connection: Disconnected
[27Oct2025 16:50:44.168] [Netty Epoll Server IO #5/DEBUG] [net.minecraftforge.network.HandshakeHandler/FMLHANDSHAKE]: Starting new modded impl connection. Found 30 messages to dispatch.
[27Oct2025 16:50:44.486] [Server thread/DEBUG] [net.minecraftforge.network.HandshakeHandler/FMLHANDSHAKE]: Sending ticking packet info 'jeg:custom_gun_manager' to 'framework:handshake' sequence 0
[27Oct2025 16:50:44.536] [Server thread/DEBUG] [net.minecraftforge.network.HandshakeHandler/FMLHANDSHAKE]: Sending ticking packet info 'jeg:network_gun_manager' to 'framework:handshake' sequence 1
[27Oct2025 16:50:44.548] [Netty Epoll Server IO #5/DEBUG] [net.minecraftforge.network.LoginWrapper/FMLHANDSHAKE]: Recieved login wrapper packet event for channel framework:handshake with index 0
[27Oct2025 16:50:44.548] [Netty Epoll Server IO #5/DEBUG] [net.minecraftforge.network.HandshakeHandler/FMLHANDSHAKE]: Received client indexed reply 0 of type com.mrcrayfish.framework.api.network.message.HandshakeMessage$Acknowledge
[27Oct2025 16:50:44.548] [Netty Epoll Server IO #5/DEBUG] [Framework/FRAMEWORK_HANDSHAKE]: Received acknowledgement from client
[27Oct2025 16:50:44.586] [Server thread/DEBUG] [net.minecraftforge.network.HandshakeHandler/FMLHANDSHAKE]: Sending ticking packet info 'net.minecraftforge.network.HandshakeMessages$S2CModData' to 'fml:handshake' sequence 2
[27Oct2025 16:50:44.644] [Server thread/DEBUG] [net.minecraftforge.network.HandshakeHandler/FMLHANDSHAKE]: Sending ticking packet info 'net.minecraftforge.network.HandshakeMessages$S2CModList' to 'fml:handshake' sequence 3
[27Oct2025 16:50:44.686] [Server thread/DEBUG] [net.minecraftforge.network.HandshakeHandler/FMLHANDSHAKE]: Sending ticking packet info 'Registry minecraft:command_argument_type' to 'fml:handshake' sequence 4
[27Oct2025 16:50:44.718] [Netty Epoll Server IO #5/DEBUG] [net.minecraftforge.network.LoginWrapper/FMLHANDSHAKE]: Recieved login wrapper packet event for channel framework:handshake with index 1
[27Oct2025 16:50:44.718] [Netty Epoll Server IO #5/DEBUG] [net.minecraftforge.network.HandshakeHandler/FMLHANDSHAKE]: Received client indexed reply 1 of type com.mrcrayfish.framework.api.network.message.HandshakeMessage$Acknowledge
[27Oct2025 16:50:44.718] [Netty Epoll Server IO #5/DEBUG] [Framework/FRAMEWORK_HANDSHAKE]: Received acknowledgement from client
[27Oct2025 16:50:44.736] [Server thread/DEBUG] [net.minecraftforge.network.HandshakeHandler/FMLHANDSHAKE]: Sending ticking packet info 'Registry minecraft:recipe_serializer' to 'fml:handshake' sequence 5
[27Oct2025 16:50:44.787] [Server thread/INFO] [net.minecraft.server.network.ServerLoginPacketListenerImpl/]: com.mojang.authlib.GameProfile@76a808d5[id=<null>,name=Herobrine,properties={},legacy=false] (/127.187.26.140:50945) lost connection: Disconnected
[27Oct2025 16:52:47.079] [Server thread/INFO] [net.minecraft.server.MinecraftServer/]: [Imranack: Teleported Imranack to 74.500000, 65.000000, -17.500000]
[27Oct2025 16:52:47.443] [Server thread/INFO] [com.teampotato.redirector.Redirector/]: Redirecting minecrafttransportsimulator/rendering/RenderableData$LightingMode
[27Oct2025 16:54:09.054] [Server thread/DEBUG] [net.minecraftforge.common.ForgeHooks/WP]: Gathering id map for writing to world save Matsuhama
[27Oct2025 16:54:09.060] [Server thread/DEBUG] [net.minecraftforge.common.ForgeHooks/WP]: ID Map collection complete Matsuhama
[27Oct2025 16:54:26.809] [Server thread/DEBUG] [net.minecraftforge.server.ServerLifecycleHooks/CORE]: Generating PackInfo named mod:smoothchunk for mod file /workspaces/Marbella/servidor_minecraft/mods/smoothchunk-1.20.1-4.1.jar
[27Oct2025 16:54:26.809] [Server thread/DEBUG] [net.minecraftforge.server.ServerLifecycleHooks/CORE]: Generating PackInfo named mod:cuffed for mod file /workspaces/Marbella/servidor_minecraft/mods/Cuffed-1.20.1-1.3.9.jar
[27Oct2025 16:54:26.809] [Server thread/DEBUG] [net.minecraftforge.server.ServerLifecycleHooks/CORE]: Generating PackInfo named mod:eyemod for mod file /workspaces/Marbella/servidor_minecraft/mods/eyemod-3.0.0.jar
[27Oct2025 16:54:26.809] [Server thread/DEBUG] [net.minecraftforge.server.ServerLifecycleHooks/CORE]: Generating PackInfo named mod:bh for mod file /workspaces/Marbella/servidor_minecraft/mods/asphalt cars 0.1.0 for 1.18.2x.jar
[27Oct2025 16:54:26.809] [Server thread/DEBUG] [net.minecraftforge.server.ServerLifecycleHooks/CORE]: Generating PackInfo named mod:geckolib for mod file /workspaces/Marbella/servidor_minecraft/mods/geckolib-forge-1.20.1-4.8.2.jar
[27Oct2025 16:54:26.809] [Server thread/DEBUG] [net.minecraftforge.server.ServerLifecycleHooks/CORE]: Generating PackInfo named mod:culllessleaves for mod file /workspaces/Marbella/servidor_minecraft/mods/CullLessLeaves-Reforged-1.20.1-1.0.5.jar
[27Oct2025 16:54:26.809] [Server thread/DEBUG] [net.minecraftforge.server.ServerLifecycleHooks/CORE]: Generating PackInfo named mod:creativecore for mod file /workspaces/Marbella/servidor_minecraft/mods/CreativeCore_FORGE_v2.12.32_mc1.20.1.jar
[27Oct2025 16:54:26.809] [Server thread/DEBUG] [net.minecraftforge.server.ServerLifecycleHooks/CORE]: Generating PackInfo named mod:locks for mod file /workspaces/Marbella/servidor_minecraft/mods/Locks-Unoffical-forge-1.20.1-1.2.4.jar
[27Oct2025 16:54:26.809] [Server thread/DEBUG] [net.minecraftforge.server.ServerLifecycleHooks/CORE]: Generating PackInfo named mod:jeg for mod file /workspaces/Marbella/servidor_minecraft/mods/JustEnoughGuns-0.13.2-1.20.1.jar
[27Oct2025 16:54:26.809] [Server thread/DEBUG] [net.minecraftforge.server.ServerLifecycleHooks/CORE]: Generating PackInfo named mod:itemproductionlib for mod file /workspaces/Marbella/servidor_minecraft/mods/ItemProductionLib-1.20.1-1.0.2a-all.jar
[27Oct2025 16:54:26.809] [Server thread/DEBUG] [net.minecraftforge.server.ServerLifecycleHooks/CORE]: Generating PackInfo named mod:fcl for mod file /workspaces/Marbella/servidor_minecraft/mods/fcl-20.33.jar
[27Oct2025 16:54:26.809] [Server thread/DEBUG] [net.minecraftforge.server.ServerLifecycleHooks/CORE]: Generating PackInfo named mod:attributefix for mod file /workspaces/Marbella/servidor_minecraft/mods/AttributeFix-Forge-1.20.1-21.0.4.jar
[27Oct2025 16:54:26.810] [Server thread/DEBUG] [net.minecraftforge.server.ServerLifecycleHooks/CORE]: Generating PackInfo named mod:faz_roleplay_plus for mod file /workspaces/Marbella/servidor_minecraft/mods/FazRoleplayClothes-1.20.1-2.1.jar
[27Oct2025 16:54:26.810] [Server thread/DEBUG] [net.minecraftforge.server.ServerLifecycleHooks/CORE]: Generating PackInfo named mod:connectivity for mod file /workspaces/Marbella/servidor_minecraft/mods/connectivity-1.20.1-7.2.jar
[27Oct2025 16:54:26.810] [Server thread/DEBUG] [net.minecraftforge.server.ServerLifecycleHooks/CORE]: Generating PackInfo named mod:casinocraft for mod file /workspaces/Marbella/servidor_minecraft/mods/CasinoCraft_1.20.1_v25.jar
[27Oct2025 16:54:26.810] [Server thread/DEBUG] [net.minecraftforge.server.ServerLifecycleHooks/CORE]: Generating PackInfo named mod:betterfpsdist for mod file /workspaces/Marbella/servidor_minecraft/mods/betterfpsdist-1.20.1-6.0.jar
[27Oct2025 16:54:26.810] [Server thread/DEBUG] [net.minecraftforge.server.ServerLifecycleHooks/CORE]: Generating PackInfo named mod:saros__money_mod for mod file /workspaces/Marbella/servidor_minecraft/mods/Saros-Money-Mod.1.20.1-3.5.5.jar
[27Oct2025 16:54:26.810] [Server thread/DEBUG] [net.minecraftforge.server.ServerLifecycleHooks/CORE]: Generating PackInfo named mod:curios for mod file /workspaces/Marbella/servidor_minecraft/mods/curios-forge-5.14.1+1.20.1 (1).jar
[27Oct2025 16:54:26.810] [Server thread/DEBUG] [net.minecraftforge.server.ServerLifecycleHooks/CORE]: Generating PackInfo named mod:lexiconfig for mod file /workspaces/Marbella/servidor_minecraft/mods/lexiconfig-forge-1.4.18-1.jar
[27Oct2025 16:54:26.810] [Server thread/DEBUG] [net.minecraftforge.server.ServerLifecycleHooks/CORE]: Generating PackInfo named mod:modernfurniture for mod file /workspaces/Marbella/servidor_minecraft/mods/modernfurniture-e5-x128-forge-1.20.1.jar
[27Oct2025 16:54:26.810] [Server thread/DEBUG] [net.minecraftforge.server.ServerLifecycleHooks/CORE]: Generating PackInfo named mod:camera for mod file /workspaces/Marbella/servidor_minecraft/mods/camera-forge-1.20.1-1.0.20.jar
[27Oct2025 16:54:26.810] [Server thread/DEBUG] [net.minecraftforge.server.ServerLifecycleHooks/CORE]: Generating PackInfo named mod:modernfix for mod file /workspaces/Marbella/servidor_minecraft/mods/modernfix-forge-5.24.4+mc1.20.1 (1).jar
[27Oct2025 16:54:26.810] [Server thread/DEBUG] [net.minecraftforge.server.ServerLifecycleHooks/CORE]: Generating PackInfo named mod:brcc for mod file /workspaces/Marbella/servidor_minecraft/mods/BRCC 1.0.5 1.16.5-1.20.1.jar
[27Oct2025 16:54:26.810] [Server thread/DEBUG] [net.minecraftforge.server.ServerLifecycleHooks/CORE]: Generating PackInfo named mod:inv_view_forge for mod file /workspaces/Marbella/servidor_minecraft/mods/inv_view_forge-2.1.0-1.20.1.jar
[27Oct2025 16:54:26.811] [Server thread/DEBUG] [net.minecraftforge.server.ServerLifecycleHooks/CORE]: Generating PackInfo named mod:mixinextras for mod file 
[27Oct2025 16:54:26.811] [Server thread/DEBUG] [net.minecraftforge.server.ServerLifecycleHooks/CORE]: Generating PackInfo named mod:lucky77 for mod file /workspaces/Marbella/servidor_minecraft/mods/Lucky77_1.20.1_v04.jar
[27Oct2025 16:54:26.811] [Server thread/DEBUG] [net.minecraftforge.server.ServerLifecycleHooks/CORE]: Generating PackInfo named mod:devices for mod file /workspaces/Marbella/servidor_minecraft/mods/devices-forge-0.8.4.jar
[27Oct2025 16:54:26.811] [Server thread/DEBUG] [net.minecraftforge.server.ServerLifecycleHooks/CORE]: Generating PackInfo named mod:bookshelf for mod file /workspaces/Marbella/servidor_minecraft/mods/Bookshelf-Forge-1.20.1-20.2.13.jar
[27Oct2025 16:54:26.811] [Server thread/DEBUG] [net.minecraftforge.server.ServerLifecycleHooks/CORE]: Generating PackInfo named mod:customnpcs for mod file /workspaces/Marbella/servidor_minecraft/mods/CustomNPCs-1.20.1-GBPort-Unofficial-20250830.jar
[27Oct2025 16:54:26.811] [Server thread/DEBUG] [net.minecraftforge.server.ServerLifecycleHooks/CORE]: Generating PackInfo named mod:starlight for mod file /workspaces/Marbella/servidor_minecraft/mods/starlight-1.1.2+forge.1cda73c.jar
[27Oct2025 16:54:26.811] [Server thread/DEBUG] [net.minecraftforge.server.ServerLifecycleHooks/CORE]: Generating PackInfo named mod:architectury for mod file /workspaces/Marbella/servidor_minecraft/mods/architectury-9.2.14-forge.jar
[27Oct2025 16:54:26.811] [Server thread/DEBUG] [net.minecraftforge.server.ServerLifecycleHooks/CORE]: Generating PackInfo named mod:ftblibrary for mod file /workspaces/Marbella/servidor_minecraft/mods/ftb-library-forge-2001.2.10.jar
[27Oct2025 16:54:26.811] [Server thread/DEBUG] [net.minecraftforge.server.ServerLifecycleHooks/CORE]: Generating PackInfo named mod:ferritecore for mod file /workspaces/Marbella/servidor_minecraft/mods/ferritecore-6.0.1-forge (1).jar
[27Oct2025 16:54:26.811] [Server thread/DEBUG] [net.minecraftforge.server.ServerLifecycleHooks/CORE]: Generating PackInfo named mod:mts for mod file /workspaces/Marbella/servidor_minecraft/mods/Immersive Vehicles-1.20.1-22.18.0-pre.jar
[27Oct2025 16:54:26.811] [Server thread/DEBUG] [net.minecraftforge.server.ServerLifecycleHooks/CORE]: Generating PackInfo named mod:cupboard for mod file /workspaces/Marbella/servidor_minecraft/mods/cupboard-1.20.1-2.7.jar
[27Oct2025 16:54:26.811] [Server thread/DEBUG] [net.minecraftforge.server.ServerLifecycleHooks/CORE]: Generating PackInfo named mod:boxing_madness for mod file /workspaces/Marbella/servidor_minecraft/mods/boxing_madness_1.20.1.jar
[27Oct2025 16:54:26.812] [Server thread/DEBUG] [net.minecraftforge.server.ServerLifecycleHooks/CORE]: Generating PackInfo named mod:saros_road_signs_mod for mod file /workspaces/Marbella/servidor_minecraft/mods/Saros-Road-Signs-Mod-1.20.1-4.3.jar
[27Oct2025 16:54:26.812] [Server thread/DEBUG] [net.minecraftforge.server.ServerLifecycleHooks/CORE]: Generating PackInfo named mod:dtrch for mod file /workspaces/Marbella/servidor_minecraft/mods/dtrch-1.3.0-forge-1.20.1.jar
[27Oct2025 16:54:26.812] [Server thread/DEBUG] [net.minecraftforge.server.ServerLifecycleHooks/CORE]: Generating PackInfo named mod:saros_road_blocks_mod for mod file /workspaces/Marbella/servidor_minecraft/mods/Saros-Road-Blocks-Mod-1.20.1-4.0.jar
[27Oct2025 16:54:26.812] [Server thread/DEBUG] [net.minecraftforge.server.ServerLifecycleHooks/CORE]: Generating PackInfo named mod:framework for mod file /workspaces/Marbella/servidor_minecraft/mods/framework-forge-1.20.1-0.7.15 (1).jar
[27Oct2025 16:54:26.812] [Server thread/DEBUG] [net.minecraftforge.server.ServerLifecycleHooks/CORE]: Generating PackInfo named mod:forge for mod file /workspaces/Marbella/servidor_minecraft/libraries/net/minecraftforge/forge/1.20.1-47.3.7/forge-1.20.1-47.3.7-universal.jar
[27Oct2025 16:54:26.812] [Server thread/DEBUG] [net.minecraftforge.server.ServerLifecycleHooks/CORE]: Generating PackInfo named mod:lazrslib for mod file /workspaces/Marbella/servidor_minecraft/mods/Lazr's Lib-1.20-1.1.1.jar
[27Oct2025 16:54:26.812] [Server thread/DEBUG] [net.minecraftforge.server.ServerLifecycleHooks/CORE]: Generating PackInfo named mod:playerrevive for mod file /workspaces/Marbella/servidor_minecraft/mods/PlayerRevive_FORGE_v2.0.31_mc1.20.1.jar
[27Oct2025 16:54:26.812] [Server thread/INFO] [net.minecraft.server.MinecraftServer/]: [Imranack: Reloading!]
[27Oct2025 16:54:26.818] [Server thread/DEBUG] [bookshelf/]: Rebuilding entries for bookshelf. Previous entries 1
[27Oct2025 16:54:26.818] [Server thread/DEBUG] [bookshelf/]: Built 1 Command entries. Took 0.04ms.
[27Oct2025 16:54:26.819] [Server thread/DEBUG] [bookshelf/]: Rebuilding entries for bookshelf. Previous entries 0
[27Oct2025 16:54:26.837] [Worker-ResourceReload-8/ERROR] [net.minecraft.tags.TagLoader/]: Couldn't load tag cuffed:can_reinforce_padlock as it is missing following references: minecraft:diamond_ingot (from Cuffed-1.20.1-1.3.9.jar)
[27Oct2025 16:54:27.033] [Worker-ResourceReload-8/INFO] [jeg/]: Registered gun 'jeg:abstract_gun'
[27Oct2025 16:54:27.034] [Worker-ResourceReload-8/INFO] [jeg/]: Registered gun 'jeg:assault_rifle'
[27Oct2025 16:54:27.034] [Worker-ResourceReload-8/INFO] [jeg/]: Registered gun 'jeg:atlantean_spear'
[27Oct2025 16:54:27.034] [Worker-ResourceReload-8/INFO] [jeg/]: Registered gun 'jeg:blossom_rifle'
[27Oct2025 16:54:27.054] [Worker-ResourceReload-8/INFO] [jeg/]: Registered gun 'jeg:bolt_action_rifle'
[27Oct2025 16:54:27.057] [Worker-ResourceReload-8/INFO] [jeg/]: Registered gun 'jeg:burst_rifle'
[27Oct2025 16:54:27.057] [Worker-ResourceReload-8/INFO] [jeg/]: Registered gun 'jeg:combat_pistol'
[27Oct2025 16:54:27.057] [Worker-ResourceReload-8/INFO] [jeg/]: Registered gun 'jeg:combat_rifle'
[27Oct2025 16:54:27.058] [Worker-ResourceReload-8/INFO] [jeg/]: Registered gun 'jeg:compound_bow'
[27Oct2025 16:54:27.058] [Worker-ResourceReload-8/INFO] [jeg/]: Registered gun 'jeg:custom_smg'
[27Oct2025 16:54:27.059] [Worker-ResourceReload-8/INFO] [jeg/]: Registered gun 'jeg:double_barrel_shotgun'
[27Oct2025 16:54:27.060] [Worker-ResourceReload-8/INFO] [jeg/]: Registered gun 'jeg:finger_gun'
[27Oct2025 16:54:27.063] [Worker-ResourceReload-8/INFO] [jeg/]: Registered gun 'jeg:flamethrower'
[27Oct2025 16:54:27.063] [Worker-ResourceReload-8/INFO] [jeg/]: Registered gun 'jeg:flare_gun'
[27Oct2025 16:54:27.063] [Worker-ResourceReload-8/INFO] [jeg/]: Registered gun 'jeg:grenade_launcher'
[27Oct2025 16:54:27.064] [Worker-ResourceReload-8/INFO] [jeg/]: Registered gun 'jeg:hollenfire_mk2'
[27Oct2025 16:54:27.064] [Worker-ResourceReload-8/INFO] [jeg/]: Registered gun 'jeg:holy_shotgun'
[27Oct2025 16:54:27.068] [Worker-ResourceReload-8/INFO] [jeg/]: Registered gun 'jeg:hypersonic_cannon'
[27Oct2025 16:54:27.068] [Worker-ResourceReload-8/INFO] [jeg/]: Registered gun 'jeg:infantry_rifle'
[27Oct2025 16:54:27.069] [Worker-ResourceReload-8/INFO] [jeg/]: Registered gun 'jeg:light_machine_gun'
[27Oct2025 16:54:27.071] [Worker-ResourceReload-8/INFO] [jeg/]: Registered gun 'jeg:minigun'
[27Oct2025 16:54:27.072] [Worker-ResourceReload-8/INFO] [jeg/]: Registered gun 'jeg:primitive_bow'
[27Oct2025 16:54:27.072] [Worker-ResourceReload-8/INFO] [jeg/]: Registered gun 'jeg:pump_shotgun'
[27Oct2025 16:54:27.073] [Worker-ResourceReload-8/INFO] [jeg/]: Registered gun 'jeg:repeating_shotgun'
[27Oct2025 16:54:27.073] [Worker-ResourceReload-8/INFO] [jeg/]: Registered gun 'jeg:revolver'
[27Oct2025 16:54:27.074] [Worker-ResourceReload-8/INFO] [jeg/]: Registered gun 'jeg:rocket_launcher'
[27Oct2025 16:54:27.074] [Worker-ResourceReload-8/INFO] [jeg/]: Registered gun 'jeg:semi_auto_pistol'
[27Oct2025 16:54:27.075] [Worker-ResourceReload-8/INFO] [jeg/]: Registered gun 'jeg:semi_auto_rifle'
[27Oct2025 16:54:27.078] [Worker-ResourceReload-8/INFO] [jeg/]: Registered gun 'jeg:service_rifle'
[27Oct2025 16:54:27.078] [Worker-ResourceReload-8/INFO] [jeg/]: Registered gun 'jeg:soulhunter_mk2'
[27Oct2025 16:54:27.079] [Worker-ResourceReload-8/INFO] [jeg/]: Registered gun 'jeg:subsonic_rifle'
[27Oct2025 16:54:27.079] [Worker-ResourceReload-8/INFO] [jeg/]: Registered gun 'jeg:supersonic_shotgun'
[27Oct2025 16:54:27.080] [Worker-ResourceReload-8/INFO] [jeg/]: Registered gun 'jeg:typhoonee'
[27Oct2025 16:54:27.082] [Worker-ResourceReload-8/INFO] [jeg/]: Registered gun 'jeg:waterpipe_shotgun'
[27Oct2025 16:54:27.083] [Worker-ResourceReload-8/INFO] [jeg/]: Registered gun 'jeg_cfg:vindicator_smg'
[27Oct2025 16:54:27.083] [Worker-ResourceReload-8/INFO] [jeg/]: Registered gun 'jeg_cfg:primitive_blowpipe'
[27Oct2025 16:54:27.084] [Worker-ResourceReload-8/INFO] [jeg/]: Registered gun 'jeg_cfg:fire_sweeper'
[27Oct2025 16:54:27.163] [Server thread/ERROR] [net.minecraft.world.item.crafting.RecipeManager/]: Parsing error loading recipe devices:office_chair/silver: com.google.gson.JsonSyntaxException: Unknown item 'minecraft:wool'
[27Oct2025 16:54:27.165] [Server thread/ERROR] [net.minecraft.world.item.crafting.RecipeManager/]: Parsing error loading recipe devices:office_chair/red: com.google.gson.JsonSyntaxException: Unknown item 'minecraft:concrete'
[27Oct2025 16:54:27.166] [Server thread/ERROR] [net.minecraft.world.item.crafting.RecipeManager/]: Parsing error loading recipe devices:office_chair/magenta: com.google.gson.JsonSyntaxException: Unknown item 'minecraft:concrete'
[27Oct2025 16:54:27.167] [Server thread/ERROR] [net.minecraft.world.item.crafting.RecipeManager/]: Parsing error loading recipe devices:office_chair/gray: com.google.gson.JsonSyntaxException: Unknown item 'minecraft:concrete'
[27Oct2025 16:54:27.169] [Server thread/ERROR] [net.minecraft.world.item.crafting.RecipeManager/]: Parsing error loading recipe devices:office_chair/cyan: com.google.gson.JsonSyntaxException: Unknown item 'minecraft:concrete'
[27Oct2025 16:54:27.175] [Server thread/ERROR] [net.minecraft.world.item.crafting.RecipeManager/]: Parsing error loading recipe devices:office_chair/white: com.google.gson.JsonSyntaxException: Unknown item 'minecraft:wool'
[27Oct2025 16:54:27.175] [Server thread/ERROR] [net.minecraft.world.item.crafting.RecipeManager/]: Parsing error loading recipe devices:office_chair/purple: com.google.gson.JsonSyntaxException: Unknown item 'minecraft:concrete'
[27Oct2025 16:54:27.176] [Server thread/ERROR] [net.minecraft.world.item.crafting.RecipeManager/]: Parsing error loading recipe devices:office_chair/lime: com.google.gson.JsonSyntaxException: Unknown item 'minecraft:concrete'
[27Oct2025 16:54:27.177] [Server thread/ERROR] [net.minecraft.world.item.crafting.RecipeManager/]: Parsing error loading recipe devices:office_chair/yellow: com.google.gson.JsonSyntaxException: Unknown item 'minecraft:wool'
[27Oct2025 16:54:27.177] [Server thread/ERROR] [net.minecraft.world.item.crafting.RecipeManager/]: Parsing error loading recipe devices:office_chair/blue: com.google.gson.JsonSyntaxException: Unknown item 'minecraft:concrete'
[27Oct2025 16:54:27.179] [Server thread/ERROR] [net.minecraft.world.item.crafting.RecipeManager/]: Parsing error loading recipe dtrch:emr_summer_armor_helmet_recipe: com.google.gson.JsonSyntaxException: Unknown item 'dtrch:emr_summer_armor_helmet'
[27Oct2025 16:54:27.179] [Server thread/ERROR] [net.minecraft.world.item.crafting.RecipeManager/]: Parsing error loading recipe devices:office_chair/pink: com.google.gson.JsonSyntaxException: Unknown item 'minecraft:ping_wool'
[27Oct2025 16:54:27.181] [Server thread/ERROR] [net.minecraft.world.item.crafting.RecipeManager/]: Parsing error loading recipe cuffed:information_booklet: com.google.gson.JsonSyntaxException: Unknown item 'cuffed:information_booklet'
[27Oct2025 16:54:27.183] [Server thread/ERROR] [net.minecraft.world.item.crafting.RecipeManager/]: Parsing error loading recipe devices:office_chair/black: com.google.gson.JsonSyntaxException: Unknown item 'minecraft:concrete'
[27Oct2025 16:54:27.184] [Server thread/ERROR] [net.minecraft.world.item.crafting.RecipeManager/]: Parsing error loading recipe devices:office_chair/green: com.google.gson.JsonSyntaxException: Unknown item 'minecraft:concrete'
[27Oct2025 16:54:27.185] [Server thread/ERROR] [net.minecraft.world.item.crafting.RecipeManager/]: Parsing error loading recipe devices:office_chair/brown: com.google.gson.JsonSyntaxException: Unknown item 'minecraft:concrete'
[27Oct2025 16:54:27.188] [Server thread/ERROR] [net.minecraft.world.item.crafting.RecipeManager/]: Parsing error loading recipe devices:office_chair/orange: com.google.gson.JsonSyntaxException: Unknown item 'minecraft:concrete'
[27Oct2025 16:54:27.188] [Server thread/ERROR] [net.minecraft.world.item.crafting.RecipeManager/]: Parsing error loading recipe devices:office_chair/light_blue: com.google.gson.JsonSyntaxException: Unknown item 'minecraft:concrete'
[27Oct2025 16:54:27.189] [Server thread/INFO] [net.minecraft.world.item.crafting.RecipeManager/]: Loaded 12 recipes
[27Oct2025 16:54:27.222] [Server thread/INFO] [net.minecraft.advancements.AdvancementList/]: Loaded 1422 advancements
[27Oct2025 16:54:27.223] [Server thread/INFO] [STDOUT/]: [ttv.migami.jeg.modifier.ModifierLoader:apply:47]: Loaded 2 modifier groups
[27Oct2025 16:54:27.224] [Server thread/INFO] [top.theillusivec4.curios.Curios/]: Loaded 10 curio slots
[27Oct2025 16:54:27.225] [Server thread/INFO] [top.theillusivec4.curios.Curios/]: Loaded 1 curio entities
[27Oct2025 16:54:27.277] [Server thread/INFO] [Lexiconfig/]: Starting lexicon revision!
[27Oct2025 16:54:27.277] [Server thread/DEBUG] [Lexiconfig/]: Revising lexicon lexiconfig..
[27Oct2025 16:54:27.279] [Server thread/INFO] [Lexiconfig/]: Finished lexicon revision!
[27Oct2025 16:54:35.719] [Server thread/INFO] [net.minecraft.server.MinecraftServer/]: [Imranack: Executed 5 command(s) from function 'money:give_money']
[27Oct2025 16:55:27.153] [Worker-ResourceReload-9/DEBUG] [ModernFix/]: Worker-ResourceReload-9 shutdown
[27Oct2025 16:56:27.153] [Worker-ResourceReload-10/DEBUG] [ModernFix/]: Worker-ResourceReload-10 shutdown
[27Oct2025 16:57:24.618] [Server thread/INFO] [net.minecraft.server.MinecraftServer/]: [Imranack: Set own game mode to Survival Mode]
[27Oct2025 16:57:27.153] [Worker-ResourceReload-8/DEBUG] [ModernFix/]: Worker-ResourceReload-8 shutdown
[27Oct2025 16:57:34.682] [Server thread/INFO] [net.minecraft.server.MinecraftServer/]: [Imranack: Set own game mode to Creative Mode]
[27Oct2025 16:57:46.098] [Netty Epoll Server IO #7/DEBUG] [net.minecraftforge.network.HandshakeHandler/FMLHANDSHAKE]: Starting new modded impl connection. Found 30 messages to dispatch.
[27Oct2025 16:57:46.387] [Server thread/DEBUG] [net.minecraftforge.network.HandshakeHandler/FMLHANDSHAKE]: Sending ticking packet info 'jeg:custom_gun_manager' to 'framework:handshake' sequence 0
[27Oct2025 16:57:46.437] [Server thread/DEBUG] [net.minecraftforge.network.HandshakeHandler/FMLHANDSHAKE]: Sending ticking packet info 'jeg:network_gun_manager' to 'framework:handshake' sequence 1
[27Oct2025 16:57:46.487] [Server thread/DEBUG] [net.minecraftforge.network.HandshakeHandler/FMLHANDSHAKE]: Sending ticking packet info 'net.minecraftforge.network.HandshakeMessages$S2CModData' to 'fml:handshake' sequence 2
[27Oct2025 16:57:46.497] [Netty Epoll Server IO #7/DEBUG] [net.minecraftforge.network.LoginWrapper/FMLHANDSHAKE]: Recieved login wrapper packet event for channel framework:handshake with index 0
[27Oct2025 16:57:46.497] [Netty Epoll Server IO #7/DEBUG] [net.minecraftforge.network.HandshakeHandler/FMLHANDSHAKE]: Received client indexed reply 0 of type com.mrcrayfish.framework.api.network.message.HandshakeMessage$Acknowledge
[27Oct2025 16:57:46.497] [Netty Epoll Server IO #7/DEBUG] [Framework/FRAMEWORK_HANDSHAKE]: Received acknowledgement from client
[27Oct2025 16:57:46.536] [Server thread/DEBUG] [net.minecraftforge.network.HandshakeHandler/FMLHANDSHAKE]: Sending ticking packet info 'net.minecraftforge.network.HandshakeMessages$S2CModList' to 'fml:handshake' sequence 3
[27Oct2025 16:57:46.585] [Server thread/DEBUG] [net.minecraftforge.network.HandshakeHandler/FMLHANDSHAKE]: Sending ticking packet info 'Registry minecraft:command_argument_type' to 'fml:handshake' sequence 4
[27Oct2025 16:57:46.636] [Netty Epoll Server IO #7/DEBUG] [net.minecraftforge.network.LoginWrapper/FMLHANDSHAKE]: Recieved login wrapper packet event for channel framework:handshake with index 1
[27Oct2025 16:57:46.636] [Netty Epoll Server IO #7/DEBUG] [net.minecraftforge.network.HandshakeHandler/FMLHANDSHAKE]: Received client indexed reply 1 of type com.mrcrayfish.framework.api.network.message.HandshakeMessage$Acknowledge
[27Oct2025 16:57:46.637] [Netty Epoll Server IO #7/DEBUG] [Framework/FRAMEWORK_HANDSHAKE]: Received acknowledgement from client
[27Oct2025 16:57:46.646] [Server thread/DEBUG] [net.minecraftforge.network.HandshakeHandler/FMLHANDSHAKE]: Sending ticking packet info 'Registry minecraft:recipe_serializer' to 'fml:handshake' sequence 5
[27Oct2025 16:57:46.684] [Netty Epoll Server IO #7/DEBUG] [net.minecraftforge.network.LoginWrapper/FMLHANDSHAKE]: Recieved login wrapper packet event for channel fml:handshake with index 3
[27Oct2025 16:57:46.684] [Netty Epoll Server IO #7/DEBUG] [net.minecraftforge.network.HandshakeHandler/FMLHANDSHAKE]: Received client indexed reply 3 of type net.minecraftforge.network.HandshakeMessages$C2SModListReply
[27Oct2025 16:57:46.684] [Netty Epoll Server IO #7/DEBUG] [net.minecraftforge.network.HandshakeHandler/FMLHANDSHAKE]: Received client connection with modlist [minecraft, smoothchunk, cuffed, eyemod, bh, geckolib, culllessleaves, creativecore, locks, jeg, itemproductionlib, fcl, attributefix, skilltree, faz_roleplay_plus, connectivity, casinocraft, betterfpsdist, saros__money_mod, curios, lexiconfig, modernfurniture, camera, journeymap, modernfix, brcc, inv_view_forge, mixinextras, lucky77, devices, bookshelf, customnpcs, starlight, architectury, ftblibrary, ferritecore, mts, cupboard, boxing_madness, saros_road_signs_mod, dtrch, saros_road_blocks_mod, framework, forge, lazrslib, playerrevive]
[27Oct2025 16:57:46.684] [Netty Epoll Server IO #7/DEBUG] [net.minecraftforge.network.NetworkRegistry/NETREGISTRY]: Channel 'saros_road_signs_mod:saros_road_signs_mod' : Version test of '1' from client : ACCEPTED
[27Oct2025 16:57:46.684] [Netty Epoll Server IO #7/DEBUG] [net.minecraftforge.network.NetworkRegistry/NETREGISTRY]: Channel 'saros__money_mod:main' : Version test of '1' from client : ACCEPTED
[27Oct2025 16:57:46.684] [Netty Epoll Server IO #7/DEBUG] [net.minecraftforge.network.NetworkRegistry/NETREGISTRY]: Channel 'architectury:network' : Version test of '1' from client : ACCEPTED
[27Oct2025 16:57:46.684] [Netty Epoll Server IO #7/DEBUG] [net.minecraftforge.network.NetworkRegistry/NETREGISTRY]: Channel 'minecraft:unregister' : Version test of 'FML3' from client : ACCEPTED
[27Oct2025 16:57:46.684] [Netty Epoll Server IO #7/DEBUG] [net.minecraftforge.network.NetworkRegistry/NETREGISTRY]: Channel 'jeg:play' : Version test of '1' from client : ACCEPTED
[27Oct2025 16:57:46.684] [Netty Epoll Server IO #7/DEBUG] [net.minecraftforge.network.NetworkRegistry/NETREGISTRY]: Channel 'framework:play' : Version test of '1' from client : ACCEPTED
[27Oct2025 16:57:46.684] [Netty Epoll Server IO #7/DEBUG] [net.minecraftforge.network.NetworkRegistry/NETREGISTRY]: Channel 'dtrch:dtrch' : Version test of '1' from client : ACCEPTED
[27Oct2025 16:57:46.684] [Netty Epoll Server IO #7/DEBUG] [net.minecraftforge.network.NetworkRegistry/NETREGISTRY]: Channel 'modernfix:main' : Version test of '1' from client : ACCEPTED
[27Oct2025 16:57:46.684] [Netty Epoll Server IO #7/DEBUG] [net.minecraftforge.network.NetworkRegistry/NETREGISTRY]: Channel 'curios:main' : Version test of '1' from client : ACCEPTED
[27Oct2025 16:57:46.684] [Netty Epoll Server IO #7/DEBUG] [net.minecraftforge.network.NetworkRegistry/NETREGISTRY]: Channel 'locks:main' : Version test of 'locks' from client : ACCEPTED
[27Oct2025 16:57:46.684] [Netty Epoll Server IO #7/DEBUG] [net.minecraftforge.network.NetworkRegistry/NETREGISTRY]: Channel 'casinocraft:main' : Version test of '1' from client : ACCEPTED
[27Oct2025 16:57:46.684] [Netty Epoll Server IO #7/DEBUG] [net.minecraftforge.network.NetworkRegistry/NETREGISTRY]: Channel 'framework:handshake' : Version test of '1' from client : ACCEPTED
[27Oct2025 16:57:46.684] [Netty Epoll Server IO #7/DEBUG] [net.minecraftforge.network.NetworkRegistry/NETREGISTRY]: Channel 'fml:loginwrapper' : Version test of 'FML3' from client : ACCEPTED
[27Oct2025 16:57:46.684] [Netty Epoll Server IO #7/DEBUG] [net.minecraftforge.network.NetworkRegistry/NETREGISTRY]: Channel 'forge:tier_sorting' : Version test of '1.0' from client : ACCEPTED
[27Oct2025 16:57:46.684] [Netty Epoll Server IO #7/DEBUG] [net.minecraftforge.network.NetworkRegistry/NETREGISTRY]: Channel 'faz_roleplay_plus:faz_roleplay_plus' : Version test of '1' from client : ACCEPTED
[27Oct2025 16:57:46.684] [Netty Epoll Server IO #7/DEBUG] [net.minecraftforge.network.NetworkRegistry/NETREGISTRY]: Channel 'playerrevive:main' : Version test of '1' from client : ACCEPTED
[27Oct2025 16:57:46.684] [Netty Epoll Server IO #7/DEBUG] [net.minecraftforge.network.NetworkRegistry/NETREGISTRY]: Channel 'fml:play' : Version test of 'FML3' from client : ACCEPTED
[27Oct2025 16:57:46.684] [Netty Epoll Server IO #7/DEBUG] [net.minecraftforge.network.NetworkRegistry/NETREGISTRY]: Channel 'mts:main' : Version test of '1' from client : ACCEPTED
[27Oct2025 16:57:46.684] [Netty Epoll Server IO #7/DEBUG] [net.minecraftforge.network.NetworkRegistry/NETREGISTRY]: Channel 'customnpcs:packets' : Version test of 'CNPCS' from client : ACCEPTED
[27Oct2025 16:57:46.684] [Netty Epoll Server IO #7/DEBUG] [net.minecraftforge.network.NetworkRegistry/NETREGISTRY]: Channel 'creativecore:main' : Version test of '1' from client : ACCEPTED
[27Oct2025 16:57:46.684] [Netty Epoll Server IO #7/DEBUG] [net.minecraftforge.network.NetworkRegistry/NETREGISTRY]: Channel 'eyemod:main' : Version test of '1' from client : ACCEPTED
[27Oct2025 16:57:46.685] [Netty Epoll Server IO #7/DEBUG] [net.minecraftforge.network.NetworkRegistry/NETREGISTRY]: Channel 'camera:default' : Version test of '1.0.0' from client : ACCEPTED
[27Oct2025 16:57:46.685] [Netty Epoll Server IO #7/DEBUG] [net.minecraftforge.network.NetworkRegistry/NETREGISTRY]: Channel 'fcl:channel' : Version test of 'fcl' from client : ACCEPTED
[27Oct2025 16:57:46.685] [Netty Epoll Server IO #7/DEBUG] [net.minecraftforge.network.NetworkRegistry/NETREGISTRY]: Channel 'fml:handshake' : Version test of 'FML3' from client : ACCEPTED
[27Oct2025 16:57:46.685] [Netty Epoll Server IO #7/DEBUG] [net.minecraftforge.network.NetworkRegistry/NETREGISTRY]: Channel 'saros__money_mod:saros__money_mod' : Version test of '1' from client : ACCEPTED
[27Oct2025 16:57:46.685] [Netty Epoll Server IO #7/DEBUG] [net.minecraftforge.network.NetworkRegistry/NETREGISTRY]: Channel 'modernfix:ingredient_sync' : Version test of '1' from client : ACCEPTED
[27Oct2025 16:57:46.685] [Netty Epoll Server IO #7/DEBUG] [net.minecraftforge.network.NetworkRegistry/NETREGISTRY]: Channel 'saros_road_blocks_mod:saros_road_blocks_mod' : Version test of '1' from client : ACCEPTED
[27Oct2025 16:57:46.685] [Netty Epoll Server IO #7/DEBUG] [net.minecraftforge.network.NetworkRegistry/NETREGISTRY]: Channel 'cuffed:main' : Version test of '1' from client : ACCEPTED
[27Oct2025 16:57:46.685] [Netty Epoll Server IO #7/DEBUG] [net.minecraftforge.network.NetworkRegistry/NETREGISTRY]: Channel 'boxing_madness:boxing_madness' : Version test of '1' from client : ACCEPTED
[27Oct2025 16:57:46.685] [Netty Epoll Server IO #7/DEBUG] [net.minecraftforge.network.NetworkRegistry/NETREGISTRY]: Channel 'minecraft:register' : Version test of 'FML3' from client : ACCEPTED
[27Oct2025 16:57:46.685] [Netty Epoll Server IO #7/DEBUG] [net.minecraftforge.network.NetworkRegistry/NETREGISTRY]: Channel 'forge:split' : Version test of '1.1' from client : ACCEPTED
[27Oct2025 16:57:46.685] [Netty Epoll Server IO #7/DEBUG] [net.minecraftforge.network.NetworkRegistry/NETREGISTRY]: Channel 'geckolib:main' : Version test of '1' from client : ACCEPTED
[27Oct2025 16:57:46.685] [Netty Epoll Server IO #7/DEBUG] [net.minecraftforge.network.NetworkRegistry/NETREGISTRY]: Channel 'modernfurniture:modernfurniture' : Version test of '1' from client : ACCEPTED
[27Oct2025 16:57:46.685] [Netty Epoll Server IO #7/DEBUG] [net.minecraftforge.network.NetworkRegistry/NETREGISTRY]: Accepting channel list from client
[27Oct2025 16:57:46.685] [Netty Epoll Server IO #7/DEBUG] [net.minecraftforge.network.HandshakeHandler/FMLHANDSHAKE]: Accepted client connection mod list
[27Oct2025 16:57:46.687] [Server thread/DEBUG] [net.minecraftforge.network.HandshakeHandler/FMLHANDSHAKE]: Sending ticking packet info 'Registry minecraft:sound_event' to 'fml:handshake' sequence 6
[27Oct2025 16:57:46.716] [Netty Epoll Server IO #7/DEBUG] [net.minecraftforge.network.LoginWrapper/FMLHANDSHAKE]: Recieved login wrapper packet event for channel fml:handshake with index 4
[27Oct2025 16:57:46.716] [Netty Epoll Server IO #7/DEBUG] [net.minecraftforge.network.HandshakeHandler/FMLHANDSHAKE]: Received client indexed reply 4 of type net.minecraftforge.network.HandshakeMessages$C2SAcknowledge
[27Oct2025 16:57:46.716] [Netty Epoll Server IO #7/DEBUG] [net.minecraftforge.network.HandshakeHandler/FMLHANDSHAKE]: Received acknowledgement from client
[27Oct2025 16:57:46.723] [Netty Epoll Server IO #7/DEBUG] [net.minecraftforge.network.LoginWrapper/FMLHANDSHAKE]: Recieved login wrapper packet event for channel fml:handshake with index 5
[27Oct2025 16:57:46.723] [Netty Epoll Server IO #7/DEBUG] [net.minecraftforge.network.HandshakeHandler/FMLHANDSHAKE]: Received client indexed reply 5 of type net.minecraftforge.network.HandshakeMessages$C2SAcknowledge
[27Oct2025 16:57:46.723] [Netty Epoll Server IO #7/DEBUG] [net.minecraftforge.network.HandshakeHandler/FMLHANDSHAKE]: Received acknowledgement from client
[27Oct2025 16:57:46.737] [Server thread/DEBUG] [net.minecraftforge.network.HandshakeHandler/FMLHANDSHAKE]: Sending ticking packet info 'Registry minecraft:particle_type' to 'fml:handshake' sequence 7
[27Oct2025 16:57:46.766] [Netty Epoll Server IO #7/DEBUG] [net.minecraftforge.network.LoginWrapper/FMLHANDSHAKE]: Recieved login wrapper packet event for channel fml:handshake with index 6
[27Oct2025 16:57:46.766] [Netty Epoll Server IO #7/DEBUG] [net.minecraftforge.network.HandshakeHandler/FMLHANDSHAKE]: Received client indexed reply 6 of type net.minecraftforge.network.HandshakeMessages$C2SAcknowledge
[27Oct2025 16:57:46.766] [Netty Epoll Server IO #7/DEBUG] [net.minecraftforge.network.HandshakeHandler/FMLHANDSHAKE]: Received acknowledgement from client
[27Oct2025 16:57:46.776] [Netty Epoll Server IO #7/DEBUG] [net.minecraftforge.network.LoginWrapper/FMLHANDSHAKE]: Recieved login wrapper packet event for channel fml:handshake with index 7
[27Oct2025 16:57:46.776] [Netty Epoll Server IO #7/DEBUG] [net.minecraftforge.network.HandshakeHandler/FMLHANDSHAKE]: Received client indexed reply 7 of type net.minecraftforge.network.HandshakeMessages$C2SAcknowledge
[27Oct2025 16:57:46.776] [Netty Epoll Server IO #7/DEBUG] [net.minecraftforge.network.HandshakeHandler/FMLHANDSHAKE]: Received acknowledgement from client
[27Oct2025 16:57:46.786] [Server thread/DEBUG] [net.minecraftforge.network.HandshakeHandler/FMLHANDSHAKE]: Sending ticking packet info 'Registry minecraft:villager_profession' to 'fml:handshake' sequence 8
[27Oct2025 16:57:46.826] [Netty Epoll Server IO #7/DEBUG] [net.minecraftforge.network.LoginWrapper/FMLHANDSHAKE]: Recieved login wrapper packet event for channel fml:handshake with index 8
[27Oct2025 16:57:46.826] [Netty Epoll Server IO #7/DEBUG] [net.minecraftforge.network.HandshakeHandler/FMLHANDSHAKE]: Received client indexed reply 8 of type net.minecraftforge.network.HandshakeMessages$C2SAcknowledge
[27Oct2025 16:57:46.826] [Netty Epoll Server IO #7/DEBUG] [net.minecraftforge.network.HandshakeHandler/FMLHANDSHAKE]: Received acknowledgement from client
[27Oct2025 16:57:46.836] [Server thread/DEBUG] [net.minecraftforge.network.HandshakeHandler/FMLHANDSHAKE]: Sending ticking packet info 'Registry minecraft:item' to 'fml:handshake' sequence 9
[27Oct2025 16:57:46.886] [Server thread/DEBUG] [net.minecraftforge.network.HandshakeHandler/FMLHANDSHAKE]: Sending ticking packet info 'Registry minecraft:potion' to 'fml:handshake' sequence 10
[27Oct2025 16:57:46.926] [Netty Epoll Server IO #7/DEBUG] [net.minecraftforge.network.LoginWrapper/FMLHANDSHAKE]: Recieved login wrapper packet event for channel fml:handshake with index 9
[27Oct2025 16:57:46.926] [Netty Epoll Server IO #7/DEBUG] [net.minecraftforge.network.HandshakeHandler/FMLHANDSHAKE]: Received client indexed reply 9 of type net.minecraftforge.network.HandshakeMessages$C2SAcknowledge
[27Oct2025 16:57:46.926] [Netty Epoll Server IO #7/DEBUG] [net.minecraftforge.network.HandshakeHandler/FMLHANDSHAKE]: Received acknowledgement from client
[27Oct2025 16:57:46.935] [Server thread/DEBUG] [net.minecraftforge.network.HandshakeHandler/FMLHANDSHAKE]: Sending ticking packet info 'Registry minecraft:painting_variant' to 'fml:handshake' sequence 11
[27Oct2025 16:57:46.946] [Netty Epoll Server IO #7/DEBUG] [net.minecraftforge.network.LoginWrapper/FMLHANDSHAKE]: Recieved login wrapper packet event for channel fml:handshake with index 10
[27Oct2025 16:57:46.946] [Netty Epoll Server IO #7/DEBUG] [net.minecraftforge.network.HandshakeHandler/FMLHANDSHAKE]: Received client indexed reply 10 of type net.minecraftforge.network.HandshakeMessages$C2SAcknowledge
[27Oct2025 16:57:46.946] [Netty Epoll Server IO #7/DEBUG] [net.minecraftforge.network.HandshakeHandler/FMLHANDSHAKE]: Received acknowledgement from client
[27Oct2025 16:57:46.976] [Netty Epoll Server IO #7/DEBUG] [net.minecraftforge.network.LoginWrapper/FMLHANDSHAKE]: Recieved login wrapper packet event for channel fml:handshake with index 11
[27Oct2025 16:57:46.976] [Netty Epoll Server IO #7/DEBUG] [net.minecraftforge.network.HandshakeHandler/FMLHANDSHAKE]: Received client indexed reply 11 of type net.minecraftforge.network.HandshakeMessages$C2SAcknowledge
[27Oct2025 16:57:46.976] [Netty Epoll Server IO #7/DEBUG] [net.minecraftforge.network.HandshakeHandler/FMLHANDSHAKE]: Received acknowledgement from client
[27Oct2025 16:57:46.985] [Server thread/DEBUG] [net.minecraftforge.network.HandshakeHandler/FMLHANDSHAKE]: Sending ticking packet info 'Registry forge:fluid_type' to 'fml:handshake' sequence 12
[27Oct2025 16:57:47.036] [Server thread/DEBUG] [net.minecraftforge.network.HandshakeHandler/FMLHANDSHAKE]: Sending ticking packet info 'Registry minecraft:block_entity_type' to 'fml:handshake' sequence 13
[27Oct2025 16:57:47.036] [Netty Epoll Server IO #7/DEBUG] [net.minecraftforge.network.LoginWrapper/FMLHANDSHAKE]: Recieved login wrapper packet event for channel fml:handshake with index 12
[27Oct2025 16:57:47.036] [Netty Epoll Server IO #7/DEBUG] [net.minecraftforge.network.HandshakeHandler/FMLHANDSHAKE]: Received client indexed reply 12 of type net.minecraftforge.network.HandshakeMessages$C2SAcknowledge
[27Oct2025 16:57:47.036] [Netty Epoll Server IO #7/DEBUG] [net.minecraftforge.network.HandshakeHandler/FMLHANDSHAKE]: Received acknowledgement from client
[27Oct2025 16:57:47.085] [Server thread/DEBUG] [net.minecraftforge.network.HandshakeHandler/FMLHANDSHAKE]: Sending ticking packet info 'Registry forge:display_contexts' to 'fml:handshake' sequence 14
[27Oct2025 16:57:47.095] [Netty Epoll Server IO #7/DEBUG] [net.minecraftforge.network.LoginWrapper/FMLHANDSHAKE]: Recieved login wrapper packet event for channel fml:handshake with index 13
[27Oct2025 16:57:47.095] [Netty Epoll Server IO #7/DEBUG] [net.minecraftforge.network.HandshakeHandler/FMLHANDSHAKE]: Received client indexed reply 13 of type net.minecraftforge.network.HandshakeMessages$C2SAcknowledge
[27Oct2025 16:57:47.095] [Netty Epoll Server IO #7/DEBUG] [net.minecraftforge.network.HandshakeHandler/FMLHANDSHAKE]: Received acknowledgement from client
[27Oct2025 16:57:47.135] [Server thread/DEBUG] [net.minecraftforge.network.HandshakeHandler/FMLHANDSHAKE]: Sending ticking packet info 'Registry minecraft:block' to 'fml:handshake' sequence 15
[27Oct2025 16:57:47.136] [Netty Epoll Server IO #7/DEBUG] [net.minecraftforge.network.LoginWrapper/FMLHANDSHAKE]: Recieved login wrapper packet event for channel fml:handshake with index 14
[27Oct2025 16:57:47.136] [Netty Epoll Server IO #7/DEBUG] [net.minecraftforge.network.HandshakeHandler/FMLHANDSHAKE]: Received client indexed reply 14 of type net.minecraftforge.network.HandshakeMessages$C2SAcknowledge
[27Oct2025 16:57:47.136] [Netty Epoll Server IO #7/DEBUG] [net.minecraftforge.network.HandshakeHandler/FMLHANDSHAKE]: Received acknowledgement from client
[27Oct2025 16:57:47.185] [Server thread/DEBUG] [net.minecraftforge.network.HandshakeHandler/FMLHANDSHAKE]: Sending ticking packet info 'Registry cuffed:restraints' to 'fml:handshake' sequence 16
[27Oct2025 16:57:47.192] [Netty Epoll Server IO #7/DEBUG] [net.minecraftforge.network.LoginWrapper/FMLHANDSHAKE]: Recieved login wrapper packet event for channel fml:handshake with index 15
[27Oct2025 16:57:47.193] [Netty Epoll Server IO #7/DEBUG] [net.minecraftforge.network.HandshakeHandler/FMLHANDSHAKE]: Received client indexed reply 15 of type net.minecraftforge.network.HandshakeMessages$C2SAcknowledge
[27Oct2025 16:57:47.193] [Netty Epoll Server IO #7/DEBUG] [net.minecraftforge.network.HandshakeHandler/FMLHANDSHAKE]: Received acknowledgement from client
[27Oct2025 16:57:47.226] [Netty Epoll Server IO #7/DEBUG] [net.minecraftforge.network.LoginWrapper/FMLHANDSHAKE]: Recieved login wrapper packet event for channel fml:handshake with index 16
[27Oct2025 16:57:47.226] [Netty Epoll Server IO #7/DEBUG] [net.minecraftforge.network.HandshakeHandler/FMLHANDSHAKE]: Received client indexed reply 16 of type net.minecraftforge.network.HandshakeMessages$C2SAcknowledge
[27Oct2025 16:57:47.226] [Netty Epoll Server IO #7/DEBUG] [net.minecraftforge.network.HandshakeHandler/FMLHANDSHAKE]: Received acknowledgement from client
[27Oct2025 16:57:47.235] [Server thread/DEBUG] [net.minecraftforge.network.HandshakeHandler/FMLHANDSHAKE]: Sending ticking packet info 'Registry forge:entity_data_serializers' to 'fml:handshake' sequence 17
[27Oct2025 16:57:47.285] [Server thread/DEBUG] [net.minecraftforge.network.HandshakeHandler/FMLHANDSHAKE]: Sending ticking packet info 'Registry minecraft:mob_effect' to 'fml:handshake' sequence 18
[27Oct2025 16:57:47.293] [Netty Epoll Server IO #7/DEBUG] [net.minecraftforge.network.LoginWrapper/FMLHANDSHAKE]: Recieved login wrapper packet event for channel fml:handshake with index 17
[27Oct2025 16:57:47.293] [Netty Epoll Server IO #7/DEBUG] [net.minecraftforge.network.HandshakeHandler/FMLHANDSHAKE]: Received client indexed reply 17 of type net.minecraftforge.network.HandshakeMessages$C2SAcknowledge
[27Oct2025 16:57:47.293] [Netty Epoll Server IO #7/DEBUG] [net.minecraftforge.network.HandshakeHandler/FMLHANDSHAKE]: Received acknowledgement from client
[27Oct2025 16:57:47.335] [Server thread/DEBUG] [net.minecraftforge.network.HandshakeHandler/FMLHANDSHAKE]: Sending ticking packet info 'Registry minecraft:stat_type' to 'fml:handshake' sequence 19
[27Oct2025 16:57:47.336] [Netty Epoll Server IO #7/DEBUG] [net.minecraftforge.network.LoginWrapper/FMLHANDSHAKE]: Recieved login wrapper packet event for channel fml:handshake with index 18
[27Oct2025 16:57:47.336] [Netty Epoll Server IO #7/DEBUG] [net.minecraftforge.network.HandshakeHandler/FMLHANDSHAKE]: Received client indexed reply 18 of type net.minecraftforge.network.HandshakeMessages$C2SAcknowledge
[27Oct2025 16:57:47.336] [Netty Epoll Server IO #7/DEBUG] [net.minecraftforge.network.HandshakeHandler/FMLHANDSHAKE]: Received acknowledgement from client
[27Oct2025 16:57:47.377] [Netty Epoll Server IO #7/DEBUG] [net.minecraftforge.network.LoginWrapper/FMLHANDSHAKE]: Recieved login wrapper packet event for channel fml:handshake with index 19
[27Oct2025 16:57:47.377] [Netty Epoll Server IO #7/DEBUG] [net.minecraftforge.network.HandshakeHandler/FMLHANDSHAKE]: Received client indexed reply 19 of type net.minecraftforge.network.HandshakeMessages$C2SAcknowledge
[27Oct2025 16:57:47.377] [Netty Epoll Server IO #7/DEBUG] [net.minecraftforge.network.HandshakeHandler/FMLHANDSHAKE]: Received acknowledgement from client
[27Oct2025 16:57:47.385] [Server thread/DEBUG] [net.minecraftforge.network.HandshakeHandler/FMLHANDSHAKE]: Sending ticking packet info 'Registry minecraft:menu' to 'fml:handshake' sequence 20
[27Oct2025 16:57:47.435] [Server thread/DEBUG] [net.minecraftforge.network.HandshakeHandler/FMLHANDSHAKE]: Sending ticking packet info 'Registry minecraft:enchantment' to 'fml:handshake' sequence 21
[27Oct2025 16:57:47.436] [Netty Epoll Server IO #7/DEBUG] [net.minecraftforge.network.LoginWrapper/FMLHANDSHAKE]: Recieved login wrapper packet event for channel fml:handshake with index 20
[27Oct2025 16:57:47.436] [Netty Epoll Server IO #7/DEBUG] [net.minecraftforge.network.HandshakeHandler/FMLHANDSHAKE]: Received client indexed reply 20 of type net.minecraftforge.network.HandshakeMessages$C2SAcknowledge
[27Oct2025 16:57:47.436] [Netty Epoll Server IO #7/DEBUG] [net.minecraftforge.network.HandshakeHandler/FMLHANDSHAKE]: Received acknowledgement from client
[27Oct2025 16:57:47.485] [Server thread/DEBUG] [net.minecraftforge.network.HandshakeHandler/FMLHANDSHAKE]: Sending ticking packet info 'Registry minecraft:fluid' to 'fml:handshake' sequence 22
[27Oct2025 16:57:47.486] [Netty Epoll Server IO #7/DEBUG] [net.minecraftforge.network.LoginWrapper/FMLHANDSHAKE]: Recieved login wrapper packet event for channel fml:handshake with index 21
[27Oct2025 16:57:47.486] [Netty Epoll Server IO #7/DEBUG] [net.minecraftforge.network.HandshakeHandler/FMLHANDSHAKE]: Received client indexed reply 21 of type net.minecraftforge.network.HandshakeMessages$C2SAcknowledge
[27Oct2025 16:57:47.486] [Netty Epoll Server IO #7/DEBUG] [net.minecraftforge.network.HandshakeHandler/FMLHANDSHAKE]: Received acknowledgement from client
[27Oct2025 16:57:47.535] [Server thread/DEBUG] [net.minecraftforge.network.HandshakeHandler/FMLHANDSHAKE]: Sending ticking packet info 'Registry minecraft:entity_type' to 'fml:handshake' sequence 23
[27Oct2025 16:57:47.536] [Netty Epoll Server IO #7/DEBUG] [net.minecraftforge.network.LoginWrapper/FMLHANDSHAKE]: Recieved login wrapper packet event for channel fml:handshake with index 22
[27Oct2025 16:57:47.536] [Netty Epoll Server IO #7/DEBUG] [net.minecraftforge.network.HandshakeHandler/FMLHANDSHAKE]: Received client indexed reply 22 of type net.minecraftforge.network.HandshakeMessages$C2SAcknowledge
[27Oct2025 16:57:47.537] [Netty Epoll Server IO #7/DEBUG] [net.minecraftforge.network.HandshakeHandler/FMLHANDSHAKE]: Received acknowledgement from client
[27Oct2025 16:57:47.585] [Server thread/DEBUG] [net.minecraftforge.network.HandshakeHandler/FMLHANDSHAKE]: Sending ticking packet info 'Config camera-server.toml' to 'fml:handshake' sequence 24
[27Oct2025 16:57:47.644] [Server thread/DEBUG] [net.minecraftforge.network.HandshakeHandler/FMLHANDSHAKE]: Sending ticking packet info 'Config locks-server.toml' to 'fml:handshake' sequence 25
[27Oct2025 16:57:47.685] [Server thread/DEBUG] [net.minecraftforge.network.HandshakeHandler/FMLHANDSHAKE]: Sending ticking packet info 'Config curios-server.toml' to 'fml:handshake' sequence 26
[27Oct2025 16:57:47.735] [Server thread/DEBUG] [net.minecraftforge.network.HandshakeHandler/FMLHANDSHAKE]: Sending ticking packet info 'Config jeg-server.toml' to 'fml:handshake' sequence 27
[27Oct2025 16:57:47.787] [Server thread/DEBUG] [net.minecraftforge.network.HandshakeHandler/FMLHANDSHAKE]: Sending ticking packet info 'Config cuffed-server.toml' to 'fml:handshake' sequence 28
[27Oct2025 16:57:47.838] [Server thread/DEBUG] [net.minecraftforge.network.HandshakeHandler/FMLHANDSHAKE]: Sending ticking packet info 'Config forge-server.toml' to 'fml:handshake' sequence 29
[27Oct2025 16:57:48.057] [Netty Epoll Server IO #7/DEBUG] [net.minecraftforge.network.LoginWrapper/FMLHANDSHAKE]: Recieved login wrapper packet event for channel fml:handshake with index 23
[27Oct2025 16:57:48.057] [Netty Epoll Server IO #7/DEBUG] [net.minecraftforge.network.HandshakeHandler/FMLHANDSHAKE]: Received client indexed reply 23 of type net.minecraftforge.network.HandshakeMessages$C2SAcknowledge
[27Oct2025 16:57:48.057] [Netty Epoll Server IO #7/DEBUG] [net.minecraftforge.network.HandshakeHandler/FMLHANDSHAKE]: Received acknowledgement from client
[27Oct2025 16:57:48.057] [Netty Epoll Server IO #7/DEBUG] [net.minecraftforge.network.LoginWrapper/FMLHANDSHAKE]: Recieved login wrapper packet event for channel fml:handshake with index 24
[27Oct2025 16:57:48.057] [Netty Epoll Server IO #7/DEBUG] [net.minecraftforge.network.HandshakeHandler/FMLHANDSHAKE]: Received client indexed reply 24 of type net.minecraftforge.network.HandshakeMessages$C2SAcknowledge
[27Oct2025 16:57:48.057] [Netty Epoll Server IO #7/DEBUG] [net.minecraftforge.network.HandshakeHandler/FMLHANDSHAKE]: Received acknowledgement from client
[27Oct2025 16:57:48.066] [Netty Epoll Server IO #7/DEBUG] [net.minecraftforge.network.LoginWrapper/FMLHANDSHAKE]: Recieved login wrapper packet event for channel fml:handshake with index 25
[27Oct2025 16:57:48.066] [Netty Epoll Server IO #7/DEBUG] [net.minecraftforge.network.HandshakeHandler/FMLHANDSHAKE]: Received client indexed reply 25 of type net.minecraftforge.network.HandshakeMessages$C2SAcknowledge
[27Oct2025 16:57:48.066] [Netty Epoll Server IO #7/DEBUG] [net.minecraftforge.network.HandshakeHandler/FMLHANDSHAKE]: Received acknowledgement from client
[27Oct2025 16:57:48.066] [Netty Epoll Server IO #7/DEBUG] [net.minecraftforge.network.LoginWrapper/FMLHANDSHAKE]: Recieved login wrapper packet event for channel fml:handshake with index 26
[27Oct2025 16:57:48.067] [Netty Epoll Server IO #7/DEBUG] [net.minecraftforge.network.HandshakeHandler/FMLHANDSHAKE]: Received client indexed reply 26 of type net.minecraftforge.network.HandshakeMessages$C2SAcknowledge
[27Oct2025 16:57:48.067] [Netty Epoll Server IO #7/DEBUG] [net.minecraftforge.network.HandshakeHandler/FMLHANDSHAKE]: Received acknowledgement from client
[27Oct2025 16:57:48.076] [Netty Epoll Server IO #7/DEBUG] [net.minecraftforge.network.LoginWrapper/FMLHANDSHAKE]: Recieved login wrapper packet event for channel fml:handshake with index 27
[27Oct2025 16:57:48.077] [Netty Epoll Server IO #7/DEBUG] [net.minecraftforge.network.HandshakeHandler/FMLHANDSHAKE]: Received client indexed reply 27 of type net.minecraftforge.network.HandshakeMessages$C2SAcknowledge
[27Oct2025 16:57:48.077] [Netty Epoll Server IO #7/DEBUG] [net.minecraftforge.network.HandshakeHandler/FMLHANDSHAKE]: Received acknowledgement from client
[27Oct2025 16:57:48.096] [Netty Epoll Server IO #7/DEBUG] [net.minecraftforge.network.LoginWrapper/FMLHANDSHAKE]: Recieved login wrapper packet event for channel fml:handshake with index 28
[27Oct2025 16:57:48.096] [Netty Epoll Server IO #7/DEBUG] [net.minecraftforge.network.HandshakeHandler/FMLHANDSHAKE]: Received client indexed reply 28 of type net.minecraftforge.network.HandshakeMessages$C2SAcknowledge
[27Oct2025 16:57:48.096] [Netty Epoll Server IO #7/DEBUG] [net.minecraftforge.network.HandshakeHandler/FMLHANDSHAKE]: Received acknowledgement from client
[27Oct2025 16:57:48.096] [Netty Epoll Server IO #7/DEBUG] [net.minecraftforge.network.LoginWrapper/FMLHANDSHAKE]: Recieved login wrapper packet event for channel fml:handshake with index 29
[27Oct2025 16:57:48.097] [Netty Epoll Server IO #7/DEBUG] [net.minecraftforge.network.HandshakeHandler/FMLHANDSHAKE]: Received client indexed reply 29 of type net.minecraftforge.network.HandshakeMessages$C2SAcknowledge
[27Oct2025 16:57:48.097] [Netty Epoll Server IO #7/DEBUG] [net.minecraftforge.network.HandshakeHandler/FMLHANDSHAKE]: Received acknowledgement from client
[27Oct2025 16:57:48.136] [Server thread/DEBUG] [net.minecraftforge.network.HandshakeHandler/FMLHANDSHAKE]: Handshake complete!
[27Oct2025 16:57:48.190] [Server thread/INFO] [net.minecraft.server.players.PlayerList/]: Steve[/127.110.172.72:51523] logged in with entity id 1101 at (124.01422471554001, 65.0, 28.59578165323632)
[27Oct2025 16:57:48.191] [Server thread/DEBUG] [net.minecraftforge.network.filters.NetworkFilters/]: Injected net.minecraftforge.network.filters.ForgeConnectionNetworkFilter@1bd8d362 into net.minecraft.network.Connection@1eea469d
[27Oct2025 16:57:48.191] [Server thread/DEBUG] [ModernFix/]: Sending ID correction packet to client with 68 classes
[27Oct2025 16:57:48.196] [Server thread/INFO] [ModernFix/]: Using enhanced recipe sync for player Steve
[27Oct2025 16:57:48.197] [Server thread/INFO] [net.minecraft.server.MinecraftServer/]: Steve joined the game
[27Oct2025 16:57:48.245] [Server thread/INFO] [Devices Mod/]: Player logged in: literal{Steve}
[27Oct2025 16:58:40.240] [Netty Epoll Server IO #1/DEBUG] [net.minecraftforge.network.HandshakeHandler/FMLHANDSHAKE]: Starting new modded impl connection. Found 30 messages to dispatch.
[27Oct2025 16:58:40.539] [Server thread/DEBUG] [net.minecraftforge.network.HandshakeHandler/FMLHANDSHAKE]: Sending ticking packet info 'jeg:custom_gun_manager' to 'framework:handshake' sequence 0
[27Oct2025 16:58:40.587] [Server thread/DEBUG] [net.minecraftforge.network.HandshakeHandler/FMLHANDSHAKE]: Sending ticking packet info 'jeg:network_gun_manager' to 'framework:handshake' sequence 1
[27Oct2025 16:58:40.637] [Netty Epoll Server IO #1/DEBUG] [net.minecraftforge.network.LoginWrapper/FMLHANDSHAKE]: Recieved login wrapper packet event for channel framework:handshake with index 0
[27Oct2025 16:58:40.637] [Netty Epoll Server IO #1/DEBUG] [net.minecraftforge.network.HandshakeHandler/FMLHANDSHAKE]: Received client indexed reply 0 of type com.mrcrayfish.framework.api.network.message.HandshakeMessage$Acknowledge
[27Oct2025 16:58:40.637] [Netty Epoll Server IO #1/DEBUG] [Framework/FRAMEWORK_HANDSHAKE]: Received acknowledgement from client
[27Oct2025 16:58:40.646] [Server thread/DEBUG] [net.minecraftforge.network.HandshakeHandler/FMLHANDSHAKE]: Sending ticking packet info 'net.minecraftforge.network.HandshakeMessages$S2CModData' to 'fml:handshake' sequence 2
[27Oct2025 16:58:40.687] [Server thread/DEBUG] [net.minecraftforge.network.HandshakeHandler/FMLHANDSHAKE]: Sending ticking packet info 'net.minecraftforge.network.HandshakeMessages$S2CModList' to 'fml:handshake' sequence 3
[27Oct2025 16:58:40.737] [Server thread/DEBUG] [net.minecraftforge.network.HandshakeHandler/FMLHANDSHAKE]: Sending ticking packet info 'Registry minecraft:command_argument_type' to 'fml:handshake' sequence 4
[27Oct2025 16:58:40.786] [Server thread/DEBUG] [net.minecraftforge.network.HandshakeHandler/FMLHANDSHAKE]: Sending ticking packet info 'Registry minecraft:recipe_serializer' to 'fml:handshake' sequence 5
[27Oct2025 16:58:40.837] [Server thread/DEBUG] [net.minecraftforge.network.HandshakeHandler/FMLHANDSHAKE]: Sending ticking packet info 'Registry minecraft:sound_event' to 'fml:handshake' sequence 6
[27Oct2025 16:58:40.840] [Netty Epoll Server IO #1/DEBUG] [net.minecraftforge.network.LoginWrapper/FMLHANDSHAKE]: Recieved login wrapper packet event for channel framework:handshake with index 1
[27Oct2025 16:58:40.840] [Netty Epoll Server IO #1/DEBUG] [net.minecraftforge.network.HandshakeHandler/FMLHANDSHAKE]: Received client indexed reply 1 of type com.mrcrayfish.framework.api.network.message.HandshakeMessage$Acknowledge
[27Oct2025 16:58:40.840] [Netty Epoll Server IO #1/DEBUG] [Framework/FRAMEWORK_HANDSHAKE]: Received acknowledgement from client
[27Oct2025 16:58:40.888] [Server thread/DEBUG] [net.minecraftforge.network.HandshakeHandler/FMLHANDSHAKE]: Sending ticking packet info 'Registry minecraft:particle_type' to 'fml:handshake' sequence 7
[27Oct2025 16:58:40.908] [Netty Epoll Server IO #1/DEBUG] [net.minecraftforge.network.LoginWrapper/FMLHANDSHAKE]: Recieved login wrapper packet event for channel fml:handshake with index 3
[27Oct2025 16:58:40.908] [Netty Epoll Server IO #1/DEBUG] [net.minecraftforge.network.HandshakeHandler/FMLHANDSHAKE]: Received client indexed reply 3 of type net.minecraftforge.network.HandshakeMessages$C2SModListReply
[27Oct2025 16:58:40.908] [Netty Epoll Server IO #1/DEBUG] [net.minecraftforge.network.HandshakeHandler/FMLHANDSHAKE]: Received client connection with modlist [minecraft, smoothchunk, cuffed, eyemod, bh, geckolib, culllessleaves, creativecore, locks, jeg, itemproductionlib, fcl, attributefix, skilltree, faz_roleplay_plus, connectivity, casinocraft, betterfpsdist, saros__money_mod, curios, lexiconfig, modernfurniture, camera, journeymap, modernfix, brcc, inv_view_forge, mixinextras, lucky77, devices, bookshelf, customnpcs, starlight, architectury, ftblibrary, ferritecore, mts, cupboard, boxing_madness, saros_road_signs_mod, dtrch, saros_road_blocks_mod, framework, forge, lazrslib, playerrevive]
[27Oct2025 16:58:40.908] [Netty Epoll Server IO #1/DEBUG] [net.minecraftforge.network.NetworkRegistry/NETREGISTRY]: Channel 'saros_road_signs_mod:saros_road_signs_mod' : Version test of '1' from client : ACCEPTED
[27Oct2025 16:58:40.908] [Netty Epoll Server IO #1/DEBUG] [net.minecraftforge.network.NetworkRegistry/NETREGISTRY]: Channel 'saros__money_mod:main' : Version test of '1' from client : ACCEPTED
[27Oct2025 16:58:40.908] [Netty Epoll Server IO #1/DEBUG] [net.minecraftforge.network.NetworkRegistry/NETREGISTRY]: Channel 'architectury:network' : Version test of '1' from client : ACCEPTED
[27Oct2025 16:58:40.908] [Netty Epoll Server IO #1/DEBUG] [net.minecraftforge.network.NetworkRegistry/NETREGISTRY]: Channel 'minecraft:unregister' : Version test of 'FML3' from client : ACCEPTED
[27Oct2025 16:58:40.908] [Netty Epoll Server IO #1/DEBUG] [net.minecraftforge.network.NetworkRegistry/NETREGISTRY]: Channel 'jeg:play' : Version test of '1' from client : ACCEPTED
[27Oct2025 16:58:40.908] [Netty Epoll Server IO #1/DEBUG] [net.minecraftforge.network.NetworkRegistry/NETREGISTRY]: Channel 'framework:play' : Version test of '1' from client : ACCEPTED
[27Oct2025 16:58:40.908] [Netty Epoll Server IO #1/DEBUG] [net.minecraftforge.network.NetworkRegistry/NETREGISTRY]: Channel 'dtrch:dtrch' : Version test of '1' from client : ACCEPTED
[27Oct2025 16:58:40.908] [Netty Epoll Server IO #1/DEBUG] [net.minecraftforge.network.NetworkRegistry/NETREGISTRY]: Channel 'modernfix:main' : Version test of '1' from client : ACCEPTED
[27Oct2025 16:58:40.908] [Netty Epoll Server IO #1/DEBUG] [net.minecraftforge.network.NetworkRegistry/NETREGISTRY]: Channel 'curios:main' : Version test of '1' from client : ACCEPTED
[27Oct2025 16:58:40.908] [Netty Epoll Server IO #1/DEBUG] [net.minecraftforge.network.NetworkRegistry/NETREGISTRY]: Channel 'locks:main' : Version test of 'locks' from client : ACCEPTED
[27Oct2025 16:58:40.908] [Netty Epoll Server IO #1/DEBUG] [net.minecraftforge.network.NetworkRegistry/NETREGISTRY]: Channel 'casinocraft:main' : Version test of '1' from client : ACCEPTED
[27Oct2025 16:58:40.908] [Netty Epoll Server IO #1/DEBUG] [net.minecraftforge.network.NetworkRegistry/NETREGISTRY]: Channel 'framework:handshake' : Version test of '1' from client : ACCEPTED
[27Oct2025 16:58:40.908] [Netty Epoll Server IO #1/DEBUG] [net.minecraftforge.network.NetworkRegistry/NETREGISTRY]: Channel 'fml:loginwrapper' : Version test of 'FML3' from client : ACCEPTED
[27Oct2025 16:58:40.908] [Netty Epoll Server IO #1/DEBUG] [net.minecraftforge.network.NetworkRegistry/NETREGISTRY]: Channel 'forge:tier_sorting' : Version test of '1.0' from client : ACCEPTED
[27Oct2025 16:58:40.908] [Netty Epoll Server IO #1/DEBUG] [net.minecraftforge.network.NetworkRegistry/NETREGISTRY]: Channel 'faz_roleplay_plus:faz_roleplay_plus' : Version test of '1' from client : ACCEPTED
[27Oct2025 16:58:40.908] [Netty Epoll Server IO #1/DEBUG] [net.minecraftforge.network.NetworkRegistry/NETREGISTRY]: Channel 'playerrevive:main' : Version test of '1' from client : ACCEPTED
[27Oct2025 16:58:40.908] [Netty Epoll Server IO #1/DEBUG] [net.minecraftforge.network.NetworkRegistry/NETREGISTRY]: Channel 'fml:play' : Version test of 'FML3' from client : ACCEPTED
[27Oct2025 16:58:40.908] [Netty Epoll Server IO #1/DEBUG] [net.minecraftforge.network.NetworkRegistry/NETREGISTRY]: Channel 'mts:main' : Version test of '1' from client : ACCEPTED
[27Oct2025 16:58:40.909] [Netty Epoll Server IO #1/DEBUG] [net.minecraftforge.network.NetworkRegistry/NETREGISTRY]: Channel 'customnpcs:packets' : Version test of 'CNPCS' from client : ACCEPTED
[27Oct2025 16:58:40.909] [Netty Epoll Server IO #1/DEBUG] [net.minecraftforge.network.NetworkRegistry/NETREGISTRY]: Channel 'creativecore:main' : Version test of '1' from client : ACCEPTED
[27Oct2025 16:58:40.909] [Netty Epoll Server IO #1/DEBUG] [net.minecraftforge.network.NetworkRegistry/NETREGISTRY]: Channel 'eyemod:main' : Version test of '1' from client : ACCEPTED
[27Oct2025 16:58:40.909] [Netty Epoll Server IO #1/DEBUG] [net.minecraftforge.network.NetworkRegistry/NETREGISTRY]: Channel 'camera:default' : Version test of '1.0.0' from client : ACCEPTED
[27Oct2025 16:58:40.909] [Netty Epoll Server IO #1/DEBUG] [net.minecraftforge.network.NetworkRegistry/NETREGISTRY]: Channel 'fcl:channel' : Version test of 'fcl' from client : ACCEPTED
[27Oct2025 16:58:40.909] [Netty Epoll Server IO #1/DEBUG] [net.minecraftforge.network.NetworkRegistry/NETREGISTRY]: Channel 'fml:handshake' : Version test of 'FML3' from client : ACCEPTED
[27Oct2025 16:58:40.909] [Netty Epoll Server IO #1/DEBUG] [net.minecraftforge.network.NetworkRegistry/NETREGISTRY]: Channel 'saros__money_mod:saros__money_mod' : Version test of '1' from client : ACCEPTED
[27Oct2025 16:58:40.909] [Netty Epoll Server IO #1/DEBUG] [net.minecraftforge.network.NetworkRegistry/NETREGISTRY]: Channel 'modernfix:ingredient_sync' : Version test of '1' from client : ACCEPTED
[27Oct2025 16:58:40.909] [Netty Epoll Server IO #1/DEBUG] [net.minecraftforge.network.NetworkRegistry/NETREGISTRY]: Channel 'saros_road_blocks_mod:saros_road_blocks_mod' : Version test of '1' from client : ACCEPTED
[27Oct2025 16:58:40.909] [Netty Epoll Server IO #1/DEBUG] [net.minecraftforge.network.NetworkRegistry/NETREGISTRY]: Channel 'cuffed:main' : Version test of '1' from client : ACCEPTED
[27Oct2025 16:58:40.909] [Netty Epoll Server IO #1/DEBUG] [net.minecraftforge.network.NetworkRegistry/NETREGISTRY]: Channel 'boxing_madness:boxing_madness' : Version test of '1' from client : ACCEPTED
[27Oct2025 16:58:40.909] [Netty Epoll Server IO #1/DEBUG] [net.minecraftforge.network.NetworkRegistry/NETREGISTRY]: Channel 'minecraft:register' : Version test of 'FML3' from client : ACCEPTED
[27Oct2025 16:58:40.909] [Netty Epoll Server IO #1/DEBUG] [net.minecraftforge.network.NetworkRegistry/NETREGISTRY]: Channel 'forge:split' : Version test of '1.1' from client : ACCEPTED
[27Oct2025 16:58:40.909] [Netty Epoll Server IO #1/DEBUG] [net.minecraftforge.network.NetworkRegistry/NETREGISTRY]: Channel 'geckolib:main' : Version test of '1' from client : ACCEPTED
[27Oct2025 16:58:40.909] [Netty Epoll Server IO #1/DEBUG] [net.minecraftforge.network.NetworkRegistry/NETREGISTRY]: Channel 'modernfurniture:modernfurniture' : Version test of '1' from client : ACCEPTED
[27Oct2025 16:58:40.909] [Netty Epoll Server IO #1/DEBUG] [net.minecraftforge.network.NetworkRegistry/NETREGISTRY]: Accepting channel list from client
[27Oct2025 16:58:40.909] [Netty Epoll Server IO #1/DEBUG] [net.minecraftforge.network.HandshakeHandler/FMLHANDSHAKE]: Accepted client connection mod list
[27Oct2025 16:58:40.927] [Netty Epoll Server IO #1/DEBUG] [net.minecraftforge.network.LoginWrapper/FMLHANDSHAKE]: Recieved login wrapper packet event for channel fml:handshake with index 4
[27Oct2025 16:58:40.927] [Netty Epoll Server IO #1/DEBUG] [net.minecraftforge.network.HandshakeHandler/FMLHANDSHAKE]: Received client indexed reply 4 of type net.minecraftforge.network.HandshakeMessages$C2SAcknowledge
[27Oct2025 16:58:40.927] [Netty Epoll Server IO #1/DEBUG] [net.minecraftforge.network.HandshakeHandler/FMLHANDSHAKE]: Received acknowledgement from client
[27Oct2025 16:58:40.927] [Netty Epoll Server IO #1/DEBUG] [net.minecraftforge.network.LoginWrapper/FMLHANDSHAKE]: Recieved login wrapper packet event for channel fml:handshake with index 5
[27Oct2025 16:58:40.927] [Netty Epoll Server IO #1/DEBUG] [net.minecraftforge.network.HandshakeHandler/FMLHANDSHAKE]: Received client indexed reply 5 of type net.minecraftforge.network.HandshakeMessages$C2SAcknowledge
[27Oct2025 16:58:40.927] [Netty Epoll Server IO #1/DEBUG] [net.minecraftforge.network.HandshakeHandler/FMLHANDSHAKE]: Received acknowledgement from client
[27Oct2025 16:58:40.936] [Server thread/DEBUG] [net.minecraftforge.network.HandshakeHandler/FMLHANDSHAKE]: Sending ticking packet info 'Registry minecraft:villager_profession' to 'fml:handshake' sequence 8
[27Oct2025 16:58:40.986] [Server thread/DEBUG] [net.minecraftforge.network.HandshakeHandler/FMLHANDSHAKE]: Sending ticking packet info 'Registry minecraft:item' to 'fml:handshake' sequence 9
[27Oct2025 16:58:41.037] [Server thread/DEBUG] [net.minecraftforge.network.HandshakeHandler/FMLHANDSHAKE]: Sending ticking packet info 'Registry minecraft:potion' to 'fml:handshake' sequence 10
[27Oct2025 16:58:41.086] [Server thread/DEBUG] [net.minecraftforge.network.HandshakeHandler/FMLHANDSHAKE]: Sending ticking packet info 'Registry minecraft:painting_variant' to 'fml:handshake' sequence 11
[27Oct2025 16:58:41.136] [Server thread/DEBUG] [net.minecraftforge.network.HandshakeHandler/FMLHANDSHAKE]: Sending ticking packet info 'Registry forge:fluid_type' to 'fml:handshake' sequence 12
[27Oct2025 16:58:41.186] [Server thread/DEBUG] [net.minecraftforge.network.HandshakeHandler/FMLHANDSHAKE]: Sending ticking packet info 'Registry minecraft:block_entity_type' to 'fml:handshake' sequence 13
[27Oct2025 16:58:41.237] [Server thread/DEBUG] [net.minecraftforge.network.HandshakeHandler/FMLHANDSHAKE]: Sending ticking packet info 'Registry forge:display_contexts' to 'fml:handshake' sequence 14
[27Oct2025 16:58:41.286] [Server thread/DEBUG] [net.minecraftforge.network.HandshakeHandler/FMLHANDSHAKE]: Sending ticking packet info 'Registry minecraft:block' to 'fml:handshake' sequence 15
[27Oct2025 16:58:41.337] [Server thread/DEBUG] [net.minecraftforge.network.HandshakeHandler/FMLHANDSHAKE]: Sending ticking packet info 'Registry cuffed:restraints' to 'fml:handshake' sequence 16
[27Oct2025 16:58:41.386] [Server thread/DEBUG] [net.minecraftforge.network.HandshakeHandler/FMLHANDSHAKE]: Sending ticking packet info 'Registry forge:entity_data_serializers' to 'fml:handshake' sequence 17
[27Oct2025 16:58:41.436] [Server thread/DEBUG] [net.minecraftforge.network.HandshakeHandler/FMLHANDSHAKE]: Sending ticking packet info 'Registry minecraft:mob_effect' to 'fml:handshake' sequence 18
[27Oct2025 16:58:41.477] [Netty Epoll Server IO #1/DEBUG] [net.minecraftforge.network.LoginWrapper/FMLHANDSHAKE]: Recieved login wrapper packet event for channel fml:handshake with index 6
[27Oct2025 16:58:41.477] [Netty Epoll Server IO #1/DEBUG] [net.minecraftforge.network.HandshakeHandler/FMLHANDSHAKE]: Received client indexed reply 6 of type net.minecraftforge.network.HandshakeMessages$C2SAcknowledge
[27Oct2025 16:58:41.477] [Netty Epoll Server IO #1/DEBUG] [net.minecraftforge.network.HandshakeHandler/FMLHANDSHAKE]: Received acknowledgement from client
[27Oct2025 16:58:41.483] [Netty Epoll Server IO #1/DEBUG] [net.minecraftforge.network.LoginWrapper/FMLHANDSHAKE]: Recieved login wrapper packet event for channel fml:handshake with index 7
[27Oct2025 16:58:41.483] [Netty Epoll Server IO #1/DEBUG] [net.minecraftforge.network.HandshakeHandler/FMLHANDSHAKE]: Received client indexed reply 7 of type net.minecraftforge.network.HandshakeMessages$C2SAcknowledge
[27Oct2025 16:58:41.483] [Netty Epoll Server IO #1/DEBUG] [net.minecraftforge.network.HandshakeHandler/FMLHANDSHAKE]: Received acknowledgement from client
[27Oct2025 16:58:41.487] [Server thread/DEBUG] [net.minecraftforge.network.HandshakeHandler/FMLHANDSHAKE]: Sending ticking packet info 'Registry minecraft:stat_type' to 'fml:handshake' sequence 19
[27Oct2025 16:58:41.490] [Netty Epoll Server IO #1/DEBUG] [net.minecraftforge.network.LoginWrapper/FMLHANDSHAKE]: Recieved login wrapper packet event for channel fml:handshake with index 8
[27Oct2025 16:58:41.490] [Netty Epoll Server IO #1/DEBUG] [net.minecraftforge.network.HandshakeHandler/FMLHANDSHAKE]: Received client indexed reply 8 of type net.minecraftforge.network.HandshakeMessages$C2SAcknowledge
[27Oct2025 16:58:41.490] [Netty Epoll Server IO #1/DEBUG] [net.minecraftforge.network.HandshakeHandler/FMLHANDSHAKE]: Received acknowledgement from client
[27Oct2025 16:58:41.536] [Server thread/DEBUG] [net.minecraftforge.network.HandshakeHandler/FMLHANDSHAKE]: Sending ticking packet info 'Registry minecraft:menu' to 'fml:handshake' sequence 20
[27Oct2025 16:58:41.587] [Server thread/DEBUG] [net.minecraftforge.network.HandshakeHandler/FMLHANDSHAKE]: Sending ticking packet info 'Registry minecraft:enchantment' to 'fml:handshake' sequence 21
[27Oct2025 16:58:41.616] [Netty Epoll Server IO #1/DEBUG] [net.minecraftforge.network.LoginWrapper/FMLHANDSHAKE]: Recieved login wrapper packet event for channel fml:handshake with index 9
[27Oct2025 16:58:41.616] [Netty Epoll Server IO #1/DEBUG] [net.minecraftforge.network.HandshakeHandler/FMLHANDSHAKE]: Received client indexed reply 9 of type net.minecraftforge.network.HandshakeMessages$C2SAcknowledge
[27Oct2025 16:58:41.617] [Netty Epoll Server IO #1/DEBUG] [net.minecraftforge.network.HandshakeHandler/FMLHANDSHAKE]: Received acknowledgement from client
[27Oct2025 16:58:41.617] [Netty Epoll Server IO #1/DEBUG] [net.minecraftforge.network.LoginWrapper/FMLHANDSHAKE]: Recieved login wrapper packet event for channel fml:handshake with index 10
[27Oct2025 16:58:41.617] [Netty Epoll Server IO #1/DEBUG] [net.minecraftforge.network.HandshakeHandler/FMLHANDSHAKE]: Received client indexed reply 10 of type net.minecraftforge.network.HandshakeMessages$C2SAcknowledge
[27Oct2025 16:58:41.617] [Netty Epoll Server IO #1/DEBUG] [net.minecraftforge.network.HandshakeHandler/FMLHANDSHAKE]: Received acknowledgement from client
[27Oct2025 16:58:41.617] [Netty Epoll Server IO #1/DEBUG] [net.minecraftforge.network.LoginWrapper/FMLHANDSHAKE]: Recieved login wrapper packet event for channel fml:handshake with index 11
[27Oct2025 16:58:41.617] [Netty Epoll Server IO #1/DEBUG] [net.minecraftforge.network.HandshakeHandler/FMLHANDSHAKE]: Received client indexed reply 11 of type net.minecraftforge.network.HandshakeMessages$C2SAcknowledge
[27Oct2025 16:58:41.617] [Netty Epoll Server IO #1/DEBUG] [net.minecraftforge.network.HandshakeHandler/FMLHANDSHAKE]: Received acknowledgement from client
[27Oct2025 16:58:41.617] [Netty Epoll Server IO #1/DEBUG] [net.minecraftforge.network.LoginWrapper/FMLHANDSHAKE]: Recieved login wrapper packet event for channel fml:handshake with index 12
[27Oct2025 16:58:41.617] [Netty Epoll Server IO #1/DEBUG] [net.minecraftforge.network.HandshakeHandler/FMLHANDSHAKE]: Received client indexed reply 12 of type net.minecraftforge.network.HandshakeMessages$C2SAcknowledge
[27Oct2025 16:58:41.617] [Netty Epoll Server IO #1/DEBUG] [net.minecraftforge.network.HandshakeHandler/FMLHANDSHAKE]: Received acknowledgement from client
[27Oct2025 16:58:41.617] [Netty Epoll Server IO #1/DEBUG] [net.minecraftforge.network.LoginWrapper/FMLHANDSHAKE]: Recieved login wrapper packet event for channel fml:handshake with index 13
[27Oct2025 16:58:41.617] [Netty Epoll Server IO #1/DEBUG] [net.minecraftforge.network.HandshakeHandler/FMLHANDSHAKE]: Received client indexed reply 13 of type net.minecraftforge.network.HandshakeMessages$C2SAcknowledge
[27Oct2025 16:58:41.617] [Netty Epoll Server IO #1/DEBUG] [net.minecraftforge.network.HandshakeHandler/FMLHANDSHAKE]: Received acknowledgement from client
[27Oct2025 16:58:41.617] [Netty Epoll Server IO #1/DEBUG] [net.minecraftforge.network.LoginWrapper/FMLHANDSHAKE]: Recieved login wrapper packet event for channel fml:handshake with index 14
[27Oct2025 16:58:41.617] [Netty Epoll Server IO #1/DEBUG] [net.minecraftforge.network.HandshakeHandler/FMLHANDSHAKE]: Received client indexed reply 14 of type net.minecraftforge.network.HandshakeMessages$C2SAcknowledge
[27Oct2025 16:58:41.618] [Netty Epoll Server IO #1/DEBUG] [net.minecraftforge.network.HandshakeHandler/FMLHANDSHAKE]: Received acknowledgement from client
[27Oct2025 16:58:41.623] [Netty Epoll Server IO #1/DEBUG] [net.minecraftforge.network.LoginWrapper/FMLHANDSHAKE]: Recieved login wrapper packet event for channel fml:handshake with index 15
[27Oct2025 16:58:41.623] [Netty Epoll Server IO #1/DEBUG] [net.minecraftforge.network.HandshakeHandler/FMLHANDSHAKE]: Received client indexed reply 15 of type net.minecraftforge.network.HandshakeMessages$C2SAcknowledge
[27Oct2025 16:58:41.623] [Netty Epoll Server IO #1/DEBUG] [net.minecraftforge.network.HandshakeHandler/FMLHANDSHAKE]: Received acknowledgement from client
[27Oct2025 16:58:41.623] [Netty Epoll Server IO #1/DEBUG] [net.minecraftforge.network.LoginWrapper/FMLHANDSHAKE]: Recieved login wrapper packet event for channel fml:handshake with index 16
[27Oct2025 16:58:41.623] [Netty Epoll Server IO #1/DEBUG] [net.minecraftforge.network.HandshakeHandler/FMLHANDSHAKE]: Received client indexed reply 16 of type net.minecraftforge.network.HandshakeMessages$C2SAcknowledge
[27Oct2025 16:58:41.624] [Netty Epoll Server IO #1/DEBUG] [net.minecraftforge.network.HandshakeHandler/FMLHANDSHAKE]: Received acknowledgement from client
[27Oct2025 16:58:41.624] [Netty Epoll Server IO #1/DEBUG] [net.minecraftforge.network.LoginWrapper/FMLHANDSHAKE]: Recieved login wrapper packet event for channel fml:handshake with index 17
[27Oct2025 16:58:41.624] [Netty Epoll Server IO #1/DEBUG] [net.minecraftforge.network.HandshakeHandler/FMLHANDSHAKE]: Received client indexed reply 17 of type net.minecraftforge.network.HandshakeMessages$C2SAcknowledge
[27Oct2025 16:58:41.624] [Netty Epoll Server IO #1/DEBUG] [net.minecraftforge.network.HandshakeHandler/FMLHANDSHAKE]: Received acknowledgement from client
[27Oct2025 16:58:41.645] [Server thread/DEBUG] [net.minecraftforge.network.HandshakeHandler/FMLHANDSHAKE]: Sending ticking packet info 'Registry minecraft:fluid' to 'fml:handshake' sequence 22
[27Oct2025 16:58:41.650] [Netty Epoll Server IO #1/DEBUG] [net.minecraftforge.network.LoginWrapper/FMLHANDSHAKE]: Recieved login wrapper packet event for channel fml:handshake with index 18
[27Oct2025 16:58:41.650] [Netty Epoll Server IO #1/DEBUG] [net.minecraftforge.network.HandshakeHandler/FMLHANDSHAKE]: Received client indexed reply 18 of type net.minecraftforge.network.HandshakeMessages$C2SAcknowledge
[27Oct2025 16:58:41.650] [Netty Epoll Server IO #1/DEBUG] [net.minecraftforge.network.HandshakeHandler/FMLHANDSHAKE]: Received acknowledgement from client
[27Oct2025 16:58:41.650] [Netty Epoll Server IO #1/DEBUG] [net.minecraftforge.network.LoginWrapper/FMLHANDSHAKE]: Recieved login wrapper packet event for channel fml:handshake with index 19
[27Oct2025 16:58:41.650] [Netty Epoll Server IO #1/DEBUG] [net.minecraftforge.network.HandshakeHandler/FMLHANDSHAKE]: Received client indexed reply 19 of type net.minecraftforge.network.HandshakeMessages$C2SAcknowledge
[27Oct2025 16:58:41.650] [Netty Epoll Server IO #1/DEBUG] [net.minecraftforge.network.HandshakeHandler/FMLHANDSHAKE]: Received acknowledgement from client
[27Oct2025 16:58:41.650] [Netty Epoll Server IO #1/DEBUG] [net.minecraftforge.network.LoginWrapper/FMLHANDSHAKE]: Recieved login wrapper packet event for channel fml:handshake with index 20
[27Oct2025 16:58:41.650] [Netty Epoll Server IO #1/DEBUG] [net.minecraftforge.network.HandshakeHandler/FMLHANDSHAKE]: Received client indexed reply 20 of type net.minecraftforge.network.HandshakeMessages$C2SAcknowledge
[27Oct2025 16:58:41.650] [Netty Epoll Server IO #1/DEBUG] [net.minecraftforge.network.HandshakeHandler/FMLHANDSHAKE]: Received acknowledgement from client
[27Oct2025 16:58:41.650] [Netty Epoll Server IO #1/DEBUG] [net.minecraftforge.network.LoginWrapper/FMLHANDSHAKE]: Recieved login wrapper packet event for channel fml:handshake with index 21
[27Oct2025 16:58:41.650] [Netty Epoll Server IO #1/DEBUG] [net.minecraftforge.network.HandshakeHandler/FMLHANDSHAKE]: Received client indexed reply 21 of type net.minecraftforge.network.HandshakeMessages$C2SAcknowledge
[27Oct2025 16:58:41.650] [Netty Epoll Server IO #1/DEBUG] [net.minecraftforge.network.HandshakeHandler/FMLHANDSHAKE]: Received acknowledgement from client
[27Oct2025 16:58:41.687] [Server thread/DEBUG] [net.minecraftforge.network.HandshakeHandler/FMLHANDSHAKE]: Sending ticking packet info 'Registry minecraft:entity_type' to 'fml:handshake' sequence 23
[27Oct2025 16:58:41.689] [Netty Epoll Server IO #1/DEBUG] [net.minecraftforge.network.LoginWrapper/FMLHANDSHAKE]: Recieved login wrapper packet event for channel fml:handshake with index 22
[27Oct2025 16:58:41.689] [Netty Epoll Server IO #1/DEBUG] [net.minecraftforge.network.HandshakeHandler/FMLHANDSHAKE]: Received client indexed reply 22 of type net.minecraftforge.network.HandshakeMessages$C2SAcknowledge
[27Oct2025 16:58:41.689] [Netty Epoll Server IO #1/DEBUG] [net.minecraftforge.network.HandshakeHandler/FMLHANDSHAKE]: Received acknowledgement from client
[27Oct2025 16:58:41.736] [Server thread/DEBUG] [net.minecraftforge.network.HandshakeHandler/FMLHANDSHAKE]: Sending ticking packet info 'Config camera-server.toml' to 'fml:handshake' sequence 24
[27Oct2025 16:58:41.786] [Server thread/DEBUG] [net.minecraftforge.network.HandshakeHandler/FMLHANDSHAKE]: Sending ticking packet info 'Config locks-server.toml' to 'fml:handshake' sequence 25
[27Oct2025 16:58:41.836] [Server thread/DEBUG] [net.minecraftforge.network.HandshakeHandler/FMLHANDSHAKE]: Sending ticking packet info 'Config curios-server.toml' to 'fml:handshake' sequence 26
[27Oct2025 16:58:41.886] [Server thread/DEBUG] [net.minecraftforge.network.HandshakeHandler/FMLHANDSHAKE]: Sending ticking packet info 'Config jeg-server.toml' to 'fml:handshake' sequence 27
[27Oct2025 16:58:41.936] [Server thread/DEBUG] [net.minecraftforge.network.HandshakeHandler/FMLHANDSHAKE]: Sending ticking packet info 'Config cuffed-server.toml' to 'fml:handshake' sequence 28
[27Oct2025 16:58:41.986] [Server thread/DEBUG] [net.minecraftforge.network.HandshakeHandler/FMLHANDSHAKE]: Sending ticking packet info 'Config forge-server.toml' to 'fml:handshake' sequence 29
[27Oct2025 16:58:42.049] [Netty Epoll Server IO #1/DEBUG] [net.minecraftforge.network.LoginWrapper/FMLHANDSHAKE]: Recieved login wrapper packet event for channel fml:handshake with index 23
[27Oct2025 16:58:42.049] [Netty Epoll Server IO #1/DEBUG] [net.minecraftforge.network.HandshakeHandler/FMLHANDSHAKE]: Received client indexed reply 23 of type net.minecraftforge.network.HandshakeMessages$C2SAcknowledge
[27Oct2025 16:58:42.049] [Netty Epoll Server IO #1/DEBUG] [net.minecraftforge.network.HandshakeHandler/FMLHANDSHAKE]: Received acknowledgement from client
[27Oct2025 16:58:42.049] [Netty Epoll Server IO #1/DEBUG] [net.minecraftforge.network.LoginWrapper/FMLHANDSHAKE]: Recieved login wrapper packet event for channel fml:handshake with index 24
[27Oct2025 16:58:42.050] [Netty Epoll Server IO #1/DEBUG] [net.minecraftforge.network.HandshakeHandler/FMLHANDSHAKE]: Received client indexed reply 24 of type net.minecraftforge.network.HandshakeMessages$C2SAcknowledge
[27Oct2025 16:58:42.050] [Netty Epoll Server IO #1/DEBUG] [net.minecraftforge.network.HandshakeHandler/FMLHANDSHAKE]: Received acknowledgement from client
[27Oct2025 16:58:42.050] [Netty Epoll Server IO #1/DEBUG] [net.minecraftforge.network.LoginWrapper/FMLHANDSHAKE]: Recieved login wrapper packet event for channel fml:handshake with index 25
[27Oct2025 16:58:42.050] [Netty Epoll Server IO #1/DEBUG] [net.minecraftforge.network.HandshakeHandler/FMLHANDSHAKE]: Received client indexed reply 25 of type net.minecraftforge.network.HandshakeMessages$C2SAcknowledge
[27Oct2025 16:58:42.050] [Netty Epoll Server IO #1/DEBUG] [net.minecraftforge.network.HandshakeHandler/FMLHANDSHAKE]: Received acknowledgement from client
[27Oct2025 16:58:42.069] [Netty Epoll Server IO #1/DEBUG] [net.minecraftforge.network.LoginWrapper/FMLHANDSHAKE]: Recieved login wrapper packet event for channel fml:handshake with index 26
[27Oct2025 16:58:42.069] [Netty Epoll Server IO #1/DEBUG] [net.minecraftforge.network.HandshakeHandler/FMLHANDSHAKE]: Received client indexed reply 26 of type net.minecraftforge.network.HandshakeMessages$C2SAcknowledge
[27Oct2025 16:58:42.069] [Netty Epoll Server IO #1/DEBUG] [net.minecraftforge.network.HandshakeHandler/FMLHANDSHAKE]: Received acknowledgement from client
[27Oct2025 16:58:42.070] [Netty Epoll Server IO #1/DEBUG] [net.minecraftforge.network.LoginWrapper/FMLHANDSHAKE]: Recieved login wrapper packet event for channel fml:handshake with index 27
[27Oct2025 16:58:42.070] [Netty Epoll Server IO #1/DEBUG] [net.minecraftforge.network.HandshakeHandler/FMLHANDSHAKE]: Received client indexed reply 27 of type net.minecraftforge.network.HandshakeMessages$C2SAcknowledge
[27Oct2025 16:58:42.070] [Netty Epoll Server IO #1/DEBUG] [net.minecraftforge.network.HandshakeHandler/FMLHANDSHAKE]: Received acknowledgement from client
[27Oct2025 16:58:42.070] [Netty Epoll Server IO #1/DEBUG] [net.minecraftforge.network.LoginWrapper/FMLHANDSHAKE]: Recieved login wrapper packet event for channel fml:handshake with index 28
[27Oct2025 16:58:42.070] [Netty Epoll Server IO #1/DEBUG] [net.minecraftforge.network.HandshakeHandler/FMLHANDSHAKE]: Received client indexed reply 28 of type net.minecraftforge.network.HandshakeMessages$C2SAcknowledge
[27Oct2025 16:58:42.070] [Netty Epoll Server IO #1/DEBUG] [net.minecraftforge.network.HandshakeHandler/FMLHANDSHAKE]: Received acknowledgement from client
[27Oct2025 16:58:42.089] [Netty Epoll Server IO #1/DEBUG] [net.minecraftforge.network.LoginWrapper/FMLHANDSHAKE]: Recieved login wrapper packet event for channel fml:handshake with index 29
[27Oct2025 16:58:42.089] [Netty Epoll Server IO #1/DEBUG] [net.minecraftforge.network.HandshakeHandler/FMLHANDSHAKE]: Received client indexed reply 29 of type net.minecraftforge.network.HandshakeMessages$C2SAcknowledge
[27Oct2025 16:58:42.089] [Netty Epoll Server IO #1/DEBUG] [net.minecraftforge.network.HandshakeHandler/FMLHANDSHAKE]: Received acknowledgement from client
[27Oct2025 16:58:42.136] [Server thread/DEBUG] [net.minecraftforge.network.HandshakeHandler/FMLHANDSHAKE]: Handshake complete!
[27Oct2025 16:58:42.187] [Server thread/WARN] [net.minecraft.stats.ServerStatsCounter/]: Invalid statistic in ./world/stats/85daf09e-5a63-350d-a576-6c42419be127.json: Don't know what securitycraft:taser is
[27Oct2025 16:58:42.188] [Server thread/WARN] [net.minecraft.stats.ServerStatsCounter/]: Invalid statistic in ./world/stats/85daf09e-5a63-350d-a576-6c42419be127.json: Don't know what securitycraft:door_indestructible_iron_item is
[27Oct2025 16:58:42.188] [Server thread/WARN] [net.minecraft.stats.ServerStatsCounter/]: Invalid statistic in ./world/stats/85daf09e-5a63-350d-a576-6c42419be127.json: Don't know what securitycraft:retinal_scanner is
[27Oct2025 16:58:42.188] [Server thread/WARN] [net.minecraft.stats.ServerStatsCounter/]: Invalid statistic in ./world/stats/85daf09e-5a63-350d-a576-6c42419be127.json: Don't know what camerapture:pictures_taken is
[27Oct2025 16:58:42.189] [Server thread/WARN] [net.minecraft.stats.ServerStatsCounter/]: Invalid statistic in ./world/stats/85daf09e-5a63-350d-a576-6c42419be127.json: Don't know what securitycraft:keypad_chest is
[27Oct2025 16:58:42.189] [Server thread/WARN] [net.minecraft.stats.ServerStatsCounter/]: Invalid statistic in ./world/stats/85daf09e-5a63-350d-a576-6c42419be127.json: Don't know what securitycraft:door_indestructible_iron_item is
[27Oct2025 16:58:42.189] [Server thread/WARN] [net.minecraft.stats.ServerStatsCounter/]: Invalid statistic in ./world/stats/85daf09e-5a63-350d-a576-6c42419be127.json: Don't know what securitycraft:retinal_scanner is
[27Oct2025 16:58:42.190] [Server thread/WARN] [net.minecraft.server.PlayerAdvancements/]: Ignored advancement 'securitycraft:recipes/redstone/keypad_door_item' in progress file ./world/advancements/85daf09e-5a63-350d-a576-6c42419be127.json - it doesn't exist anymore?
[27Oct2025 16:58:42.190] [Server thread/WARN] [net.minecraft.server.PlayerAdvancements/]: Ignored advancement 'securitycraft:recipes/misc/scanner_door_item' in progress file ./world/advancements/85daf09e-5a63-350d-a576-6c42419be127.json - it doesn't exist anymore?
[27Oct2025 16:58:42.191] [Server thread/WARN] [net.minecraft.server.PlayerAdvancements/]: Ignored advancement 'securitycraft:recipes/misc/sc_manual' in progress file ./world/advancements/85daf09e-5a63-350d-a576-6c42419be127.json - it doesn't exist anymore?
[27Oct2025 16:58:42.191] [Server thread/WARN] [net.minecraft.server.PlayerAdvancements/]: Ignored advancement 'securitycraft:recipes/redstone/reinforced_birch_fence_gate' in progress file ./world/advancements/85daf09e-5a63-350d-a576-6c42419be127.json - it doesn't exist anymore?
[27Oct2025 16:58:42.191] [Server thread/WARN] [net.minecraft.server.PlayerAdvancements/]: Ignored advancement 'securitycraft:recipes/redstone/reinforced_crimson_fence_gate' in progress file ./world/advancements/85daf09e-5a63-350d-a576-6c42419be127.json - it doesn't exist anymore?
[27Oct2025 16:58:42.191] [Server thread/WARN] [net.minecraft.server.PlayerAdvancements/]: Ignored advancement 'securitycraft:recipes/misc/motion_activated_light' in progress file ./world/advancements/85daf09e-5a63-350d-a576-6c42419be127.json - it doesn't exist anymore?
[27Oct2025 16:58:42.191] [Server thread/WARN] [net.minecraft.server.PlayerAdvancements/]: Ignored advancement 'securitycraft:recipes/redstone/reinforced_jungle_fence_gate' in progress file ./world/advancements/85daf09e-5a63-350d-a576-6c42419be127.json - it doesn't exist anymore?
[27Oct2025 16:58:42.191] [Server thread/WARN] [net.minecraft.server.PlayerAdvancements/]: Ignored advancement 'securitycraft:recipes/redstone/reinforced_spruce_fence_gate' in progress file ./world/advancements/85daf09e-5a63-350d-a576-6c42419be127.json - it doesn't exist anymore?
[27Oct2025 16:58:42.191] [Server thread/WARN] [net.minecraft.server.PlayerAdvancements/]: Ignored advancement 'securitycraft:recipes/misc/reinforced_jungle_fence' in progress file ./world/advancements/85daf09e-5a63-350d-a576-6c42419be127.json - it doesn't exist anymore?
[27Oct2025 16:58:42.191] [Server thread/WARN] [net.minecraft.server.PlayerAdvancements/]: Ignored advancement 'securitycraft:recipes/misc/reinforced_warped_fence' in progress file ./world/advancements/85daf09e-5a63-350d-a576-6c42419be127.json - it doesn't exist anymore?
[27Oct2025 16:58:42.191] [Server thread/WARN] [net.minecraft.server.PlayerAdvancements/]: Ignored advancement 'securitycraft:recipes/redstone/reinforced_cherry_fence_gate' in progress file ./world/advancements/85daf09e-5a63-350d-a576-6c42419be127.json - it doesn't exist anymore?
[27Oct2025 16:58:42.192] [Server thread/WARN] [net.minecraft.server.PlayerAdvancements/]: Ignored advancement 'securitycraft:recipes/misc/reinforced_acacia_fence' in progress file ./world/advancements/85daf09e-5a63-350d-a576-6c42419be127.json - it doesn't exist anymore?
[27Oct2025 16:58:42.192] [Server thread/WARN] [net.minecraft.server.PlayerAdvancements/]: Ignored advancement 'securitycraft:recipes/redstone/reinforced_acacia_fence_gate' in progress file ./world/advancements/85daf09e-5a63-350d-a576-6c42419be127.json - it doesn't exist anymore?
[27Oct2025 16:58:42.192] [Server thread/WARN] [net.minecraft.server.PlayerAdvancements/]: Ignored advancement 'securitycraft:recipes/misc/reinforced_cherry_fence' in progress file ./world/advancements/85daf09e-5a63-350d-a576-6c42419be127.json - it doesn't exist anymore?
[27Oct2025 16:58:42.192] [Server thread/WARN] [net.minecraft.server.PlayerAdvancements/]: Ignored advancement 'securitycraft:recipes/redstone/reinforced_bamboo_fence_gate' in progress file ./world/advancements/85daf09e-5a63-350d-a576-6c42419be127.json - it doesn't exist anymore?
[27Oct2025 16:58:42.192] [Server thread/WARN] [net.minecraft.server.PlayerAdvancements/]: Ignored advancement 'securitycraft:recipes/redstone/reinforced_warped_fence_gate' in progress file ./world/advancements/85daf09e-5a63-350d-a576-6c42419be127.json - it doesn't exist anymore?
[27Oct2025 16:58:42.192] [Server thread/WARN] [net.minecraft.server.PlayerAdvancements/]: Ignored advancement 'securitycraft:recipes/misc/sonic_security_system' in progress file ./world/advancements/85daf09e-5a63-350d-a576-6c42419be127.json - it doesn't exist anymore?
[27Oct2025 16:58:42.192] [Server thread/WARN] [net.minecraft.server.PlayerAdvancements/]: Ignored advancement 'securitycraft:recipes/redstone/reinforced_mangrove_fence_gate' in progress file ./world/advancements/85daf09e-5a63-350d-a576-6c42419be127.json - it doesn't exist anymore?
[27Oct2025 16:58:42.192] [Server thread/WARN] [net.minecraft.server.PlayerAdvancements/]: Ignored advancement 'securitycraft:recipes/misc/reinforced_mangrove_fence' in progress file ./world/advancements/85daf09e-5a63-350d-a576-6c42419be127.json - it doesn't exist anymore?
[27Oct2025 16:58:42.192] [Server thread/WARN] [net.minecraft.server.PlayerAdvancements/]: Ignored advancement 'securitycraft:recipes/redstone/reinforced_dark_oak_fence_gate' in progress file ./world/advancements/85daf09e-5a63-350d-a576-6c42419be127.json - it doesn't exist anymore?
[27Oct2025 16:58:42.192] [Server thread/WARN] [net.minecraft.server.PlayerAdvancements/]: Ignored advancement 'securitycraft:recipes/misc/reinforced_birch_fence' in progress file ./world/advancements/85daf09e-5a63-350d-a576-6c42419be127.json - it doesn't exist anymore?
[27Oct2025 16:58:42.192] [Server thread/WARN] [net.minecraft.server.PlayerAdvancements/]: Ignored advancement 'securitycraft:recipes/misc/reinforced_dark_oak_fence' in progress file ./world/advancements/85daf09e-5a63-350d-a576-6c42419be127.json - it doesn't exist anymore?
[27Oct2025 16:58:42.192] [Server thread/WARN] [net.minecraft.server.PlayerAdvancements/]: Ignored advancement 'securitycraft:recipes/misc/reinforced_oak_fence' in progress file ./world/advancements/85daf09e-5a63-350d-a576-6c42419be127.json - it doesn't exist anymore?
[27Oct2025 16:58:42.192] [Server thread/WARN] [net.minecraft.server.PlayerAdvancements/]: Ignored advancement 'securitycraft:recipes/redstone/reinforced_oak_fence_gate' in progress file ./world/advancements/85daf09e-5a63-350d-a576-6c42419be127.json - it doesn't exist anymore?
[27Oct2025 16:58:42.192] [Server thread/WARN] [net.minecraft.server.PlayerAdvancements/]: Ignored advancement 'securitycraft:recipes/misc/reinforced_bamboo_fence' in progress file ./world/advancements/85daf09e-5a63-350d-a576-6c42419be127.json - it doesn't exist anymore?
[27Oct2025 16:58:42.192] [Server thread/WARN] [net.minecraft.server.PlayerAdvancements/]: Ignored advancement 'securitycraft:recipes/misc/reinforced_crimson_fence' in progress file ./world/advancements/85daf09e-5a63-350d-a576-6c42419be127.json - it doesn't exist anymore?
[27Oct2025 16:58:42.193] [Server thread/WARN] [net.minecraft.server.PlayerAdvancements/]: Ignored advancement 'securitycraft:recipes/misc/reinforced_spruce_fence' in progress file ./world/advancements/85daf09e-5a63-350d-a576-6c42419be127.json - it doesn't exist anymore?
[27Oct2025 16:58:42.193] [Server thread/WARN] [net.minecraft.server.PlayerAdvancements/]: Ignored advancement 'camerapture:shutterbug' in progress file ./world/advancements/85daf09e-5a63-350d-a576-6c42419be127.json - it doesn't exist anymore?
[27Oct2025 16:58:42.193] [Server thread/WARN] [net.minecraft.server.PlayerAdvancements/]: Ignored advancement 'camerapture:recipes/album' in progress file ./world/advancements/85daf09e-5a63-350d-a576-6c42419be127.json - it doesn't exist anymore?
[27Oct2025 16:58:42.193] [Server thread/WARN] [net.minecraft.server.PlayerAdvancements/]: Ignored advancement 'securitycraft:recipes/decorations/secret_crimson_sign_item' in progress file ./world/advancements/85daf09e-5a63-350d-a576-6c42419be127.json - it doesn't exist anymore?
[27Oct2025 16:58:42.193] [Server thread/WARN] [net.minecraft.server.PlayerAdvancements/]: Ignored advancement 'securitycraft:recipes/decorations/secret_oak_hanging_sign' in progress file ./world/advancements/85daf09e-5a63-350d-a576-6c42419be127.json - it doesn't exist anymore?
[27Oct2025 16:58:42.193] [Server thread/WARN] [net.minecraft.server.PlayerAdvancements/]: Ignored advancement 'securitycraft:recipes/decorations/secret_birch_sign_item' in progress file ./world/advancements/85daf09e-5a63-350d-a576-6c42419be127.json - it doesn't exist anymore?
[27Oct2025 16:58:42.193] [Server thread/WARN] [net.minecraft.server.PlayerAdvancements/]: Ignored advancement 'securitycraft:recipes/decorations/secret_crimson_hanging_sign' in progress file ./world/advancements/85daf09e-5a63-350d-a576-6c42419be127.json - it doesn't exist anymore?
[27Oct2025 16:58:42.193] [Server thread/WARN] [net.minecraft.server.PlayerAdvancements/]: Ignored advancement 'securitycraft:recipes/decorations/secret_jungle_sign_item' in progress file ./world/advancements/85daf09e-5a63-350d-a576-6c42419be127.json - it doesn't exist anymore?
[27Oct2025 16:58:42.193] [Server thread/WARN] [net.minecraft.server.PlayerAdvancements/]: Ignored advancement 'securitycraft:recipes/decorations/secret_spruce_hanging_sign' in progress file ./world/advancements/85daf09e-5a63-350d-a576-6c42419be127.json - it doesn't exist anymore?
[27Oct2025 16:58:42.193] [Server thread/WARN] [net.minecraft.server.PlayerAdvancements/]: Ignored advancement 'securitycraft:recipes/decorations/secret_birch_hanging_sign' in progress file ./world/advancements/85daf09e-5a63-350d-a576-6c42419be127.json - it doesn't exist anymore?
[27Oct2025 16:58:42.193] [Server thread/WARN] [net.minecraft.server.PlayerAdvancements/]: Ignored advancement 'securitycraft:recipes/decorations/secret_mangrove_hanging_sign' in progress file ./world/advancements/85daf09e-5a63-350d-a576-6c42419be127.json - it doesn't exist anymore?
[27Oct2025 16:58:42.193] [Server thread/WARN] [net.minecraft.server.PlayerAdvancements/]: Ignored advancement 'securitycraft:recipes/decorations/secret_sign_item' in progress file ./world/advancements/85daf09e-5a63-350d-a576-6c42419be127.json - it doesn't exist anymore?
[27Oct2025 16:58:42.193] [Server thread/WARN] [net.minecraft.server.PlayerAdvancements/]: Ignored advancement 'securitycraft:recipes/decorations/secret_dark_oak_sign_item' in progress file ./world/advancements/85daf09e-5a63-350d-a576-6c42419be127.json - it doesn't exist anymore?
[27Oct2025 16:58:42.194] [Server thread/WARN] [net.minecraft.server.PlayerAdvancements/]: Ignored advancement 'securitycraft:recipes/decorations/secret_mangrove_sign_item' in progress file ./world/advancements/85daf09e-5a63-350d-a576-6c42419be127.json - it doesn't exist anymore?
[27Oct2025 16:58:42.194] [Server thread/WARN] [net.minecraft.server.PlayerAdvancements/]: Ignored advancement 'securitycraft:recipes/decorations/secret_spruce_sign_item' in progress file ./world/advancements/85daf09e-5a63-350d-a576-6c42419be127.json - it doesn't exist anymore?
[27Oct2025 16:58:42.194] [Server thread/WARN] [net.minecraft.server.PlayerAdvancements/]: Ignored advancement 'securitycraft:recipes/decorations/secret_cherry_sign_item' in progress file ./world/advancements/85daf09e-5a63-350d-a576-6c42419be127.json - it doesn't exist anymore?
[27Oct2025 16:58:42.194] [Server thread/WARN] [net.minecraft.server.PlayerAdvancements/]: Ignored advancement 'securitycraft:recipes/decorations/secret_dark_oak_hanging_sign' in progress file ./world/advancements/85daf09e-5a63-350d-a576-6c42419be127.json - it doesn't exist anymore?
[27Oct2025 16:58:42.194] [Server thread/WARN] [net.minecraft.server.PlayerAdvancements/]: Ignored advancement 'securitycraft:recipes/decorations/secret_bamboo_hanging_sign' in progress file ./world/advancements/85daf09e-5a63-350d-a576-6c42419be127.json - it doesn't exist anymore?
[27Oct2025 16:58:42.194] [Server thread/WARN] [net.minecraft.server.PlayerAdvancements/]: Ignored advancement 'securitycraft:recipes/decorations/secret_bamboo_sign_item' in progress file ./world/advancements/85daf09e-5a63-350d-a576-6c42419be127.json - it doesn't exist anymore?
[27Oct2025 16:58:42.194] [Server thread/WARN] [net.minecraft.server.PlayerAdvancements/]: Ignored advancement 'securitycraft:recipes/decorations/secret_jungle_hanging_sign' in progress file ./world/advancements/85daf09e-5a63-350d-a576-6c42419be127.json - it doesn't exist anymore?
[27Oct2025 16:58:42.194] [Server thread/WARN] [net.minecraft.server.PlayerAdvancements/]: Ignored advancement 'securitycraft:recipes/decorations/secret_cherry_hanging_sign' in progress file ./world/advancements/85daf09e-5a63-350d-a576-6c42419be127.json - it doesn't exist anymore?
[27Oct2025 16:58:42.194] [Server thread/WARN] [net.minecraft.server.PlayerAdvancements/]: Ignored advancement 'securitycraft:recipes/decorations/secret_warped_hanging_sign' in progress file ./world/advancements/85daf09e-5a63-350d-a576-6c42419be127.json - it doesn't exist anymore?
[27Oct2025 16:58:42.194] [Server thread/WARN] [net.minecraft.server.PlayerAdvancements/]: Ignored advancement 'securitycraft:recipes/decorations/secret_acacia_hanging_sign' in progress file ./world/advancements/85daf09e-5a63-350d-a576-6c42419be127.json - it doesn't exist anymore?
[27Oct2025 16:58:42.194] [Server thread/WARN] [net.minecraft.server.PlayerAdvancements/]: Ignored advancement 'securitycraft:recipes/decorations/secret_acacia_sign_item' in progress file ./world/advancements/85daf09e-5a63-350d-a576-6c42419be127.json - it doesn't exist anymore?
[27Oct2025 16:58:42.194] [Server thread/WARN] [net.minecraft.server.PlayerAdvancements/]: Ignored advancement 'securitycraft:recipes/decorations/secret_warped_sign_item' in progress file ./world/advancements/85daf09e-5a63-350d-a576-6c42419be127.json - it doesn't exist anymore?
[27Oct2025 16:58:42.194] [Server thread/WARN] [net.minecraft.server.PlayerAdvancements/]: Ignored advancement 'securitycraft:recipes/transportation/birch_security_sea_boat' in progress file ./world/advancements/85daf09e-5a63-350d-a576-6c42419be127.json - it doesn't exist anymore?
[27Oct2025 16:58:42.195] [Server thread/WARN] [net.minecraft.server.PlayerAdvancements/]: Ignored advancement 'securitycraft:recipes/transportation/spruce_security_sea_boat' in progress file ./world/advancements/85daf09e-5a63-350d-a576-6c42419be127.json - it doesn't exist anymore?
[27Oct2025 16:58:42.195] [Server thread/WARN] [net.minecraft.server.PlayerAdvancements/]: Ignored advancement 'securitycraft:recipes/transportation/mangrove_security_sea_boat' in progress file ./world/advancements/85daf09e-5a63-350d-a576-6c42419be127.json - it doesn't exist anymore?
[27Oct2025 16:58:42.195] [Server thread/WARN] [net.minecraft.server.PlayerAdvancements/]: Ignored advancement 'securitycraft:recipes/transportation/dark_oak_security_sea_boat' in progress file ./world/advancements/85daf09e-5a63-350d-a576-6c42419be127.json - it doesn't exist anymore?
[27Oct2025 16:58:42.195] [Server thread/WARN] [net.minecraft.server.PlayerAdvancements/]: Ignored advancement 'securitycraft:recipes/transportation/acacia_security_sea_boat' in progress file ./world/advancements/85daf09e-5a63-350d-a576-6c42419be127.json - it doesn't exist anymore?
[27Oct2025 16:58:42.195] [Server thread/WARN] [net.minecraft.server.PlayerAdvancements/]: Ignored advancement 'securitycraft:recipes/transportation/bamboo_security_sea_raft' in progress file ./world/advancements/85daf09e-5a63-350d-a576-6c42419be127.json - it doesn't exist anymore?
[27Oct2025 16:58:42.195] [Server thread/WARN] [net.minecraft.server.PlayerAdvancements/]: Ignored advancement 'securitycraft:recipes/transportation/cherry_security_sea_boat' in progress file ./world/advancements/85daf09e-5a63-350d-a576-6c42419be127.json - it doesn't exist anymore?
[27Oct2025 16:58:42.195] [Server thread/WARN] [net.minecraft.server.PlayerAdvancements/]: Ignored advancement 'securitycraft:recipes/transportation/oak_security_sea_boat' in progress file ./world/advancements/85daf09e-5a63-350d-a576-6c42419be127.json - it doesn't exist anymore?
[27Oct2025 16:58:42.195] [Server thread/WARN] [net.minecraft.server.PlayerAdvancements/]: Ignored advancement 'securitycraft:recipes/transportation/jungle_security_sea_boat' in progress file ./world/advancements/85daf09e-5a63-350d-a576-6c42419be127.json - it doesn't exist anymore?
[27Oct2025 16:58:42.199] [Server thread/ERROR] [net.minecraft.stats.ServerRecipeBook/]: Tried to load unrecognized recipe: securitycraft:reinforced_warped_fence removed now.
[27Oct2025 16:58:42.199] [Server thread/ERROR] [net.minecraft.stats.ServerRecipeBook/]: Tried to load unrecognized recipe: securitycraft:secret_jungle_sign_item removed now.
[27Oct2025 16:58:42.199] [Server thread/ERROR] [net.minecraft.stats.ServerRecipeBook/]: Tried to load unrecognized recipe: securitycraft:reinforced_spruce_fence_gate removed now.
[27Oct2025 16:58:42.200] [Server thread/ERROR] [net.minecraft.stats.ServerRecipeBook/]: Tried to load unrecognized recipe: camerapture:album removed now.
[27Oct2025 16:58:42.200] [Server thread/ERROR] [net.minecraft.stats.ServerRecipeBook/]: Tried to load unrecognized recipe: securitycraft:secret_cherry_sign_item removed now.
[27Oct2025 16:58:42.200] [Server thread/ERROR] [net.minecraft.stats.ServerRecipeBook/]: Tried to load unrecognized recipe: securitycraft:jungle_security_sea_boat removed now.
[27Oct2025 16:58:42.200] [Server thread/ERROR] [net.minecraft.stats.ServerRecipeBook/]: Tried to load unrecognized recipe: securitycraft:reinforced_bamboo_fence_gate removed now.
[27Oct2025 16:58:42.200] [Server thread/ERROR] [net.minecraft.stats.ServerRecipeBook/]: Tried to load unrecognized recipe: securitycraft:secret_acacia_sign_item removed now.
[27Oct2025 16:58:42.200] [Server thread/ERROR] [net.minecraft.stats.ServerRecipeBook/]: Tried to load unrecognized recipe: securitycraft:sonic_security_system removed now.
[27Oct2025 16:58:42.200] [Server thread/ERROR] [net.minecraft.stats.ServerRecipeBook/]: Tried to load unrecognized recipe: securitycraft:reinforced_oak_fence removed now.
[27Oct2025 16:58:42.200] [Server thread/ERROR] [net.minecraft.stats.ServerRecipeBook/]: Tried to load unrecognized recipe: securitycraft:reinforced_mangrove_fence removed now.
[27Oct2025 16:58:42.200] [Server thread/ERROR] [net.minecraft.stats.ServerRecipeBook/]: Tried to load unrecognized recipe: securitycraft:keypad_door_item removed now.
[27Oct2025 16:58:42.201] [Server thread/ERROR] [net.minecraft.stats.ServerRecipeBook/]: Tried to load unrecognized recipe: securitycraft:secret_birch_sign_item removed now.
[27Oct2025 16:58:42.201] [Server thread/ERROR] [net.minecraft.stats.ServerRecipeBook/]: Tried to load unrecognized recipe: securitycraft:dark_oak_security_sea_boat removed now.
[27Oct2025 16:58:42.201] [Server thread/ERROR] [net.minecraft.stats.ServerRecipeBook/]: Tried to load unrecognized recipe: securitycraft:secret_sign_item removed now.
[27Oct2025 16:58:42.201] [Server thread/ERROR] [net.minecraft.stats.ServerRecipeBook/]: Tried to load unrecognized recipe: securitycraft:secret_dark_oak_hanging_sign removed now.
[27Oct2025 16:58:42.201] [Server thread/ERROR] [net.minecraft.stats.ServerRecipeBook/]: Tried to load unrecognized recipe: securitycraft:reinforced_dark_oak_fence_gate removed now.
[27Oct2025 16:58:42.201] [Server thread/ERROR] [net.minecraft.stats.ServerRecipeBook/]: Tried to load unrecognized recipe: securitycraft:secret_birch_hanging_sign removed now.
[27Oct2025 16:58:42.201] [Server thread/ERROR] [net.minecraft.stats.ServerRecipeBook/]: Tried to load unrecognized recipe: securitycraft:reinforced_bamboo_fence removed now.
[27Oct2025 16:58:42.201] [Server thread/ERROR] [net.minecraft.stats.ServerRecipeBook/]: Tried to load unrecognized recipe: securitycraft:reinforced_acacia_fence_gate removed now.
[27Oct2025 16:58:42.202] [Server thread/ERROR] [net.minecraft.stats.ServerRecipeBook/]: Tried to load unrecognized recipe: securitycraft:motion_activated_light removed now.
[27Oct2025 16:58:42.202] [Server thread/ERROR] [net.minecraft.stats.ServerRecipeBook/]: Tried to load unrecognized recipe: securitycraft:secret_crimson_sign_item removed now.
[27Oct2025 16:58:42.202] [Server thread/ERROR] [net.minecraft.stats.ServerRecipeBook/]: Tried to load unrecognized recipe: securitycraft:bamboo_security_sea_raft removed now.
[27Oct2025 16:58:42.202] [Server thread/ERROR] [net.minecraft.stats.ServerRecipeBook/]: Tried to load unrecognized recipe: securitycraft:scanner_door_item removed now.
[27Oct2025 16:58:42.202] [Server thread/ERROR] [net.minecraft.stats.ServerRecipeBook/]: Tried to load unrecognized recipe: securitycraft:reinforced_cherry_fence_gate removed now.
[27Oct2025 16:58:42.202] [Server thread/ERROR] [net.minecraft.stats.ServerRecipeBook/]: Tried to load unrecognized recipe: securitycraft:reinforced_acacia_fence removed now.
[27Oct2025 16:58:42.202] [Server thread/ERROR] [net.minecraft.stats.ServerRecipeBook/]: Tried to load unrecognized recipe: securitycraft:spruce_security_sea_boat removed now.
[27Oct2025 16:58:42.202] [Server thread/ERROR] [net.minecraft.stats.ServerRecipeBook/]: Tried to load unrecognized recipe: securitycraft:secret_spruce_sign_item removed now.
[27Oct2025 16:58:42.202] [Server thread/ERROR] [net.minecraft.stats.ServerRecipeBook/]: Tried to load unrecognized recipe: securitycraft:reinforced_birch_fence_gate removed now.
[27Oct2025 16:58:42.202] [Server thread/ERROR] [net.minecraft.stats.ServerRecipeBook/]: Tried to load unrecognized recipe: securitycraft:cherry_security_sea_boat removed now.
[27Oct2025 16:58:42.202] [Server thread/ERROR] [net.minecraft.stats.ServerRecipeBook/]: Tried to load unrecognized recipe: securitycraft:secret_bamboo_sign_item removed now.
[27Oct2025 16:58:42.202] [Server thread/ERROR] [net.minecraft.stats.ServerRecipeBook/]: Tried to load unrecognized recipe: securitycraft:reinforced_crimson_fence_gate removed now.
[27Oct2025 16:58:42.203] [Server thread/ERROR] [net.minecraft.stats.ServerRecipeBook/]: Tried to load unrecognized recipe: securitycraft:reinforced_warped_fence_gate removed now.
[27Oct2025 16:58:42.203] [Server thread/ERROR] [net.minecraft.stats.ServerRecipeBook/]: Tried to load unrecognized recipe: securitycraft:secret_cherry_hanging_sign removed now.
[27Oct2025 16:58:42.203] [Server thread/ERROR] [net.minecraft.stats.ServerRecipeBook/]: Tried to load unrecognized recipe: securitycraft:reinforced_crimson_fence removed now.
[27Oct2025 16:58:42.203] [Server thread/ERROR] [net.minecraft.stats.ServerRecipeBook/]: Tried to load unrecognized recipe: securitycraft:secret_oak_hanging_sign removed now.
[27Oct2025 16:58:42.203] [Server thread/ERROR] [net.minecraft.stats.ServerRecipeBook/]: Tried to load unrecognized recipe: securitycraft:secret_warped_hanging_sign removed now.
[27Oct2025 16:58:42.203] [Server thread/ERROR] [net.minecraft.stats.ServerRecipeBook/]: Tried to load unrecognized recipe: securitycraft:secret_jungle_hanging_sign removed now.
[27Oct2025 16:58:42.203] [Server thread/ERROR] [net.minecraft.stats.ServerRecipeBook/]: Tried to load unrecognized recipe: securitycraft:secret_crimson_hanging_sign removed now.
[27Oct2025 16:58:42.203] [Server thread/ERROR] [net.minecraft.stats.ServerRecipeBook/]: Tried to load unrecognized recipe: securitycraft:reinforced_jungle_fence removed now.
[27Oct2025 16:58:42.203] [Server thread/ERROR] [net.minecraft.stats.ServerRecipeBook/]: Tried to load unrecognized recipe: securitycraft:birch_security_sea_boat removed now.
[27Oct2025 16:58:42.203] [Server thread/ERROR] [net.minecraft.stats.ServerRecipeBook/]: Tried to load unrecognized recipe: securitycraft:secret_spruce_hanging_sign removed now.
[27Oct2025 16:58:42.204] [Server thread/ERROR] [net.minecraft.stats.ServerRecipeBook/]: Tried to load unrecognized recipe: securitycraft:secret_warped_sign_item removed now.
[27Oct2025 16:58:42.204] [Server thread/ERROR] [net.minecraft.stats.ServerRecipeBook/]: Tried to load unrecognized recipe: securitycraft:reinforced_jungle_fence_gate removed now.
[27Oct2025 16:58:42.204] [Server thread/ERROR] [net.minecraft.stats.ServerRecipeBook/]: Tried to load unrecognized recipe: securitycraft:reinforced_birch_fence removed now.
[27Oct2025 16:58:42.204] [Server thread/ERROR] [net.minecraft.stats.ServerRecipeBook/]: Tried to load unrecognized recipe: securitycraft:secret_dark_oak_sign_item removed now.
[27Oct2025 16:58:42.204] [Server thread/ERROR] [net.minecraft.stats.ServerRecipeBook/]: Tried to load unrecognized recipe: securitycraft:secret_acacia_hanging_sign removed now.
[27Oct2025 16:58:42.204] [Server thread/ERROR] [net.minecraft.stats.ServerRecipeBook/]: Tried to load unrecognized recipe: securitycraft:secret_mangrove_hanging_sign removed now.
[27Oct2025 16:58:42.204] [Server thread/ERROR] [net.minecraft.stats.ServerRecipeBook/]: Tried to load unrecognized recipe: securitycraft:reinforced_dark_oak_fence removed now.
[27Oct2025 16:58:42.204] [Server thread/ERROR] [net.minecraft.stats.ServerRecipeBook/]: Tried to load unrecognized recipe: securitycraft:secret_mangrove_sign_item removed now.
[27Oct2025 16:58:42.204] [Server thread/ERROR] [net.minecraft.stats.ServerRecipeBook/]: Tried to load unrecognized recipe: securitycraft:mangrove_security_sea_boat removed now.
[27Oct2025 16:58:42.205] [Server thread/ERROR] [net.minecraft.stats.ServerRecipeBook/]: Tried to load unrecognized recipe: securitycraft:secret_bamboo_hanging_sign removed now.
[27Oct2025 16:58:42.205] [Server thread/ERROR] [net.minecraft.stats.ServerRecipeBook/]: Tried to load unrecognized recipe: securitycraft:acacia_security_sea_boat removed now.
[27Oct2025 16:58:42.205] [Server thread/ERROR] [net.minecraft.stats.ServerRecipeBook/]: Tried to load unrecognized recipe: securitycraft:sc_manual removed now.
[27Oct2025 16:58:42.205] [Server thread/ERROR] [net.minecraft.stats.ServerRecipeBook/]: Tried to load unrecognized recipe: securitycraft:oak_security_sea_boat removed now.
[27Oct2025 16:58:42.205] [Server thread/ERROR] [net.minecraft.stats.ServerRecipeBook/]: Tried to load unrecognized recipe: securitycraft:reinforced_cherry_fence removed now.
[27Oct2025 16:58:42.205] [Server thread/ERROR] [net.minecraft.stats.ServerRecipeBook/]: Tried to load unrecognized recipe: securitycraft:reinforced_oak_fence_gate removed now.
[27Oct2025 16:58:42.205] [Server thread/ERROR] [net.minecraft.stats.ServerRecipeBook/]: Tried to load unrecognized recipe: securitycraft:reinforced_mangrove_fence_gate removed now.
[27Oct2025 16:58:42.205] [Server thread/ERROR] [net.minecraft.stats.ServerRecipeBook/]: Tried to load unrecognized recipe: securitycraft:reinforced_spruce_fence removed now.
[27Oct2025 16:58:42.206] [Server thread/ERROR] [net.minecraft.stats.ServerRecipeBook/]: Tried to load unrecognized recipe: securitycraft:reinforced_warped_fence removed now.
[27Oct2025 16:58:42.206] [Server thread/ERROR] [net.minecraft.stats.ServerRecipeBook/]: Tried to load unrecognized recipe: securitycraft:secret_jungle_sign_item removed now.
[27Oct2025 16:58:42.206] [Server thread/ERROR] [net.minecraft.stats.ServerRecipeBook/]: Tried to load unrecognized recipe: securitycraft:reinforced_spruce_fence_gate removed now.
[27Oct2025 16:58:42.206] [Server thread/ERROR] [net.minecraft.stats.ServerRecipeBook/]: Tried to load unrecognized recipe: camerapture:album removed now.
[27Oct2025 16:58:42.206] [Server thread/ERROR] [net.minecraft.stats.ServerRecipeBook/]: Tried to load unrecognized recipe: securitycraft:secret_cherry_sign_item removed now.
[27Oct2025 16:58:42.206] [Server thread/ERROR] [net.minecraft.stats.ServerRecipeBook/]: Tried to load unrecognized recipe: securitycraft:jungle_security_sea_boat removed now.
[27Oct2025 16:58:42.206] [Server thread/ERROR] [net.minecraft.stats.ServerRecipeBook/]: Tried to load unrecognized recipe: securitycraft:reinforced_bamboo_fence_gate removed now.
[27Oct2025 16:58:42.206] [Server thread/ERROR] [net.minecraft.stats.ServerRecipeBook/]: Tried to load unrecognized recipe: securitycraft:secret_acacia_sign_item removed now.
[27Oct2025 16:58:42.207] [Server thread/ERROR] [net.minecraft.stats.ServerRecipeBook/]: Tried to load unrecognized recipe: securitycraft:sonic_security_system removed now.
[27Oct2025 16:58:42.207] [Server thread/ERROR] [net.minecraft.stats.ServerRecipeBook/]: Tried to load unrecognized recipe: securitycraft:reinforced_oak_fence removed now.
[27Oct2025 16:58:42.207] [Server thread/ERROR] [net.minecraft.stats.ServerRecipeBook/]: Tried to load unrecognized recipe: securitycraft:reinforced_mangrove_fence removed now.
[27Oct2025 16:58:42.207] [Server thread/ERROR] [net.minecraft.stats.ServerRecipeBook/]: Tried to load unrecognized recipe: securitycraft:keypad_door_item removed now.
[27Oct2025 16:58:42.207] [Server thread/ERROR] [net.minecraft.stats.ServerRecipeBook/]: Tried to load unrecognized recipe: securitycraft:secret_birch_sign_item removed now.
[27Oct2025 16:58:42.207] [Server thread/ERROR] [net.minecraft.stats.ServerRecipeBook/]: Tried to load unrecognized recipe: securitycraft:dark_oak_security_sea_boat removed now.
[27Oct2025 16:58:42.207] [Server thread/ERROR] [net.minecraft.stats.ServerRecipeBook/]: Tried to load unrecognized recipe: securitycraft:secret_sign_item removed now.
[27Oct2025 16:58:42.207] [Server thread/ERROR] [net.minecraft.stats.ServerRecipeBook/]: Tried to load unrecognized recipe: securitycraft:secret_dark_oak_hanging_sign removed now.
[27Oct2025 16:58:42.208] [Server thread/ERROR] [net.minecraft.stats.ServerRecipeBook/]: Tried to load unrecognized recipe: securitycraft:reinforced_dark_oak_fence_gate removed now.
[27Oct2025 16:58:42.208] [Server thread/ERROR] [net.minecraft.stats.ServerRecipeBook/]: Tried to load unrecognized recipe: securitycraft:secret_birch_hanging_sign removed now.
[27Oct2025 16:58:42.208] [Server thread/ERROR] [net.minecraft.stats.ServerRecipeBook/]: Tried to load unrecognized recipe: securitycraft:reinforced_bamboo_fence removed now.
[27Oct2025 16:58:42.208] [Server thread/ERROR] [net.minecraft.stats.ServerRecipeBook/]: Tried to load unrecognized recipe: securitycraft:reinforced_acacia_fence_gate removed now.
[27Oct2025 16:58:42.208] [Server thread/ERROR] [net.minecraft.stats.ServerRecipeBook/]: Tried to load unrecognized recipe: securitycraft:motion_activated_light removed now.
[27Oct2025 16:58:42.208] [Server thread/ERROR] [net.minecraft.stats.ServerRecipeBook/]: Tried to load unrecognized recipe: securitycraft:secret_crimson_sign_item removed now.
[27Oct2025 16:58:42.208] [Server thread/ERROR] [net.minecraft.stats.ServerRecipeBook/]: Tried to load unrecognized recipe: securitycraft:bamboo_security_sea_raft removed now.
[27Oct2025 16:58:42.208] [Server thread/ERROR] [net.minecraft.stats.ServerRecipeBook/]: Tried to load unrecognized recipe: securitycraft:scanner_door_item removed now.
[27Oct2025 16:58:42.209] [Server thread/ERROR] [net.minecraft.stats.ServerRecipeBook/]: Tried to load unrecognized recipe: securitycraft:reinforced_cherry_fence_gate removed now.
[27Oct2025 16:58:42.209] [Server thread/ERROR] [net.minecraft.stats.ServerRecipeBook/]: Tried to load unrecognized recipe: securitycraft:reinforced_acacia_fence removed now.
[27Oct2025 16:58:42.209] [Server thread/ERROR] [net.minecraft.stats.ServerRecipeBook/]: Tried to load unrecognized recipe: securitycraft:spruce_security_sea_boat removed now.
[27Oct2025 16:58:42.209] [Server thread/ERROR] [net.minecraft.stats.ServerRecipeBook/]: Tried to load unrecognized recipe: securitycraft:secret_spruce_sign_item removed now.
[27Oct2025 16:58:42.209] [Server thread/ERROR] [net.minecraft.stats.ServerRecipeBook/]: Tried to load unrecognized recipe: securitycraft:reinforced_birch_fence_gate removed now.
[27Oct2025 16:58:42.209] [Server thread/ERROR] [net.minecraft.stats.ServerRecipeBook/]: Tried to load unrecognized recipe: securitycraft:cherry_security_sea_boat removed now.
[27Oct2025 16:58:42.209] [Server thread/ERROR] [net.minecraft.stats.ServerRecipeBook/]: Tried to load unrecognized recipe: securitycraft:secret_bamboo_sign_item removed now.
[27Oct2025 16:58:42.209] [Server thread/ERROR] [net.minecraft.stats.ServerRecipeBook/]: Tried to load unrecognized recipe: securitycraft:reinforced_crimson_fence_gate removed now.
[27Oct2025 16:58:42.209] [Server thread/ERROR] [net.minecraft.stats.ServerRecipeBook/]: Tried to load unrecognized recipe: securitycraft:reinforced_warped_fence_gate removed now.
[27Oct2025 16:58:42.210] [Server thread/ERROR] [net.minecraft.stats.ServerRecipeBook/]: Tried to load unrecognized recipe: securitycraft:secret_cherry_hanging_sign removed now.
[27Oct2025 16:58:42.210] [Server thread/ERROR] [net.minecraft.stats.ServerRecipeBook/]: Tried to load unrecognized recipe: securitycraft:reinforced_crimson_fence removed now.
[27Oct2025 16:58:42.210] [Server thread/ERROR] [net.minecraft.stats.ServerRecipeBook/]: Tried to load unrecognized recipe: securitycraft:secret_oak_hanging_sign removed now.
[27Oct2025 16:58:42.210] [Server thread/ERROR] [net.minecraft.stats.ServerRecipeBook/]: Tried to load unrecognized recipe: securitycraft:secret_warped_hanging_sign removed now.
[27Oct2025 16:58:42.210] [Server thread/ERROR] [net.minecraft.stats.ServerRecipeBook/]: Tried to load unrecognized recipe: securitycraft:secret_jungle_hanging_sign removed now.
[27Oct2025 16:58:42.210] [Server thread/ERROR] [net.minecraft.stats.ServerRecipeBook/]: Tried to load unrecognized recipe: securitycraft:secret_crimson_hanging_sign removed now.
[27Oct2025 16:58:42.210] [Server thread/ERROR] [net.minecraft.stats.ServerRecipeBook/]: Tried to load unrecognized recipe: securitycraft:reinforced_jungle_fence removed now.
[27Oct2025 16:58:42.210] [Server thread/ERROR] [net.minecraft.stats.ServerRecipeBook/]: Tried to load unrecognized recipe: securitycraft:birch_security_sea_boat removed now.
[27Oct2025 16:58:42.211] [Server thread/ERROR] [net.minecraft.stats.ServerRecipeBook/]: Tried to load unrecognized recipe: securitycraft:secret_spruce_hanging_sign removed now.
[27Oct2025 16:58:42.211] [Server thread/ERROR] [net.minecraft.stats.ServerRecipeBook/]: Tried to load unrecognized recipe: securitycraft:secret_warped_sign_item removed now.
[27Oct2025 16:58:42.211] [Server thread/ERROR] [net.minecraft.stats.ServerRecipeBook/]: Tried to load unrecognized recipe: securitycraft:reinforced_jungle_fence_gate removed now.
[27Oct2025 16:58:42.211] [Server thread/ERROR] [net.minecraft.stats.ServerRecipeBook/]: Tried to load unrecognized recipe: securitycraft:reinforced_birch_fence removed now.
[27Oct2025 16:58:42.211] [Server thread/ERROR] [net.minecraft.stats.ServerRecipeBook/]: Tried to load unrecognized recipe: securitycraft:secret_dark_oak_sign_item removed now.
[27Oct2025 16:58:42.211] [Server thread/ERROR] [net.minecraft.stats.ServerRecipeBook/]: Tried to load unrecognized recipe: securitycraft:secret_acacia_hanging_sign removed now.
[27Oct2025 16:58:42.211] [Server thread/ERROR] [net.minecraft.stats.ServerRecipeBook/]: Tried to load unrecognized recipe: securitycraft:secret_mangrove_hanging_sign removed now.
[27Oct2025 16:58:42.211] [Server thread/ERROR] [net.minecraft.stats.ServerRecipeBook/]: Tried to load unrecognized recipe: securitycraft:reinforced_dark_oak_fence removed now.
[27Oct2025 16:58:42.212] [Server thread/ERROR] [net.minecraft.stats.ServerRecipeBook/]: Tried to load unrecognized recipe: securitycraft:secret_mangrove_sign_item removed now.
[27Oct2025 16:58:42.212] [Server thread/ERROR] [net.minecraft.stats.ServerRecipeBook/]: Tried to load unrecognized recipe: securitycraft:mangrove_security_sea_boat removed now.
[27Oct2025 16:58:42.212] [Server thread/ERROR] [net.minecraft.stats.ServerRecipeBook/]: Tried to load unrecognized recipe: securitycraft:secret_bamboo_hanging_sign removed now.
[27Oct2025 16:58:42.212] [Server thread/ERROR] [net.minecraft.stats.ServerRecipeBook/]: Tried to load unrecognized recipe: securitycraft:acacia_security_sea_boat removed now.
[27Oct2025 16:58:42.212] [Server thread/ERROR] [net.minecraft.stats.ServerRecipeBook/]: Tried to load unrecognized recipe: securitycraft:sc_manual removed now.
[27Oct2025 16:58:42.213] [Server thread/ERROR] [net.minecraft.stats.ServerRecipeBook/]: Tried to load unrecognized recipe: securitycraft:oak_security_sea_boat removed now.
[27Oct2025 16:58:42.213] [Server thread/ERROR] [net.minecraft.stats.ServerRecipeBook/]: Tried to load unrecognized recipe: securitycraft:reinforced_cherry_fence removed now.
[27Oct2025 16:58:42.213] [Server thread/ERROR] [net.minecraft.stats.ServerRecipeBook/]: Tried to load unrecognized recipe: securitycraft:reinforced_oak_fence_gate removed now.
[27Oct2025 16:58:42.213] [Server thread/ERROR] [net.minecraft.stats.ServerRecipeBook/]: Tried to load unrecognized recipe: securitycraft:reinforced_mangrove_fence_gate removed now.
[27Oct2025 16:58:42.214] [Server thread/ERROR] [net.minecraft.stats.ServerRecipeBook/]: Tried to load unrecognized recipe: securitycraft:reinforced_spruce_fence removed now.
[27Oct2025 16:58:42.214] [Server thread/INFO] [net.minecraft.server.players.PlayerList/]: Null[/127.187.26.140:43931] logged in with entity id 1109 at (18.71437422966689, 64.0, 155.26751771833864)
[27Oct2025 16:58:42.214] [Server thread/DEBUG] [net.minecraftforge.network.filters.NetworkFilters/]: Injected net.minecraftforge.network.filters.ForgeConnectionNetworkFilter@522633e0 into net.minecraft.network.Connection@2eb9cb46
[27Oct2025 16:58:42.216] [Server thread/DEBUG] [ModernFix/]: Sending ID correction packet to client with 68 classes
[27Oct2025 16:58:42.221] [Server thread/INFO] [ModernFix/]: Using enhanced recipe sync for player Null
[27Oct2025 16:58:42.234] [Server thread/INFO] [net.minecraft.server.MinecraftServer/]: Null joined the game
[27Oct2025 16:58:42.280] [Server thread/INFO] [Devices Mod/]: Player logged in: literal{Null}
[27Oct2025 16:59:09.061] [Server thread/DEBUG] [net.minecraftforge.common.ForgeHooks/WP]: Gathering id map for writing to world save Matsuhama
[27Oct2025 16:59:09.067] [Server thread/DEBUG] [net.minecraftforge.common.ForgeHooks/WP]: ID Map collection complete Matsuhama
[27Oct2025 16:59:11.088] [Server thread/INFO] [com.teampotato.redirector.Redirector/]: Redirecting net/minecraft/world/level/block/entity/BeehiveBlockEntity$BeeReleaseStatus
[27Oct2025 17:00:30.749] [Server thread/INFO] [net.minecraft.server.MinecraftServer/]: [Imranack: Added Steve to team [Tech]]
[27Oct2025 17:00:36.176] [Server thread/INFO] [net.minecraft.server.MinecraftServer/]: [Imranack: Added Null to team [Police_Cadet]]
[27Oct2025 17:00:39.310] [Server thread/INFO] [net.minecraft.server.MinecraftServer/]: [Imranack: Executed 5 command(s) from function 'money:give_money']
[27Oct2025 17:00:57.295] [Server thread/WARN] [net.minecraft.server.network.ServerGamePacketListenerImpl/]: Null moved too quickly! -10.173230151993629,-0.7461092740512356,-0.6814819396034864
[27Oct2025 17:01:04.288] [Server thread/INFO] [net.minecraft.server.MinecraftServer/]: [Imranack: Set own game mode to Survival Mode]
[27Oct2025 17:01:06.041] [Server thread/INFO] [net.minecraft.server.MinecraftServer/]: [Imranack: Set own game mode to Creative Mode]
[27Oct2025 17:03:08.376] [Server thread/INFO] [com.teampotato.redirector.Redirector/]: Redirecting net/minecraft/world/level/block/DoubleBlockCombiner$BlockType
[27Oct2025 17:03:08.381] [Server thread/DEBUG] [mixin/]: Mixing MixinPiglinAi from curios.mixins.json into net.minecraft.world.entity.monster.piglin.PiglinAi
[27Oct2025 17:03:16.736] [Server thread/INFO] [net.minecraft.server.network.ServerGamePacketListenerImpl/]: Null lost connection: Disconnected
[27Oct2025 17:03:16.737] [Server thread/INFO] [net.minecraft.server.MinecraftServer/]: Null left the game
[27Oct2025 17:03:20.790] [Netty Epoll Server IO #2/DEBUG] [net.minecraftforge.network.HandshakeHandler/FMLHANDSHAKE]: Starting new modded impl connection. Found 30 messages to dispatch.
[27Oct2025 17:03:21.086] [Server thread/DEBUG] [net.minecraftforge.network.HandshakeHandler/FMLHANDSHAKE]: Sending ticking packet info 'jeg:custom_gun_manager' to 'framework:handshake' sequence 0
[27Oct2025 17:03:21.131] [Netty Epoll Server IO #2/DEBUG] [net.minecraftforge.network.LoginWrapper/FMLHANDSHAKE]: Recieved login wrapper packet event for channel framework:handshake with index 0
[27Oct2025 17:03:21.131] [Netty Epoll Server IO #2/DEBUG] [net.minecraftforge.network.HandshakeHandler/FMLHANDSHAKE]: Received client indexed reply 0 of type com.mrcrayfish.framework.api.network.message.HandshakeMessage$Acknowledge
[27Oct2025 17:03:21.131] [Netty Epoll Server IO #2/DEBUG] [Framework/FRAMEWORK_HANDSHAKE]: Received acknowledgement from client
[27Oct2025 17:03:21.136] [Server thread/DEBUG] [net.minecraftforge.network.HandshakeHandler/FMLHANDSHAKE]: Sending ticking packet info 'jeg:network_gun_manager' to 'framework:handshake' sequence 1
[27Oct2025 17:03:21.186] [Server thread/DEBUG] [net.minecraftforge.network.HandshakeHandler/FMLHANDSHAKE]: Sending ticking packet info 'net.minecraftforge.network.HandshakeMessages$S2CModData' to 'fml:handshake' sequence 2
[27Oct2025 17:03:21.236] [Server thread/DEBUG] [net.minecraftforge.network.HandshakeHandler/FMLHANDSHAKE]: Sending ticking packet info 'net.minecraftforge.network.HandshakeMessages$S2CModList' to 'fml:handshake' sequence 3
[27Oct2025 17:03:21.286] [Server thread/DEBUG] [net.minecraftforge.network.HandshakeHandler/FMLHANDSHAKE]: Sending ticking packet info 'Registry minecraft:command_argument_type' to 'fml:handshake' sequence 4
[27Oct2025 17:03:21.288] [Netty Epoll Server IO #2/DEBUG] [net.minecraftforge.network.LoginWrapper/FMLHANDSHAKE]: Recieved login wrapper packet event for channel framework:handshake with index 1
[27Oct2025 17:03:21.289] [Netty Epoll Server IO #2/DEBUG] [net.minecraftforge.network.HandshakeHandler/FMLHANDSHAKE]: Received client indexed reply 1 of type com.mrcrayfish.framework.api.network.message.HandshakeMessage$Acknowledge
[27Oct2025 17:03:21.289] [Netty Epoll Server IO #2/DEBUG] [Framework/FRAMEWORK_HANDSHAKE]: Received acknowledgement from client
[27Oct2025 17:03:21.304] [Netty Epoll Server IO #2/DEBUG] [net.minecraftforge.network.LoginWrapper/FMLHANDSHAKE]: Recieved login wrapper packet event for channel fml:handshake with index 3
[27Oct2025 17:03:21.304] [Netty Epoll Server IO #2/DEBUG] [net.minecraftforge.network.HandshakeHandler/FMLHANDSHAKE]: Received client indexed reply 3 of type net.minecraftforge.network.HandshakeMessages$C2SModListReply
[27Oct2025 17:03:21.304] [Netty Epoll Server IO #2/DEBUG] [net.minecraftforge.network.HandshakeHandler/FMLHANDSHAKE]: Received client connection with modlist [minecraft, smoothchunk, cuffed, eyemod, bh, geckolib, culllessleaves, creativecore, locks, jeg, itemproductionlib, fcl, attributefix, skilltree, faz_roleplay_plus, connectivity, casinocraft, betterfpsdist, saros__money_mod, curios, lexiconfig, modernfurniture, camera, journeymap, modernfix, brcc, inv_view_forge, mixinextras, lucky77, devices, bookshelf, customnpcs, starlight, architectury, ftblibrary, ferritecore, mts, cupboard, boxing_madness, saros_road_signs_mod, dtrch, saros_road_blocks_mod, framework, forge, lazrslib, playerrevive]
[27Oct2025 17:03:21.304] [Netty Epoll Server IO #2/DEBUG] [net.minecraftforge.network.NetworkRegistry/NETREGISTRY]: Channel 'saros_road_signs_mod:saros_road_signs_mod' : Version test of '1' from client : ACCEPTED
[27Oct2025 17:03:21.304] [Netty Epoll Server IO #2/DEBUG] [net.minecraftforge.network.NetworkRegistry/NETREGISTRY]: Channel 'saros__money_mod:main' : Version test of '1' from client : ACCEPTED
[27Oct2025 17:03:21.304] [Netty Epoll Server IO #2/DEBUG] [net.minecraftforge.network.NetworkRegistry/NETREGISTRY]: Channel 'architectury:network' : Version test of '1' from client : ACCEPTED
[27Oct2025 17:03:21.304] [Netty Epoll Server IO #2/DEBUG] [net.minecraftforge.network.NetworkRegistry/NETREGISTRY]: Channel 'minecraft:unregister' : Version test of 'FML3' from client : ACCEPTED
[27Oct2025 17:03:21.304] [Netty Epoll Server IO #2/DEBUG] [net.minecraftforge.network.NetworkRegistry/NETREGISTRY]: Channel 'jeg:play' : Version test of '1' from client : ACCEPTED
[27Oct2025 17:03:21.304] [Netty Epoll Server IO #2/DEBUG] [net.minecraftforge.network.NetworkRegistry/NETREGISTRY]: Channel 'framework:play' : Version test of '1' from client : ACCEPTED
[27Oct2025 17:03:21.304] [Netty Epoll Server IO #2/DEBUG] [net.minecraftforge.network.NetworkRegistry/NETREGISTRY]: Channel 'dtrch:dtrch' : Version test of '1' from client : ACCEPTED
[27Oct2025 17:03:21.304] [Netty Epoll Server IO #2/DEBUG] [net.minecraftforge.network.NetworkRegistry/NETREGISTRY]: Channel 'modernfix:main' : Version test of '1' from client : ACCEPTED
[27Oct2025 17:03:21.304] [Netty Epoll Server IO #2/DEBUG] [net.minecraftforge.network.NetworkRegistry/NETREGISTRY]: Channel 'curios:main' : Version test of '1' from client : ACCEPTED
[27Oct2025 17:03:21.304] [Netty Epoll Server IO #2/DEBUG] [net.minecraftforge.network.NetworkRegistry/NETREGISTRY]: Channel 'locks:main' : Version test of 'locks' from client : ACCEPTED
[27Oct2025 17:03:21.304] [Netty Epoll Server IO #2/DEBUG] [net.minecraftforge.network.NetworkRegistry/NETREGISTRY]: Channel 'casinocraft:main' : Version test of '1' from client : ACCEPTED
[27Oct2025 17:03:21.304] [Netty Epoll Server IO #2/DEBUG] [net.minecraftforge.network.NetworkRegistry/NETREGISTRY]: Channel 'framework:handshake' : Version test of '1' from client : ACCEPTED
[27Oct2025 17:03:21.304] [Netty Epoll Server IO #2/DEBUG] [net.minecraftforge.network.NetworkRegistry/NETREGISTRY]: Channel 'fml:loginwrapper' : Version test of 'FML3' from client : ACCEPTED
[27Oct2025 17:03:21.304] [Netty Epoll Server IO #2/DEBUG] [net.minecraftforge.network.NetworkRegistry/NETREGISTRY]: Channel 'forge:tier_sorting' : Version test of '1.0' from client : ACCEPTED
[27Oct2025 17:03:21.304] [Netty Epoll Server IO #2/DEBUG] [net.minecraftforge.network.NetworkRegistry/NETREGISTRY]: Channel 'faz_roleplay_plus:faz_roleplay_plus' : Version test of '1' from client : ACCEPTED
[27Oct2025 17:03:21.304] [Netty Epoll Server IO #2/DEBUG] [net.minecraftforge.network.NetworkRegistry/NETREGISTRY]: Channel 'playerrevive:main' : Version test of '1' from client : ACCEPTED
[27Oct2025 17:03:21.304] [Netty Epoll Server IO #2/DEBUG] [net.minecraftforge.network.NetworkRegistry/NETREGISTRY]: Channel 'fml:play' : Version test of 'FML3' from client : ACCEPTED
[27Oct2025 17:03:21.304] [Netty Epoll Server IO #2/DEBUG] [net.minecraftforge.network.NetworkRegistry/NETREGISTRY]: Channel 'mts:main' : Version test of '1' from client : ACCEPTED
[27Oct2025 17:03:21.304] [Netty Epoll Server IO #2/DEBUG] [net.minecraftforge.network.NetworkRegistry/NETREGISTRY]: Channel 'customnpcs:packets' : Version test of 'CNPCS' from client : ACCEPTED
[27Oct2025 17:03:21.304] [Netty Epoll Server IO #2/DEBUG] [net.minecraftforge.network.NetworkRegistry/NETREGISTRY]: Channel 'creativecore:main' : Version test of '1' from client : ACCEPTED
[27Oct2025 17:03:21.304] [Netty Epoll Server IO #2/DEBUG] [net.minecraftforge.network.NetworkRegistry/NETREGISTRY]: Channel 'eyemod:main' : Version test of '1' from client : ACCEPTED
[27Oct2025 17:03:21.305] [Netty Epoll Server IO #2/DEBUG] [net.minecraftforge.network.NetworkRegistry/NETREGISTRY]: Channel 'camera:default' : Version test of '1.0.0' from client : ACCEPTED
[27Oct2025 17:03:21.305] [Netty Epoll Server IO #2/DEBUG] [net.minecraftforge.network.NetworkRegistry/NETREGISTRY]: Channel 'fcl:channel' : Version test of 'fcl' from client : ACCEPTED
[27Oct2025 17:03:21.305] [Netty Epoll Server IO #2/DEBUG] [net.minecraftforge.network.NetworkRegistry/NETREGISTRY]: Channel 'fml:handshake' : Version test of 'FML3' from client : ACCEPTED
[27Oct2025 17:03:21.305] [Netty Epoll Server IO #2/DEBUG] [net.minecraftforge.network.NetworkRegistry/NETREGISTRY]: Channel 'saros__money_mod:saros__money_mod' : Version test of '1' from client : ACCEPTED
[27Oct2025 17:03:21.305] [Netty Epoll Server IO #2/DEBUG] [net.minecraftforge.network.NetworkRegistry/NETREGISTRY]: Channel 'modernfix:ingredient_sync' : Version test of '1' from client : ACCEPTED
[27Oct2025 17:03:21.305] [Netty Epoll Server IO #2/DEBUG] [net.minecraftforge.network.NetworkRegistry/NETREGISTRY]: Channel 'saros_road_blocks_mod:saros_road_blocks_mod' : Version test of '1' from client : ACCEPTED
[27Oct2025 17:03:21.305] [Netty Epoll Server IO #2/DEBUG] [net.minecraftforge.network.NetworkRegistry/NETREGISTRY]: Channel 'cuffed:main' : Version test of '1' from client : ACCEPTED
[27Oct2025 17:03:21.305] [Netty Epoll Server IO #2/DEBUG] [net.minecraftforge.network.NetworkRegistry/NETREGISTRY]: Channel 'boxing_madness:boxing_madness' : Version test of '1' from client : ACCEPTED
[27Oct2025 17:03:21.305] [Netty Epoll Server IO #2/DEBUG] [net.minecraftforge.network.NetworkRegistry/NETREGISTRY]: Channel 'minecraft:register' : Version test of 'FML3' from client : ACCEPTED
[27Oct2025 17:03:21.305] [Netty Epoll Server IO #2/DEBUG] [net.minecraftforge.network.NetworkRegistry/NETREGISTRY]: Channel 'forge:split' : Version test of '1.1' from client : ACCEPTED
[27Oct2025 17:03:21.305] [Netty Epoll Server IO #2/DEBUG] [net.minecraftforge.network.NetworkRegistry/NETREGISTRY]: Channel 'geckolib:main' : Version test of '1' from client : ACCEPTED
[27Oct2025 17:03:21.305] [Netty Epoll Server IO #2/DEBUG] [net.minecraftforge.network.NetworkRegistry/NETREGISTRY]: Channel 'modernfurniture:modernfurniture' : Version test of '1' from client : ACCEPTED
[27Oct2025 17:03:21.305] [Netty Epoll Server IO #2/DEBUG] [net.minecraftforge.network.NetworkRegistry/NETREGISTRY]: Accepting channel list from client
[27Oct2025 17:03:21.305] [Netty Epoll Server IO #2/DEBUG] [net.minecraftforge.network.HandshakeHandler/FMLHANDSHAKE]: Accepted client connection mod list
[27Oct2025 17:03:21.331] [Netty Epoll Server IO #2/DEBUG] [net.minecraftforge.network.LoginWrapper/FMLHANDSHAKE]: Recieved login wrapper packet event for channel fml:handshake with index 4
[27Oct2025 17:03:21.331] [Netty Epoll Server IO #2/DEBUG] [net.minecraftforge.network.HandshakeHandler/FMLHANDSHAKE]: Received client indexed reply 4 of type net.minecraftforge.network.HandshakeMessages$C2SAcknowledge
[27Oct2025 17:03:21.331] [Netty Epoll Server IO #2/DEBUG] [net.minecraftforge.network.HandshakeHandler/FMLHANDSHAKE]: Received acknowledgement from client
[27Oct2025 17:03:21.336] [Server thread/DEBUG] [net.minecraftforge.network.HandshakeHandler/FMLHANDSHAKE]: Sending ticking packet info 'Registry minecraft:recipe_serializer' to 'fml:handshake' sequence 5
[27Oct2025 17:03:21.370] [Netty Epoll Server IO #2/DEBUG] [net.minecraftforge.network.LoginWrapper/FMLHANDSHAKE]: Recieved login wrapper packet event for channel fml:handshake with index 5
[27Oct2025 17:03:21.371] [Netty Epoll Server IO #2/DEBUG] [net.minecraftforge.network.HandshakeHandler/FMLHANDSHAKE]: Received client indexed reply 5 of type net.minecraftforge.network.HandshakeMessages$C2SAcknowledge
[27Oct2025 17:03:21.371] [Netty Epoll Server IO #2/DEBUG] [net.minecraftforge.network.HandshakeHandler/FMLHANDSHAKE]: Received acknowledgement from client
[27Oct2025 17:03:21.386] [Server thread/DEBUG] [net.minecraftforge.network.HandshakeHandler/FMLHANDSHAKE]: Sending ticking packet info 'Registry minecraft:sound_event' to 'fml:handshake' sequence 6
[27Oct2025 17:03:21.436] [Server thread/DEBUG] [net.minecraftforge.network.HandshakeHandler/FMLHANDSHAKE]: Sending ticking packet info 'Registry minecraft:particle_type' to 'fml:handshake' sequence 7
[27Oct2025 17:03:21.456] [Netty Epoll Server IO #2/DEBUG] [net.minecraftforge.network.LoginWrapper/FMLHANDSHAKE]: Recieved login wrapper packet event for channel fml:handshake with index 6
[27Oct2025 17:03:21.456] [Netty Epoll Server IO #2/DEBUG] [net.minecraftforge.network.HandshakeHandler/FMLHANDSHAKE]: Received client indexed reply 6 of type net.minecraftforge.network.HandshakeMessages$C2SAcknowledge
[27Oct2025 17:03:21.456] [Netty Epoll Server IO #2/DEBUG] [net.minecraftforge.network.HandshakeHandler/FMLHANDSHAKE]: Received acknowledgement from client
[27Oct2025 17:03:21.486] [Server thread/DEBUG] [net.minecraftforge.network.HandshakeHandler/FMLHANDSHAKE]: Sending ticking packet info 'Registry minecraft:villager_profession' to 'fml:handshake' sequence 8
[27Oct2025 17:03:21.509] [Netty Epoll Server IO #2/DEBUG] [net.minecraftforge.network.LoginWrapper/FMLHANDSHAKE]: Recieved login wrapper packet event for channel fml:handshake with index 7
[27Oct2025 17:03:21.509] [Netty Epoll Server IO #2/DEBUG] [net.minecraftforge.network.HandshakeHandler/FMLHANDSHAKE]: Received client indexed reply 7 of type net.minecraftforge.network.HandshakeMessages$C2SAcknowledge
[27Oct2025 17:03:21.509] [Netty Epoll Server IO #2/DEBUG] [net.minecraftforge.network.HandshakeHandler/FMLHANDSHAKE]: Received acknowledgement from client
[27Oct2025 17:03:21.536] [Netty Epoll Server IO #2/DEBUG] [net.minecraftforge.network.LoginWrapper/FMLHANDSHAKE]: Recieved login wrapper packet event for channel fml:handshake with index 8
[27Oct2025 17:03:21.536] [Server thread/DEBUG] [net.minecraftforge.network.HandshakeHandler/FMLHANDSHAKE]: Sending ticking packet info 'Registry minecraft:item' to 'fml:handshake' sequence 9
[27Oct2025 17:03:21.536] [Netty Epoll Server IO #2/DEBUG] [net.minecraftforge.network.HandshakeHandler/FMLHANDSHAKE]: Received client indexed reply 8 of type net.minecraftforge.network.HandshakeMessages$C2SAcknowledge
[27Oct2025 17:03:21.536] [Netty Epoll Server IO #2/DEBUG] [net.minecraftforge.network.HandshakeHandler/FMLHANDSHAKE]: Received acknowledgement from client
[27Oct2025 17:03:21.586] [Server thread/DEBUG] [net.minecraftforge.network.HandshakeHandler/FMLHANDSHAKE]: Sending ticking packet info 'Registry minecraft:potion' to 'fml:handshake' sequence 10
[27Oct2025 17:03:21.640] [Netty Epoll Server IO #2/DEBUG] [net.minecraftforge.network.LoginWrapper/FMLHANDSHAKE]: Recieved login wrapper packet event for channel fml:handshake with index 9
[27Oct2025 17:03:21.641] [Netty Epoll Server IO #2/DEBUG] [net.minecraftforge.network.HandshakeHandler/FMLHANDSHAKE]: Received client indexed reply 9 of type net.minecraftforge.network.HandshakeMessages$C2SAcknowledge
[27Oct2025 17:03:21.641] [Netty Epoll Server IO #2/DEBUG] [net.minecraftforge.network.HandshakeHandler/FMLHANDSHAKE]: Received acknowledgement from client
[27Oct2025 17:03:21.641] [Netty Epoll Server IO #2/DEBUG] [net.minecraftforge.network.LoginWrapper/FMLHANDSHAKE]: Recieved login wrapper packet event for channel fml:handshake with index 10
[27Oct2025 17:03:21.641] [Netty Epoll Server IO #2/DEBUG] [net.minecraftforge.network.HandshakeHandler/FMLHANDSHAKE]: Received client indexed reply 10 of type net.minecraftforge.network.HandshakeMessages$C2SAcknowledge
[27Oct2025 17:03:21.641] [Netty Epoll Server IO #2/DEBUG] [net.minecraftforge.network.HandshakeHandler/FMLHANDSHAKE]: Received acknowledgement from client
[27Oct2025 17:03:21.645] [Server thread/DEBUG] [net.minecraftforge.network.HandshakeHandler/FMLHANDSHAKE]: Sending ticking packet info 'Registry minecraft:painting_variant' to 'fml:handshake' sequence 11
[27Oct2025 17:03:21.686] [Server thread/DEBUG] [net.minecraftforge.network.HandshakeHandler/FMLHANDSHAKE]: Sending ticking packet info 'Registry forge:fluid_type' to 'fml:handshake' sequence 12
[27Oct2025 17:03:21.699] [Netty Epoll Server IO #2/DEBUG] [net.minecraftforge.network.LoginWrapper/FMLHANDSHAKE]: Recieved login wrapper packet event for channel fml:handshake with index 11
[27Oct2025 17:03:21.699] [Netty Epoll Server IO #2/DEBUG] [net.minecraftforge.network.HandshakeHandler/FMLHANDSHAKE]: Received client indexed reply 11 of type net.minecraftforge.network.HandshakeMessages$C2SAcknowledge
[27Oct2025 17:03:21.699] [Netty Epoll Server IO #2/DEBUG] [net.minecraftforge.network.HandshakeHandler/FMLHANDSHAKE]: Received acknowledgement from client
[27Oct2025 17:03:21.736] [Server thread/DEBUG] [net.minecraftforge.network.HandshakeHandler/FMLHANDSHAKE]: Sending ticking packet info 'Registry minecraft:block_entity_type' to 'fml:handshake' sequence 13
[27Oct2025 17:03:21.759] [Netty Epoll Server IO #2/DEBUG] [net.minecraftforge.network.LoginWrapper/FMLHANDSHAKE]: Recieved login wrapper packet event for channel fml:handshake with index 12
[27Oct2025 17:03:21.759] [Netty Epoll Server IO #2/DEBUG] [net.minecraftforge.network.HandshakeHandler/FMLHANDSHAKE]: Received client indexed reply 12 of type net.minecraftforge.network.HandshakeMessages$C2SAcknowledge
[27Oct2025 17:03:21.759] [Netty Epoll Server IO #2/DEBUG] [net.minecraftforge.network.HandshakeHandler/FMLHANDSHAKE]: Received acknowledgement from client
[27Oct2025 17:03:21.770] [Netty Epoll Server IO #2/DEBUG] [net.minecraftforge.network.LoginWrapper/FMLHANDSHAKE]: Recieved login wrapper packet event for channel fml:handshake with index 13
[27Oct2025 17:03:21.770] [Netty Epoll Server IO #2/DEBUG] [net.minecraftforge.network.HandshakeHandler/FMLHANDSHAKE]: Received client indexed reply 13 of type net.minecraftforge.network.HandshakeMessages$C2SAcknowledge
[27Oct2025 17:03:21.770] [Netty Epoll Server IO #2/DEBUG] [net.minecraftforge.network.HandshakeHandler/FMLHANDSHAKE]: Received acknowledgement from client
[27Oct2025 17:03:21.786] [Server thread/DEBUG] [net.minecraftforge.network.HandshakeHandler/FMLHANDSHAKE]: Sending ticking packet info 'Registry forge:display_contexts' to 'fml:handshake' sequence 14
[27Oct2025 17:03:21.834] [Netty Epoll Server IO #2/DEBUG] [net.minecraftforge.network.LoginWrapper/FMLHANDSHAKE]: Recieved login wrapper packet event for channel fml:handshake with index 14
[27Oct2025 17:03:21.834] [Netty Epoll Server IO #2/DEBUG] [net.minecraftforge.network.HandshakeHandler/FMLHANDSHAKE]: Received client indexed reply 14 of type net.minecraftforge.network.HandshakeMessages$C2SAcknowledge
[27Oct2025 17:03:21.834] [Netty Epoll Server IO #2/DEBUG] [net.minecraftforge.network.HandshakeHandler/FMLHANDSHAKE]: Received acknowledgement from client
[27Oct2025 17:03:21.836] [Server thread/DEBUG] [net.minecraftforge.network.HandshakeHandler/FMLHANDSHAKE]: Sending ticking packet info 'Registry minecraft:block' to 'fml:handshake' sequence 15
[27Oct2025 17:03:21.886] [Server thread/DEBUG] [net.minecraftforge.network.HandshakeHandler/FMLHANDSHAKE]: Sending ticking packet info 'Registry cuffed:restraints' to 'fml:handshake' sequence 16
[27Oct2025 17:03:21.899] [Netty Epoll Server IO #2/DEBUG] [net.minecraftforge.network.LoginWrapper/FMLHANDSHAKE]: Recieved login wrapper packet event for channel fml:handshake with index 15
[27Oct2025 17:03:21.899] [Netty Epoll Server IO #2/DEBUG] [net.minecraftforge.network.HandshakeHandler/FMLHANDSHAKE]: Received client indexed reply 15 of type net.minecraftforge.network.HandshakeMessages$C2SAcknowledge
[27Oct2025 17:03:21.899] [Netty Epoll Server IO #2/DEBUG] [net.minecraftforge.network.HandshakeHandler/FMLHANDSHAKE]: Received acknowledgement from client
[27Oct2025 17:03:21.920] [Netty Epoll Server IO #2/DEBUG] [net.minecraftforge.network.LoginWrapper/FMLHANDSHAKE]: Recieved login wrapper packet event for channel fml:handshake with index 16
[27Oct2025 17:03:21.920] [Netty Epoll Server IO #2/DEBUG] [net.minecraftforge.network.HandshakeHandler/FMLHANDSHAKE]: Received client indexed reply 16 of type net.minecraftforge.network.HandshakeMessages$C2SAcknowledge
[27Oct2025 17:03:21.920] [Netty Epoll Server IO #2/DEBUG] [net.minecraftforge.network.HandshakeHandler/FMLHANDSHAKE]: Received acknowledgement from client
[27Oct2025 17:03:21.936] [Server thread/DEBUG] [net.minecraftforge.network.HandshakeHandler/FMLHANDSHAKE]: Sending ticking packet info 'Registry forge:entity_data_serializers' to 'fml:handshake' sequence 17
[27Oct2025 17:03:21.980] [Netty Epoll Server IO #2/DEBUG] [net.minecraftforge.network.LoginWrapper/FMLHANDSHAKE]: Recieved login wrapper packet event for channel fml:handshake with index 17
[27Oct2025 17:03:21.981] [Netty Epoll Server IO #2/DEBUG] [net.minecraftforge.network.HandshakeHandler/FMLHANDSHAKE]: Received client indexed reply 17 of type net.minecraftforge.network.HandshakeMessages$C2SAcknowledge
[27Oct2025 17:03:21.981] [Netty Epoll Server IO #2/DEBUG] [net.minecraftforge.network.HandshakeHandler/FMLHANDSHAKE]: Received acknowledgement from client
[27Oct2025 17:03:21.986] [Server thread/DEBUG] [net.minecraftforge.network.HandshakeHandler/FMLHANDSHAKE]: Sending ticking packet info 'Registry minecraft:mob_effect' to 'fml:handshake' sequence 18
[27Oct2025 17:03:22.021] [Netty Epoll Server IO #2/DEBUG] [net.minecraftforge.network.LoginWrapper/FMLHANDSHAKE]: Recieved login wrapper packet event for channel fml:handshake with index 18
[27Oct2025 17:03:22.021] [Netty Epoll Server IO #2/DEBUG] [net.minecraftforge.network.HandshakeHandler/FMLHANDSHAKE]: Received client indexed reply 18 of type net.minecraftforge.network.HandshakeMessages$C2SAcknowledge
[27Oct2025 17:03:22.021] [Netty Epoll Server IO #2/DEBUG] [net.minecraftforge.network.HandshakeHandler/FMLHANDSHAKE]: Received acknowledgement from client
[27Oct2025 17:03:22.035] [Server thread/DEBUG] [net.minecraftforge.network.HandshakeHandler/FMLHANDSHAKE]: Sending ticking packet info 'Registry minecraft:stat_type' to 'fml:handshake' sequence 19
[27Oct2025 17:03:22.071] [Netty Epoll Server IO #2/DEBUG] [net.minecraftforge.network.LoginWrapper/FMLHANDSHAKE]: Recieved login wrapper packet event for channel fml:handshake with index 19
[27Oct2025 17:03:22.071] [Netty Epoll Server IO #2/DEBUG] [net.minecraftforge.network.HandshakeHandler/FMLHANDSHAKE]: Received client indexed reply 19 of type net.minecraftforge.network.HandshakeMessages$C2SAcknowledge
[27Oct2025 17:03:22.071] [Netty Epoll Server IO #2/DEBUG] [net.minecraftforge.network.HandshakeHandler/FMLHANDSHAKE]: Received acknowledgement from client
[27Oct2025 17:03:22.086] [Server thread/DEBUG] [net.minecraftforge.network.HandshakeHandler/FMLHANDSHAKE]: Sending ticking packet info 'Registry minecraft:menu' to 'fml:handshake' sequence 20
[27Oct2025 17:03:22.120] [Netty Epoll Server IO #2/DEBUG] [net.minecraftforge.network.LoginWrapper/FMLHANDSHAKE]: Recieved login wrapper packet event for channel fml:handshake with index 20
[27Oct2025 17:03:22.121] [Netty Epoll Server IO #2/DEBUG] [net.minecraftforge.network.HandshakeHandler/FMLHANDSHAKE]: Received client indexed reply 20 of type net.minecraftforge.network.HandshakeMessages$C2SAcknowledge
[27Oct2025 17:03:22.121] [Netty Epoll Server IO #2/DEBUG] [net.minecraftforge.network.HandshakeHandler/FMLHANDSHAKE]: Received acknowledgement from client
[27Oct2025 17:03:22.136] [Server thread/DEBUG] [net.minecraftforge.network.HandshakeHandler/FMLHANDSHAKE]: Sending ticking packet info 'Registry minecraft:enchantment' to 'fml:handshake' sequence 21
[27Oct2025 17:03:22.166] [Netty Epoll Server IO #2/DEBUG] [net.minecraftforge.network.LoginWrapper/FMLHANDSHAKE]: Recieved login wrapper packet event for channel fml:handshake with index 21
[27Oct2025 17:03:22.166] [Netty Epoll Server IO #2/DEBUG] [net.minecraftforge.network.HandshakeHandler/FMLHANDSHAKE]: Received client indexed reply 21 of type net.minecraftforge.network.HandshakeMessages$C2SAcknowledge
[27Oct2025 17:03:22.166] [Netty Epoll Server IO #2/DEBUG] [net.minecraftforge.network.HandshakeHandler/FMLHANDSHAKE]: Received acknowledgement from client
[27Oct2025 17:03:22.185] [Server thread/DEBUG] [net.minecraftforge.network.HandshakeHandler/FMLHANDSHAKE]: Sending ticking packet info 'Registry minecraft:fluid' to 'fml:handshake' sequence 22
[27Oct2025 17:03:22.228] [Netty Epoll Server IO #2/DEBUG] [net.minecraftforge.network.LoginWrapper/FMLHANDSHAKE]: Recieved login wrapper packet event for channel fml:handshake with index 22
[27Oct2025 17:03:22.228] [Netty Epoll Server IO #2/DEBUG] [net.minecraftforge.network.HandshakeHandler/FMLHANDSHAKE]: Received client indexed reply 22 of type net.minecraftforge.network.HandshakeMessages$C2SAcknowledge
[27Oct2025 17:03:22.228] [Netty Epoll Server IO #2/DEBUG] [net.minecraftforge.network.HandshakeHandler/FMLHANDSHAKE]: Received acknowledgement from client
[27Oct2025 17:03:22.236] [Server thread/DEBUG] [net.minecraftforge.network.HandshakeHandler/FMLHANDSHAKE]: Sending ticking packet info 'Registry minecraft:entity_type' to 'fml:handshake' sequence 23
[27Oct2025 17:03:22.285] [Server thread/DEBUG] [net.minecraftforge.network.HandshakeHandler/FMLHANDSHAKE]: Sending ticking packet info 'Config camera-server.toml' to 'fml:handshake' sequence 24
[27Oct2025 17:03:22.336] [Server thread/DEBUG] [net.minecraftforge.network.HandshakeHandler/FMLHANDSHAKE]: Sending ticking packet info 'Config locks-server.toml' to 'fml:handshake' sequence 25
[27Oct2025 17:03:22.386] [Server thread/DEBUG] [net.minecraftforge.network.HandshakeHandler/FMLHANDSHAKE]: Sending ticking packet info 'Config curios-server.toml' to 'fml:handshake' sequence 26
[27Oct2025 17:03:22.436] [Server thread/DEBUG] [net.minecraftforge.network.HandshakeHandler/FMLHANDSHAKE]: Sending ticking packet info 'Config jeg-server.toml' to 'fml:handshake' sequence 27
[27Oct2025 17:03:22.486] [Server thread/DEBUG] [net.minecraftforge.network.HandshakeHandler/FMLHANDSHAKE]: Sending ticking packet info 'Config cuffed-server.toml' to 'fml:handshake' sequence 28
[27Oct2025 17:03:22.536] [Server thread/DEBUG] [net.minecraftforge.network.HandshakeHandler/FMLHANDSHAKE]: Sending ticking packet info 'Config forge-server.toml' to 'fml:handshake' sequence 29
[27Oct2025 17:03:22.541] [Netty Epoll Server IO #2/DEBUG] [net.minecraftforge.network.LoginWrapper/FMLHANDSHAKE]: Recieved login wrapper packet event for channel fml:handshake with index 23
[27Oct2025 17:03:22.542] [Netty Epoll Server IO #2/DEBUG] [net.minecraftforge.network.HandshakeHandler/FMLHANDSHAKE]: Received client indexed reply 23 of type net.minecraftforge.network.HandshakeMessages$C2SAcknowledge
[27Oct2025 17:03:22.542] [Netty Epoll Server IO #2/DEBUG] [net.minecraftforge.network.HandshakeHandler/FMLHANDSHAKE]: Received acknowledgement from client
[27Oct2025 17:03:22.549] [Netty Epoll Server IO #2/DEBUG] [net.minecraftforge.network.LoginWrapper/FMLHANDSHAKE]: Recieved login wrapper packet event for channel fml:handshake with index 24
[27Oct2025 17:03:22.549] [Netty Epoll Server IO #2/DEBUG] [net.minecraftforge.network.HandshakeHandler/FMLHANDSHAKE]: Received client indexed reply 24 of type net.minecraftforge.network.HandshakeMessages$C2SAcknowledge
[27Oct2025 17:03:22.549] [Netty Epoll Server IO #2/DEBUG] [net.minecraftforge.network.HandshakeHandler/FMLHANDSHAKE]: Received acknowledgement from client
[27Oct2025 17:03:22.549] [Netty Epoll Server IO #2/DEBUG] [net.minecraftforge.network.LoginWrapper/FMLHANDSHAKE]: Recieved login wrapper packet event for channel fml:handshake with index 25
[27Oct2025 17:03:22.549] [Netty Epoll Server IO #2/DEBUG] [net.minecraftforge.network.HandshakeHandler/FMLHANDSHAKE]: Received client indexed reply 25 of type net.minecraftforge.network.HandshakeMessages$C2SAcknowledge
[27Oct2025 17:03:22.549] [Netty Epoll Server IO #2/DEBUG] [net.minecraftforge.network.HandshakeHandler/FMLHANDSHAKE]: Received acknowledgement from client
[27Oct2025 17:03:22.549] [Netty Epoll Server IO #2/DEBUG] [net.minecraftforge.network.LoginWrapper/FMLHANDSHAKE]: Recieved login wrapper packet event for channel fml:handshake with index 26
[27Oct2025 17:03:22.549] [Netty Epoll Server IO #2/DEBUG] [net.minecraftforge.network.HandshakeHandler/FMLHANDSHAKE]: Received client indexed reply 26 of type net.minecraftforge.network.HandshakeMessages$C2SAcknowledge
[27Oct2025 17:03:22.549] [Netty Epoll Server IO #2/DEBUG] [net.minecraftforge.network.HandshakeHandler/FMLHANDSHAKE]: Received acknowledgement from client
[27Oct2025 17:03:22.564] [Netty Epoll Server IO #2/DEBUG] [net.minecraftforge.network.LoginWrapper/FMLHANDSHAKE]: Recieved login wrapper packet event for channel fml:handshake with index 27
[27Oct2025 17:03:22.565] [Netty Epoll Server IO #2/DEBUG] [net.minecraftforge.network.HandshakeHandler/FMLHANDSHAKE]: Received client indexed reply 27 of type net.minecraftforge.network.HandshakeMessages$C2SAcknowledge
[27Oct2025 17:03:22.565] [Netty Epoll Server IO #2/DEBUG] [net.minecraftforge.network.HandshakeHandler/FMLHANDSHAKE]: Received acknowledgement from client
[27Oct2025 17:03:22.581] [Netty Epoll Server IO #2/DEBUG] [net.minecraftforge.network.LoginWrapper/FMLHANDSHAKE]: Recieved login wrapper packet event for channel fml:handshake with index 28
[27Oct2025 17:03:22.581] [Netty Epoll Server IO #2/DEBUG] [net.minecraftforge.network.HandshakeHandler/FMLHANDSHAKE]: Received client indexed reply 28 of type net.minecraftforge.network.HandshakeMessages$C2SAcknowledge
[27Oct2025 17:03:22.581] [Netty Epoll Server IO #2/DEBUG] [net.minecraftforge.network.HandshakeHandler/FMLHANDSHAKE]: Received acknowledgement from client
[27Oct2025 17:03:22.581] [Netty Epoll Server IO #2/DEBUG] [net.minecraftforge.network.LoginWrapper/FMLHANDSHAKE]: Recieved login wrapper packet event for channel fml:handshake with index 29
[27Oct2025 17:03:22.581] [Netty Epoll Server IO #2/DEBUG] [net.minecraftforge.network.HandshakeHandler/FMLHANDSHAKE]: Received client indexed reply 29 of type net.minecraftforge.network.HandshakeMessages$C2SAcknowledge
[27Oct2025 17:03:22.581] [Netty Epoll Server IO #2/DEBUG] [net.minecraftforge.network.HandshakeHandler/FMLHANDSHAKE]: Received acknowledgement from client
[27Oct2025 17:03:22.586] [Server thread/DEBUG] [net.minecraftforge.network.HandshakeHandler/FMLHANDSHAKE]: Handshake complete!
[27Oct2025 17:03:22.650] [Server thread/INFO] [net.minecraft.server.players.PlayerList/]: Null[/127.187.26.140:39137] logged in with entity id 1279 at (30.354849532360866, 69.0, 103.68894429330611)
[27Oct2025 17:03:22.650] [Server thread/DEBUG] [net.minecraftforge.network.filters.NetworkFilters/]: Injected net.minecraftforge.network.filters.ForgeConnectionNetworkFilter@40d10393 into net.minecraft.network.Connection@759fbf7a
[27Oct2025 17:03:22.651] [Server thread/DEBUG] [ModernFix/]: Sending ID correction packet to client with 68 classes
[27Oct2025 17:03:22.654] [Server thread/INFO] [ModernFix/]: Using enhanced recipe sync for player Null
[27Oct2025 17:03:22.665] [Server thread/INFO] [net.minecraft.server.MinecraftServer/]: Null joined the game
[27Oct2025 17:03:22.697] [Server thread/INFO] [Devices Mod/]: Player logged in: literal{Null}
[27Oct2025 17:04:09.058] [Server thread/DEBUG] [net.minecraftforge.common.ForgeHooks/WP]: Gathering id map for writing to world save Matsuhama
[27Oct2025 17:04:09.065] [Server thread/DEBUG] [net.minecraftforge.common.ForgeHooks/WP]: ID Map collection complete Matsuhama
[27Oct2025 17:05:35.759] [Netty Epoll Server IO #4/DEBUG] [net.minecraftforge.network.HandshakeHandler/FMLHANDSHAKE]: Starting new modded impl connection. Found 30 messages to dispatch.
[27Oct2025 17:05:36.086] [Server thread/DEBUG] [net.minecraftforge.network.HandshakeHandler/FMLHANDSHAKE]: Sending ticking packet info 'jeg:custom_gun_manager' to 'framework:handshake' sequence 0
[27Oct2025 17:05:36.131] [Netty Epoll Server IO #4/DEBUG] [net.minecraftforge.network.LoginWrapper/FMLHANDSHAKE]: Recieved login wrapper packet event for channel framework:handshake with index 0
[27Oct2025 17:05:36.131] [Netty Epoll Server IO #4/DEBUG] [net.minecraftforge.network.HandshakeHandler/FMLHANDSHAKE]: Received client indexed reply 0 of type com.mrcrayfish.framework.api.network.message.HandshakeMessage$Acknowledge
[27Oct2025 17:05:36.131] [Netty Epoll Server IO #4/DEBUG] [Framework/FRAMEWORK_HANDSHAKE]: Received acknowledgement from client
[27Oct2025 17:05:36.138] [Server thread/DEBUG] [net.minecraftforge.network.HandshakeHandler/FMLHANDSHAKE]: Sending ticking packet info 'jeg:network_gun_manager' to 'framework:handshake' sequence 1
[27Oct2025 17:05:36.187] [Server thread/DEBUG] [net.minecraftforge.network.HandshakeHandler/FMLHANDSHAKE]: Sending ticking packet info 'net.minecraftforge.network.HandshakeMessages$S2CModData' to 'fml:handshake' sequence 2
[27Oct2025 17:05:36.237] [Server thread/DEBUG] [net.minecraftforge.network.HandshakeHandler/FMLHANDSHAKE]: Sending ticking packet info 'net.minecraftforge.network.HandshakeMessages$S2CModList' to 'fml:handshake' sequence 3
[27Oct2025 17:05:36.285] [Netty Epoll Server IO #4/DEBUG] [net.minecraftforge.network.LoginWrapper/FMLHANDSHAKE]: Recieved login wrapper packet event for channel framework:handshake with index 1
[27Oct2025 17:05:36.285] [Netty Epoll Server IO #4/DEBUG] [net.minecraftforge.network.HandshakeHandler/FMLHANDSHAKE]: Received client indexed reply 1 of type com.mrcrayfish.framework.api.network.message.HandshakeMessage$Acknowledge
[27Oct2025 17:05:36.285] [Netty Epoll Server IO #4/DEBUG] [Framework/FRAMEWORK_HANDSHAKE]: Received acknowledgement from client
[27Oct2025 17:05:36.285] [Netty Epoll Server IO #4/DEBUG] [net.minecraftforge.network.LoginWrapper/FMLHANDSHAKE]: Recieved login wrapper packet event for channel fml:handshake with index 3
[27Oct2025 17:05:36.285] [Netty Epoll Server IO #4/DEBUG] [net.minecraftforge.network.HandshakeHandler/FMLHANDSHAKE]: Received client indexed reply 3 of type net.minecraftforge.network.HandshakeMessages$C2SModListReply
[27Oct2025 17:05:36.285] [Netty Epoll Server IO #4/DEBUG] [net.minecraftforge.network.HandshakeHandler/FMLHANDSHAKE]: Received client connection with modlist [minecraft, smoothchunk, cuffed, eyemod, bh, geckolib, culllessleaves, creativecore, locks, jeg, itemproductionlib, fcl, attributefix, skilltree, faz_roleplay_plus, connectivity, casinocraft, betterfpsdist, saros__money_mod, curios, lexiconfig, modernfurniture, camera, journeymap, modernfix, brcc, inv_view_forge, mixinextras, lucky77, devices, bookshelf, customnpcs, starlight, architectury, ftblibrary, ferritecore, mts, cupboard, boxing_madness, saros_road_signs_mod, dtrch, saros_road_blocks_mod, framework, forge, lazrslib, playerrevive]
[27Oct2025 17:05:36.285] [Netty Epoll Server IO #4/DEBUG] [net.minecraftforge.network.NetworkRegistry/NETREGISTRY]: Channel 'saros_road_signs_mod:saros_road_signs_mod' : Version test of '1' from client : ACCEPTED
[27Oct2025 17:05:36.285] [Netty Epoll Server IO #4/DEBUG] [net.minecraftforge.network.NetworkRegistry/NETREGISTRY]: Channel 'saros__money_mod:main' : Version test of '1' from client : ACCEPTED
[27Oct2025 17:05:36.285] [Netty Epoll Server IO #4/DEBUG] [net.minecraftforge.network.NetworkRegistry/NETREGISTRY]: Channel 'architectury:network' : Version test of '1' from client : ACCEPTED
[27Oct2025 17:05:36.285] [Netty Epoll Server IO #4/DEBUG] [net.minecraftforge.network.NetworkRegistry/NETREGISTRY]: Channel 'minecraft:unregister' : Version test of 'FML3' from client : ACCEPTED
[27Oct2025 17:05:36.286] [Netty Epoll Server IO #4/DEBUG] [net.minecraftforge.network.NetworkRegistry/NETREGISTRY]: Channel 'jeg:play' : Version test of '1' from client : ACCEPTED
[27Oct2025 17:05:36.286] [Netty Epoll Server IO #4/DEBUG] [net.minecraftforge.network.NetworkRegistry/NETREGISTRY]: Channel 'framework:play' : Version test of '1' from client : ACCEPTED
[27Oct2025 17:05:36.286] [Netty Epoll Server IO #4/DEBUG] [net.minecraftforge.network.NetworkRegistry/NETREGISTRY]: Channel 'dtrch:dtrch' : Version test of '1' from client : ACCEPTED
[27Oct2025 17:05:36.286] [Netty Epoll Server IO #4/DEBUG] [net.minecraftforge.network.NetworkRegistry/NETREGISTRY]: Channel 'modernfix:main' : Version test of '1' from client : ACCEPTED
[27Oct2025 17:05:36.286] [Netty Epoll Server IO #4/DEBUG] [net.minecraftforge.network.NetworkRegistry/NETREGISTRY]: Channel 'curios:main' : Version test of '1' from client : ACCEPTED
[27Oct2025 17:05:36.286] [Netty Epoll Server IO #4/DEBUG] [net.minecraftforge.network.NetworkRegistry/NETREGISTRY]: Channel 'locks:main' : Version test of 'locks' from client : ACCEPTED
[27Oct2025 17:05:36.286] [Netty Epoll Server IO #4/DEBUG] [net.minecraftforge.network.NetworkRegistry/NETREGISTRY]: Channel 'casinocraft:main' : Version test of '1' from client : ACCEPTED
[27Oct2025 17:05:36.286] [Netty Epoll Server IO #4/DEBUG] [net.minecraftforge.network.NetworkRegistry/NETREGISTRY]: Channel 'framework:handshake' : Version test of '1' from client : ACCEPTED
[27Oct2025 17:05:36.286] [Netty Epoll Server IO #4/DEBUG] [net.minecraftforge.network.NetworkRegistry/NETREGISTRY]: Channel 'fml:loginwrapper' : Version test of 'FML3' from client : ACCEPTED
[27Oct2025 17:05:36.286] [Netty Epoll Server IO #4/DEBUG] [net.minecraftforge.network.NetworkRegistry/NETREGISTRY]: Channel 'forge:tier_sorting' : Version test of '1.0' from client : ACCEPTED
[27Oct2025 17:05:36.286] [Netty Epoll Server IO #4/DEBUG] [net.minecraftforge.network.NetworkRegistry/NETREGISTRY]: Channel 'faz_roleplay_plus:faz_roleplay_plus' : Version test of '1' from client : ACCEPTED
[27Oct2025 17:05:36.286] [Netty Epoll Server IO #4/DEBUG] [net.minecraftforge.network.NetworkRegistry/NETREGISTRY]: Channel 'playerrevive:main' : Version test of '1' from client : ACCEPTED
[27Oct2025 17:05:36.286] [Netty Epoll Server IO #4/DEBUG] [net.minecraftforge.network.NetworkRegistry/NETREGISTRY]: Channel 'fml:play' : Version test of 'FML3' from client : ACCEPTED
[27Oct2025 17:05:36.286] [Netty Epoll Server IO #4/DEBUG] [net.minecraftforge.network.NetworkRegistry/NETREGISTRY]: Channel 'mts:main' : Version test of '1' from client : ACCEPTED
[27Oct2025 17:05:36.286] [Netty Epoll Server IO #4/DEBUG] [net.minecraftforge.network.NetworkRegistry/NETREGISTRY]: Channel 'customnpcs:packets' : Version test of 'CNPCS' from client : ACCEPTED
[27Oct2025 17:05:36.286] [Netty Epoll Server IO #4/DEBUG] [net.minecraftforge.network.NetworkRegistry/NETREGISTRY]: Channel 'creativecore:main' : Version test of '1' from client : ACCEPTED
[27Oct2025 17:05:36.286] [Netty Epoll Server IO #4/DEBUG] [net.minecraftforge.network.NetworkRegistry/NETREGISTRY]: Channel 'eyemod:main' : Version test of '1' from client : ACCEPTED
[27Oct2025 17:05:36.286] [Netty Epoll Server IO #4/DEBUG] [net.minecraftforge.network.NetworkRegistry/NETREGISTRY]: Channel 'camera:default' : Version test of '1.0.0' from client : ACCEPTED
[27Oct2025 17:05:36.286] [Netty Epoll Server IO #4/DEBUG] [net.minecraftforge.network.NetworkRegistry/NETREGISTRY]: Channel 'fcl:channel' : Version test of 'fcl' from client : ACCEPTED
[27Oct2025 17:05:36.286] [Netty Epoll Server IO #4/DEBUG] [net.minecraftforge.network.NetworkRegistry/NETREGISTRY]: Channel 'fml:handshake' : Version test of 'FML3' from client : ACCEPTED
[27Oct2025 17:05:36.286] [Netty Epoll Server IO #4/DEBUG] [net.minecraftforge.network.NetworkRegistry/NETREGISTRY]: Channel 'saros__money_mod:saros__money_mod' : Version test of '1' from client : ACCEPTED
[27Oct2025 17:05:36.286] [Netty Epoll Server IO #4/DEBUG] [net.minecraftforge.network.NetworkRegistry/NETREGISTRY]: Channel 'modernfix:ingredient_sync' : Version test of '1' from client : ACCEPTED
[27Oct2025 17:05:36.286] [Netty Epoll Server IO #4/DEBUG] [net.minecraftforge.network.NetworkRegistry/NETREGISTRY]: Channel 'saros_road_blocks_mod:saros_road_blocks_mod' : Version test of '1' from client : ACCEPTED
[27Oct2025 17:05:36.286] [Netty Epoll Server IO #4/DEBUG] [net.minecraftforge.network.NetworkRegistry/NETREGISTRY]: Channel 'cuffed:main' : Version test of '1' from client : ACCEPTED
[27Oct2025 17:05:36.286] [Netty Epoll Server IO #4/DEBUG] [net.minecraftforge.network.NetworkRegistry/NETREGISTRY]: Channel 'boxing_madness:boxing_madness' : Version test of '1' from client : ACCEPTED
[27Oct2025 17:05:36.286] [Netty Epoll Server IO #4/DEBUG] [net.minecraftforge.network.NetworkRegistry/NETREGISTRY]: Channel 'minecraft:register' : Version test of 'FML3' from client : ACCEPTED
[27Oct2025 17:05:36.286] [Netty Epoll Server IO #4/DEBUG] [net.minecraftforge.network.NetworkRegistry/NETREGISTRY]: Channel 'forge:split' : Version test of '1.1' from client : ACCEPTED
[27Oct2025 17:05:36.286] [Netty Epoll Server IO #4/DEBUG] [net.minecraftforge.network.NetworkRegistry/NETREGISTRY]: Channel 'geckolib:main' : Version test of '1' from client : ACCEPTED
[27Oct2025 17:05:36.286] [Netty Epoll Server IO #4/DEBUG] [net.minecraftforge.network.NetworkRegistry/NETREGISTRY]: Channel 'modernfurniture:modernfurniture' : Version test of '1' from client : ACCEPTED
[27Oct2025 17:05:36.286] [Netty Epoll Server IO #4/DEBUG] [net.minecraftforge.network.NetworkRegistry/NETREGISTRY]: Accepting channel list from client
[27Oct2025 17:05:36.286] [Netty Epoll Server IO #4/DEBUG] [net.minecraftforge.network.HandshakeHandler/FMLHANDSHAKE]: Accepted client connection mod list
[27Oct2025 17:05:36.288] [Server thread/DEBUG] [net.minecraftforge.network.HandshakeHandler/FMLHANDSHAKE]: Sending ticking packet info 'Registry minecraft:command_argument_type' to 'fml:handshake' sequence 4
[27Oct2025 17:05:36.331] [Netty Epoll Server IO #4/DEBUG] [net.minecraftforge.network.LoginWrapper/FMLHANDSHAKE]: Recieved login wrapper packet event for channel fml:handshake with index 4
[27Oct2025 17:05:36.331] [Netty Epoll Server IO #4/DEBUG] [net.minecraftforge.network.HandshakeHandler/FMLHANDSHAKE]: Received client indexed reply 4 of type net.minecraftforge.network.HandshakeMessages$C2SAcknowledge
[27Oct2025 17:05:36.331] [Netty Epoll Server IO #4/DEBUG] [net.minecraftforge.network.HandshakeHandler/FMLHANDSHAKE]: Received acknowledgement from client
[27Oct2025 17:05:36.338] [Server thread/DEBUG] [net.minecraftforge.network.HandshakeHandler/FMLHANDSHAKE]: Sending ticking packet info 'Registry minecraft:recipe_serializer' to 'fml:handshake' sequence 5
[27Oct2025 17:05:36.381] [Netty Epoll Server IO #4/DEBUG] [net.minecraftforge.network.LoginWrapper/FMLHANDSHAKE]: Recieved login wrapper packet event for channel fml:handshake with index 5
[27Oct2025 17:05:36.381] [Netty Epoll Server IO #4/DEBUG] [net.minecraftforge.network.HandshakeHandler/FMLHANDSHAKE]: Received client indexed reply 5 of type net.minecraftforge.network.HandshakeMessages$C2SAcknowledge
[27Oct2025 17:05:36.381] [Netty Epoll Server IO #4/DEBUG] [net.minecraftforge.network.HandshakeHandler/FMLHANDSHAKE]: Received acknowledgement from client
[27Oct2025 17:05:36.388] [Server thread/DEBUG] [net.minecraftforge.network.HandshakeHandler/FMLHANDSHAKE]: Sending ticking packet info 'Registry minecraft:sound_event' to 'fml:handshake' sequence 6
[27Oct2025 17:05:36.428] [Netty Epoll Server IO #4/DEBUG] [net.minecraftforge.network.LoginWrapper/FMLHANDSHAKE]: Recieved login wrapper packet event for channel fml:handshake with index 6
[27Oct2025 17:05:36.428] [Netty Epoll Server IO #4/DEBUG] [net.minecraftforge.network.HandshakeHandler/FMLHANDSHAKE]: Received client indexed reply 6 of type net.minecraftforge.network.HandshakeMessages$C2SAcknowledge
[27Oct2025 17:05:36.428] [Netty Epoll Server IO #4/DEBUG] [net.minecraftforge.network.HandshakeHandler/FMLHANDSHAKE]: Received acknowledgement from client
[27Oct2025 17:05:36.437] [Server thread/DEBUG] [net.minecraftforge.network.HandshakeHandler/FMLHANDSHAKE]: Sending ticking packet info 'Registry minecraft:particle_type' to 'fml:handshake' sequence 7
[27Oct2025 17:05:36.481] [Netty Epoll Server IO #4/DEBUG] [net.minecraftforge.network.LoginWrapper/FMLHANDSHAKE]: Recieved login wrapper packet event for channel fml:handshake with index 7
[27Oct2025 17:05:36.481] [Netty Epoll Server IO #4/DEBUG] [net.minecraftforge.network.HandshakeHandler/FMLHANDSHAKE]: Received client indexed reply 7 of type net.minecraftforge.network.HandshakeMessages$C2SAcknowledge
[27Oct2025 17:05:36.481] [Netty Epoll Server IO #4/DEBUG] [net.minecraftforge.network.HandshakeHandler/FMLHANDSHAKE]: Received acknowledgement from client
[27Oct2025 17:05:36.487] [Server thread/DEBUG] [net.minecraftforge.network.HandshakeHandler/FMLHANDSHAKE]: Sending ticking packet info 'Registry minecraft:villager_profession' to 'fml:handshake' sequence 8
[27Oct2025 17:05:36.531] [Netty Epoll Server IO #4/DEBUG] [net.minecraftforge.network.LoginWrapper/FMLHANDSHAKE]: Recieved login wrapper packet event for channel fml:handshake with index 8
[27Oct2025 17:05:36.531] [Netty Epoll Server IO #4/DEBUG] [net.minecraftforge.network.HandshakeHandler/FMLHANDSHAKE]: Received client indexed reply 8 of type net.minecraftforge.network.HandshakeMessages$C2SAcknowledge
[27Oct2025 17:05:36.531] [Netty Epoll Server IO #4/DEBUG] [net.minecraftforge.network.HandshakeHandler/FMLHANDSHAKE]: Received acknowledgement from client
[27Oct2025 17:05:36.536] [Server thread/DEBUG] [net.minecraftforge.network.HandshakeHandler/FMLHANDSHAKE]: Sending ticking packet info 'Registry minecraft:item' to 'fml:handshake' sequence 9
[27Oct2025 17:05:36.586] [Server thread/DEBUG] [net.minecraftforge.network.HandshakeHandler/FMLHANDSHAKE]: Sending ticking packet info 'Registry minecraft:potion' to 'fml:handshake' sequence 10
[27Oct2025 17:05:36.596] [Netty Epoll Server IO #4/DEBUG] [net.minecraftforge.network.LoginWrapper/FMLHANDSHAKE]: Recieved login wrapper packet event for channel fml:handshake with index 9
[27Oct2025 17:05:36.596] [Netty Epoll Server IO #4/DEBUG] [net.minecraftforge.network.HandshakeHandler/FMLHANDSHAKE]: Received client indexed reply 9 of type net.minecraftforge.network.HandshakeMessages$C2SAcknowledge
[27Oct2025 17:05:36.596] [Netty Epoll Server IO #4/DEBUG] [net.minecraftforge.network.HandshakeHandler/FMLHANDSHAKE]: Received acknowledgement from client
[27Oct2025 17:05:36.631] [Netty Epoll Server IO #4/DEBUG] [net.minecraftforge.network.LoginWrapper/FMLHANDSHAKE]: Recieved login wrapper packet event for channel fml:handshake with index 10
[27Oct2025 17:05:36.631] [Netty Epoll Server IO #4/DEBUG] [net.minecraftforge.network.HandshakeHandler/FMLHANDSHAKE]: Received client indexed reply 10 of type net.minecraftforge.network.HandshakeMessages$C2SAcknowledge
[27Oct2025 17:05:36.631] [Netty Epoll Server IO #4/DEBUG] [net.minecraftforge.network.HandshakeHandler/FMLHANDSHAKE]: Received acknowledgement from client
[27Oct2025 17:05:36.649] [Server thread/DEBUG] [net.minecraftforge.network.HandshakeHandler/FMLHANDSHAKE]: Sending ticking packet info 'Registry minecraft:painting_variant' to 'fml:handshake' sequence 11
[27Oct2025 17:05:36.688] [Server thread/DEBUG] [net.minecraftforge.network.HandshakeHandler/FMLHANDSHAKE]: Sending ticking packet info 'Registry forge:fluid_type' to 'fml:handshake' sequence 12
[27Oct2025 17:05:36.691] [Netty Epoll Server IO #4/DEBUG] [net.minecraftforge.network.LoginWrapper/FMLHANDSHAKE]: Recieved login wrapper packet event for channel fml:handshake with index 11
[27Oct2025 17:05:36.691] [Netty Epoll Server IO #4/DEBUG] [net.minecraftforge.network.HandshakeHandler/FMLHANDSHAKE]: Received client indexed reply 11 of type net.minecraftforge.network.HandshakeMessages$C2SAcknowledge
[27Oct2025 17:05:36.691] [Netty Epoll Server IO #4/DEBUG] [net.minecraftforge.network.HandshakeHandler/FMLHANDSHAKE]: Received acknowledgement from client
[27Oct2025 17:05:36.731] [Netty Epoll Server IO #4/DEBUG] [net.minecraftforge.network.LoginWrapper/FMLHANDSHAKE]: Recieved login wrapper packet event for channel fml:handshake with index 12
[27Oct2025 17:05:36.731] [Netty Epoll Server IO #4/DEBUG] [net.minecraftforge.network.HandshakeHandler/FMLHANDSHAKE]: Received client indexed reply 12 of type net.minecraftforge.network.HandshakeMessages$C2SAcknowledge
[27Oct2025 17:05:36.731] [Netty Epoll Server IO #4/DEBUG] [net.minecraftforge.network.HandshakeHandler/FMLHANDSHAKE]: Received acknowledgement from client
[27Oct2025 17:05:36.737] [Server thread/DEBUG] [net.minecraftforge.network.HandshakeHandler/FMLHANDSHAKE]: Sending ticking packet info 'Registry minecraft:block_entity_type' to 'fml:handshake' sequence 13
[27Oct2025 17:05:36.771] [Netty Epoll Server IO #4/DEBUG] [net.minecraftforge.network.LoginWrapper/FMLHANDSHAKE]: Recieved login wrapper packet event for channel fml:handshake with index 13
[27Oct2025 17:05:36.771] [Netty Epoll Server IO #4/DEBUG] [net.minecraftforge.network.HandshakeHandler/FMLHANDSHAKE]: Received client indexed reply 13 of type net.minecraftforge.network.HandshakeMessages$C2SAcknowledge
[27Oct2025 17:05:36.771] [Netty Epoll Server IO #4/DEBUG] [net.minecraftforge.network.HandshakeHandler/FMLHANDSHAKE]: Received acknowledgement from client
[27Oct2025 17:05:36.786] [Server thread/DEBUG] [net.minecraftforge.network.HandshakeHandler/FMLHANDSHAKE]: Sending ticking packet info 'Registry forge:display_contexts' to 'fml:handshake' sequence 14
[27Oct2025 17:05:36.831] [Netty Epoll Server IO #4/DEBUG] [net.minecraftforge.network.LoginWrapper/FMLHANDSHAKE]: Recieved login wrapper packet event for channel fml:handshake with index 14
[27Oct2025 17:05:36.831] [Netty Epoll Server IO #4/DEBUG] [net.minecraftforge.network.HandshakeHandler/FMLHANDSHAKE]: Received client indexed reply 14 of type net.minecraftforge.network.HandshakeMessages$C2SAcknowledge
[27Oct2025 17:05:36.831] [Netty Epoll Server IO #4/DEBUG] [net.minecraftforge.network.HandshakeHandler/FMLHANDSHAKE]: Received acknowledgement from client
[27Oct2025 17:05:36.837] [Server thread/DEBUG] [net.minecraftforge.network.HandshakeHandler/FMLHANDSHAKE]: Sending ticking packet info 'Registry minecraft:block' to 'fml:handshake' sequence 15
[27Oct2025 17:05:36.886] [Server thread/DEBUG] [net.minecraftforge.network.HandshakeHandler/FMLHANDSHAKE]: Sending ticking packet info 'Registry cuffed:restraints' to 'fml:handshake' sequence 16
[27Oct2025 17:05:36.929] [Netty Epoll Server IO #4/DEBUG] [net.minecraftforge.network.LoginWrapper/FMLHANDSHAKE]: Recieved login wrapper packet event for channel fml:handshake with index 15
[27Oct2025 17:05:36.930] [Netty Epoll Server IO #4/DEBUG] [net.minecraftforge.network.HandshakeHandler/FMLHANDSHAKE]: Received client indexed reply 15 of type net.minecraftforge.network.HandshakeMessages$C2SAcknowledge
[27Oct2025 17:05:36.930] [Netty Epoll Server IO #4/DEBUG] [net.minecraftforge.network.HandshakeHandler/FMLHANDSHAKE]: Received acknowledgement from client
[27Oct2025 17:05:36.930] [Netty Epoll Server IO #4/DEBUG] [net.minecraftforge.network.LoginWrapper/FMLHANDSHAKE]: Recieved login wrapper packet event for channel fml:handshake with index 16
[27Oct2025 17:05:36.930] [Netty Epoll Server IO #4/DEBUG] [net.minecraftforge.network.HandshakeHandler/FMLHANDSHAKE]: Received client indexed reply 16 of type net.minecraftforge.network.HandshakeMessages$C2SAcknowledge
[27Oct2025 17:05:36.930] [Netty Epoll Server IO #4/DEBUG] [net.minecraftforge.network.HandshakeHandler/FMLHANDSHAKE]: Received acknowledgement from client
[27Oct2025 17:05:36.938] [Server thread/DEBUG] [net.minecraftforge.network.HandshakeHandler/FMLHANDSHAKE]: Sending ticking packet info 'Registry forge:entity_data_serializers' to 'fml:handshake' sequence 17
[27Oct2025 17:05:36.981] [Netty Epoll Server IO #4/DEBUG] [net.minecraftforge.network.LoginWrapper/FMLHANDSHAKE]: Recieved login wrapper packet event for channel fml:handshake with index 17
[27Oct2025 17:05:36.981] [Netty Epoll Server IO #4/DEBUG] [net.minecraftforge.network.HandshakeHandler/FMLHANDSHAKE]: Received client indexed reply 17 of type net.minecraftforge.network.HandshakeMessages$C2SAcknowledge
[27Oct2025 17:05:36.981] [Netty Epoll Server IO #4/DEBUG] [net.minecraftforge.network.HandshakeHandler/FMLHANDSHAKE]: Received acknowledgement from client
[27Oct2025 17:05:36.988] [Server thread/DEBUG] [net.minecraftforge.network.HandshakeHandler/FMLHANDSHAKE]: Sending ticking packet info 'Registry minecraft:mob_effect' to 'fml:handshake' sequence 18
[27Oct2025 17:05:37.031] [Netty Epoll Server IO #4/DEBUG] [net.minecraftforge.network.LoginWrapper/FMLHANDSHAKE]: Recieved login wrapper packet event for channel fml:handshake with index 18
[27Oct2025 17:05:37.031] [Netty Epoll Server IO #4/DEBUG] [net.minecraftforge.network.HandshakeHandler/FMLHANDSHAKE]: Received client indexed reply 18 of type net.minecraftforge.network.HandshakeMessages$C2SAcknowledge
[27Oct2025 17:05:37.031] [Netty Epoll Server IO #4/DEBUG] [net.minecraftforge.network.HandshakeHandler/FMLHANDSHAKE]: Received acknowledgement from client
[27Oct2025 17:05:37.037] [Server thread/DEBUG] [net.minecraftforge.network.HandshakeHandler/FMLHANDSHAKE]: Sending ticking packet info 'Registry minecraft:stat_type' to 'fml:handshake' sequence 19
[27Oct2025 17:05:37.081] [Netty Epoll Server IO #4/DEBUG] [net.minecraftforge.network.LoginWrapper/FMLHANDSHAKE]: Recieved login wrapper packet event for channel fml:handshake with index 19
[27Oct2025 17:05:37.081] [Netty Epoll Server IO #4/DEBUG] [net.minecraftforge.network.HandshakeHandler/FMLHANDSHAKE]: Received client indexed reply 19 of type net.minecraftforge.network.HandshakeMessages$C2SAcknowledge
[27Oct2025 17:05:37.081] [Netty Epoll Server IO #4/DEBUG] [net.minecraftforge.network.HandshakeHandler/FMLHANDSHAKE]: Received acknowledgement from client
[27Oct2025 17:05:37.086] [Server thread/DEBUG] [net.minecraftforge.network.HandshakeHandler/FMLHANDSHAKE]: Sending ticking packet info 'Registry minecraft:menu' to 'fml:handshake' sequence 20
[27Oct2025 17:05:37.131] [Netty Epoll Server IO #4/DEBUG] [net.minecraftforge.network.LoginWrapper/FMLHANDSHAKE]: Recieved login wrapper packet event for channel fml:handshake with index 20
[27Oct2025 17:05:37.131] [Netty Epoll Server IO #4/DEBUG] [net.minecraftforge.network.HandshakeHandler/FMLHANDSHAKE]: Received client indexed reply 20 of type net.minecraftforge.network.HandshakeMessages$C2SAcknowledge
[27Oct2025 17:05:37.131] [Netty Epoll Server IO #4/DEBUG] [net.minecraftforge.network.HandshakeHandler/FMLHANDSHAKE]: Received acknowledgement from client
[27Oct2025 17:05:37.137] [Server thread/DEBUG] [net.minecraftforge.network.HandshakeHandler/FMLHANDSHAKE]: Sending ticking packet info 'Registry minecraft:enchantment' to 'fml:handshake' sequence 21
[27Oct2025 17:05:37.181] [Netty Epoll Server IO #4/DEBUG] [net.minecraftforge.network.LoginWrapper/FMLHANDSHAKE]: Recieved login wrapper packet event for channel fml:handshake with index 21
[27Oct2025 17:05:37.181] [Netty Epoll Server IO #4/DEBUG] [net.minecraftforge.network.HandshakeHandler/FMLHANDSHAKE]: Received client indexed reply 21 of type net.minecraftforge.network.HandshakeMessages$C2SAcknowledge
[27Oct2025 17:05:37.181] [Netty Epoll Server IO #4/DEBUG] [net.minecraftforge.network.HandshakeHandler/FMLHANDSHAKE]: Received acknowledgement from client
[27Oct2025 17:05:37.188] [Server thread/DEBUG] [net.minecraftforge.network.HandshakeHandler/FMLHANDSHAKE]: Sending ticking packet info 'Registry minecraft:fluid' to 'fml:handshake' sequence 22
[27Oct2025 17:05:37.231] [Netty Epoll Server IO #4/DEBUG] [net.minecraftforge.network.LoginWrapper/FMLHANDSHAKE]: Recieved login wrapper packet event for channel fml:handshake with index 22
[27Oct2025 17:05:37.231] [Netty Epoll Server IO #4/DEBUG] [net.minecraftforge.network.HandshakeHandler/FMLHANDSHAKE]: Received client indexed reply 22 of type net.minecraftforge.network.HandshakeMessages$C2SAcknowledge
[27Oct2025 17:05:37.231] [Netty Epoll Server IO #4/DEBUG] [net.minecraftforge.network.HandshakeHandler/FMLHANDSHAKE]: Received acknowledgement from client
[27Oct2025 17:05:37.237] [Server thread/DEBUG] [net.minecraftforge.network.HandshakeHandler/FMLHANDSHAKE]: Sending ticking packet info 'Registry minecraft:entity_type' to 'fml:handshake' sequence 23
[27Oct2025 17:05:37.286] [Server thread/DEBUG] [net.minecraftforge.network.HandshakeHandler/FMLHANDSHAKE]: Sending ticking packet info 'Config camera-server.toml' to 'fml:handshake' sequence 24
[27Oct2025 17:05:37.336] [Server thread/DEBUG] [net.minecraftforge.network.HandshakeHandler/FMLHANDSHAKE]: Sending ticking packet info 'Config locks-server.toml' to 'fml:handshake' sequence 25
[27Oct2025 17:05:37.387] [Server thread/DEBUG] [net.minecraftforge.network.HandshakeHandler/FMLHANDSHAKE]: Sending ticking packet info 'Config curios-server.toml' to 'fml:handshake' sequence 26
[27Oct2025 17:05:37.411] [Netty Epoll Server IO #4/DEBUG] [net.minecraftforge.network.LoginWrapper/FMLHANDSHAKE]: Recieved login wrapper packet event for channel fml:handshake with index 23
[27Oct2025 17:05:37.411] [Netty Epoll Server IO #4/DEBUG] [net.minecraftforge.network.HandshakeHandler/FMLHANDSHAKE]: Received client indexed reply 23 of type net.minecraftforge.network.HandshakeMessages$C2SAcknowledge
[27Oct2025 17:05:37.411] [Netty Epoll Server IO #4/DEBUG] [net.minecraftforge.network.HandshakeHandler/FMLHANDSHAKE]: Received acknowledgement from client
[27Oct2025 17:05:37.411] [Netty Epoll Server IO #4/DEBUG] [net.minecraftforge.network.LoginWrapper/FMLHANDSHAKE]: Recieved login wrapper packet event for channel fml:handshake with index 24
[27Oct2025 17:05:37.411] [Netty Epoll Server IO #4/DEBUG] [net.minecraftforge.network.HandshakeHandler/FMLHANDSHAKE]: Received client indexed reply 24 of type net.minecraftforge.network.HandshakeMessages$C2SAcknowledge
[27Oct2025 17:05:37.411] [Netty Epoll Server IO #4/DEBUG] [net.minecraftforge.network.HandshakeHandler/FMLHANDSHAKE]: Received acknowledgement from client
[27Oct2025 17:05:37.411] [Netty Epoll Server IO #4/DEBUG] [net.minecraftforge.network.LoginWrapper/FMLHANDSHAKE]: Recieved login wrapper packet event for channel fml:handshake with index 25
[27Oct2025 17:05:37.411] [Netty Epoll Server IO #4/DEBUG] [net.minecraftforge.network.HandshakeHandler/FMLHANDSHAKE]: Received client indexed reply 25 of type net.minecraftforge.network.HandshakeMessages$C2SAcknowledge
[27Oct2025 17:05:37.411] [Netty Epoll Server IO #4/DEBUG] [net.minecraftforge.network.HandshakeHandler/FMLHANDSHAKE]: Received acknowledgement from client
[27Oct2025 17:05:37.431] [Netty Epoll Server IO #4/DEBUG] [net.minecraftforge.network.LoginWrapper/FMLHANDSHAKE]: Recieved login wrapper packet event for channel fml:handshake with index 26
[27Oct2025 17:05:37.431] [Netty Epoll Server IO #4/DEBUG] [net.minecraftforge.network.HandshakeHandler/FMLHANDSHAKE]: Received client indexed reply 26 of type net.minecraftforge.network.HandshakeMessages$C2SAcknowledge
[27Oct2025 17:05:37.431] [Netty Epoll Server IO #4/DEBUG] [net.minecraftforge.network.HandshakeHandler/FMLHANDSHAKE]: Received acknowledgement from client
[27Oct2025 17:05:37.439] [Server thread/DEBUG] [net.minecraftforge.network.HandshakeHandler/FMLHANDSHAKE]: Sending ticking packet info 'Config jeg-server.toml' to 'fml:handshake' sequence 27
[27Oct2025 17:05:37.471] [Netty Epoll Server IO #4/DEBUG] [net.minecraftforge.network.LoginWrapper/FMLHANDSHAKE]: Recieved login wrapper packet event for channel fml:handshake with index 27
[27Oct2025 17:05:37.471] [Netty Epoll Server IO #4/DEBUG] [net.minecraftforge.network.HandshakeHandler/FMLHANDSHAKE]: Received client indexed reply 27 of type net.minecraftforge.network.HandshakeMessages$C2SAcknowledge
[27Oct2025 17:05:37.471] [Netty Epoll Server IO #4/DEBUG] [net.minecraftforge.network.HandshakeHandler/FMLHANDSHAKE]: Received acknowledgement from client
[27Oct2025 17:05:37.489] [Server thread/DEBUG] [net.minecraftforge.network.HandshakeHandler/FMLHANDSHAKE]: Sending ticking packet info 'Config cuffed-server.toml' to 'fml:handshake' sequence 28
[27Oct2025 17:05:37.531] [Netty Epoll Server IO #4/DEBUG] [net.minecraftforge.network.LoginWrapper/FMLHANDSHAKE]: Recieved login wrapper packet event for channel fml:handshake with index 28
[27Oct2025 17:05:37.531] [Netty Epoll Server IO #4/DEBUG] [net.minecraftforge.network.HandshakeHandler/FMLHANDSHAKE]: Received client indexed reply 28 of type net.minecraftforge.network.HandshakeMessages$C2SAcknowledge
[27Oct2025 17:05:37.531] [Netty Epoll Server IO #4/DEBUG] [net.minecraftforge.network.HandshakeHandler/FMLHANDSHAKE]: Received acknowledgement from client
[27Oct2025 17:05:37.537] [Server thread/DEBUG] [net.minecraftforge.network.HandshakeHandler/FMLHANDSHAKE]: Sending ticking packet info 'Config forge-server.toml' to 'fml:handshake' sequence 29
[27Oct2025 17:05:37.581] [Netty Epoll Server IO #4/DEBUG] [net.minecraftforge.network.LoginWrapper/FMLHANDSHAKE]: Recieved login wrapper packet event for channel fml:handshake with index 29
[27Oct2025 17:05:37.581] [Netty Epoll Server IO #4/DEBUG] [net.minecraftforge.network.HandshakeHandler/FMLHANDSHAKE]: Received client indexed reply 29 of type net.minecraftforge.network.HandshakeMessages$C2SAcknowledge
[27Oct2025 17:05:37.581] [Netty Epoll Server IO #4/DEBUG] [net.minecraftforge.network.HandshakeHandler/FMLHANDSHAKE]: Received acknowledgement from client
[27Oct2025 17:05:37.587] [Server thread/DEBUG] [net.minecraftforge.network.HandshakeHandler/FMLHANDSHAKE]: Handshake complete!
[27Oct2025 17:05:37.646] [Server thread/INFO] [net.minecraft.server.network.ServerGamePacketListenerImpl/]: Null lost connection: Disconnected
[27Oct2025 17:05:37.646] [Server thread/INFO] [net.minecraft.server.MinecraftServer/]: Null left the game
[27Oct2025 17:05:37.688] [Server thread/WARN] [net.minecraft.network.Connection/]: handleDisconnection() called twice
[27Oct2025 17:05:37.690] [Server thread/INFO] [net.minecraft.server.players.PlayerList/]: Null[/127.187.26.140:54435] logged in with entity id 1728 at (26.64347673099573, 69.0, 92.5441524184702)
[27Oct2025 17:05:37.690] [Server thread/DEBUG] [net.minecraftforge.network.filters.NetworkFilters/]: Injected net.minecraftforge.network.filters.ForgeConnectionNetworkFilter@16163c6d into net.minecraft.network.Connection@74c1535
[27Oct2025 17:05:37.690] [Server thread/DEBUG] [ModernFix/]: Sending ID correction packet to client with 68 classes
[27Oct2025 17:05:37.693] [Server thread/INFO] [ModernFix/]: Using enhanced recipe sync for player Null
[27Oct2025 17:05:37.704] [Server thread/INFO] [net.minecraft.server.MinecraftServer/]: Null joined the game
[27Oct2025 17:05:37.740] [Server thread/INFO] [Devices Mod/]: Player logged in: literal{Null}
[27Oct2025 17:05:56.490] [Server thread/INFO] [net.minecraft.server.MinecraftServer/]: [Imranack: Teleported Imranack to 10.500000, 65.000000, 91.500000]
[27Oct2025 17:07:04.010] [Server thread/INFO] [com.teampotato.redirector.Redirector/]: Redirecting minecrafttransportsimulator/items/components/IItemEntityInteractable$CallbackType
[27Oct2025 17:07:35.937] [Server thread/INFO] [net.minecraft.server.network.ServerGamePacketListenerImpl/]: Null lost connection: Timed out
[27Oct2025 17:07:35.937] [Server thread/INFO] [net.minecraft.server.MinecraftServer/]: Null left the game
[27Oct2025 17:08:13.693] [Netty Epoll Server IO #5/DEBUG] [net.minecraftforge.network.HandshakeHandler/FMLHANDSHAKE]: Starting new modded impl connection. Found 30 messages to dispatch.
[27Oct2025 17:08:13.986] [Server thread/DEBUG] [net.minecraftforge.network.HandshakeHandler/FMLHANDSHAKE]: Sending ticking packet info 'jeg:custom_gun_manager' to 'framework:handshake' sequence 0
[27Oct2025 17:08:14.036] [Server thread/DEBUG] [net.minecraftforge.network.HandshakeHandler/FMLHANDSHAKE]: Sending ticking packet info 'jeg:network_gun_manager' to 'framework:handshake' sequence 1
[27Oct2025 17:08:14.088] [Server thread/DEBUG] [net.minecraftforge.network.HandshakeHandler/FMLHANDSHAKE]: Sending ticking packet info 'net.minecraftforge.network.HandshakeMessages$S2CModData' to 'fml:handshake' sequence 2
[27Oct2025 17:08:14.136] [Server thread/DEBUG] [net.minecraftforge.network.HandshakeHandler/FMLHANDSHAKE]: Sending ticking packet info 'net.minecraftforge.network.HandshakeMessages$S2CModList' to 'fml:handshake' sequence 3
[27Oct2025 17:08:14.186] [Server thread/DEBUG] [net.minecraftforge.network.HandshakeHandler/FMLHANDSHAKE]: Sending ticking packet info 'Registry minecraft:command_argument_type' to 'fml:handshake' sequence 4
[27Oct2025 17:08:14.236] [Server thread/DEBUG] [net.minecraftforge.network.HandshakeHandler/FMLHANDSHAKE]: Sending ticking packet info 'Registry minecraft:recipe_serializer' to 'fml:handshake' sequence 5
[27Oct2025 17:08:14.286] [Server thread/DEBUG] [net.minecraftforge.network.HandshakeHandler/FMLHANDSHAKE]: Sending ticking packet info 'Registry minecraft:sound_event' to 'fml:handshake' sequence 6
[27Oct2025 17:08:14.336] [Server thread/DEBUG] [net.minecraftforge.network.HandshakeHandler/FMLHANDSHAKE]: Sending ticking packet info 'Registry minecraft:particle_type' to 'fml:handshake' sequence 7
[27Oct2025 17:08:14.386] [Server thread/DEBUG] [net.minecraftforge.network.HandshakeHandler/FMLHANDSHAKE]: Sending ticking packet info 'Registry minecraft:villager_profession' to 'fml:handshake' sequence 8
[27Oct2025 17:08:14.436] [Server thread/DEBUG] [net.minecraftforge.network.HandshakeHandler/FMLHANDSHAKE]: Sending ticking packet info 'Registry minecraft:item' to 'fml:handshake' sequence 9
[27Oct2025 17:08:14.486] [Server thread/DEBUG] [net.minecraftforge.network.HandshakeHandler/FMLHANDSHAKE]: Sending ticking packet info 'Registry minecraft:potion' to 'fml:handshake' sequence 10
[27Oct2025 17:08:14.536] [Server thread/DEBUG] [net.minecraftforge.network.HandshakeHandler/FMLHANDSHAKE]: Sending ticking packet info 'Registry minecraft:painting_variant' to 'fml:handshake' sequence 11
[27Oct2025 17:08:14.586] [Server thread/DEBUG] [net.minecraftforge.network.HandshakeHandler/FMLHANDSHAKE]: Sending ticking packet info 'Registry forge:fluid_type' to 'fml:handshake' sequence 12
[27Oct2025 17:08:14.646] [Server thread/DEBUG] [net.minecraftforge.network.HandshakeHandler/FMLHANDSHAKE]: Sending ticking packet info 'Registry minecraft:block_entity_type' to 'fml:handshake' sequence 13
[27Oct2025 17:08:14.688] [Server thread/DEBUG] [net.minecraftforge.network.HandshakeHandler/FMLHANDSHAKE]: Sending ticking packet info 'Registry forge:display_contexts' to 'fml:handshake' sequence 14
[27Oct2025 17:08:14.738] [Server thread/DEBUG] [net.minecraftforge.network.HandshakeHandler/FMLHANDSHAKE]: Sending ticking packet info 'Registry minecraft:block' to 'fml:handshake' sequence 15
[27Oct2025 17:08:14.787] [Server thread/DEBUG] [net.minecraftforge.network.HandshakeHandler/FMLHANDSHAKE]: Sending ticking packet info 'Registry cuffed:restraints' to 'fml:handshake' sequence 16
[27Oct2025 17:08:14.838] [Server thread/DEBUG] [net.minecraftforge.network.HandshakeHandler/FMLHANDSHAKE]: Sending ticking packet info 'Registry forge:entity_data_serializers' to 'fml:handshake' sequence 17
[27Oct2025 17:08:14.887] [Server thread/DEBUG] [net.minecraftforge.network.HandshakeHandler/FMLHANDSHAKE]: Sending ticking packet info 'Registry minecraft:mob_effect' to 'fml:handshake' sequence 18
[27Oct2025 17:08:14.936] [Server thread/DEBUG] [net.minecraftforge.network.HandshakeHandler/FMLHANDSHAKE]: Sending ticking packet info 'Registry minecraft:stat_type' to 'fml:handshake' sequence 19
[27Oct2025 17:08:14.986] [Server thread/DEBUG] [net.minecraftforge.network.HandshakeHandler/FMLHANDSHAKE]: Sending ticking packet info 'Registry minecraft:menu' to 'fml:handshake' sequence 20
[27Oct2025 17:08:15.037] [Server thread/DEBUG] [net.minecraftforge.network.HandshakeHandler/FMLHANDSHAKE]: Sending ticking packet info 'Registry minecraft:enchantment' to 'fml:handshake' sequence 21
[27Oct2025 17:08:15.086] [Server thread/DEBUG] [net.minecraftforge.network.HandshakeHandler/FMLHANDSHAKE]: Sending ticking packet info 'Registry minecraft:fluid' to 'fml:handshake' sequence 22
[27Oct2025 17:08:15.137] [Server thread/DEBUG] [net.minecraftforge.network.HandshakeHandler/FMLHANDSHAKE]: Sending ticking packet info 'Registry minecraft:entity_type' to 'fml:handshake' sequence 23
[27Oct2025 17:08:15.187] [Server thread/DEBUG] [net.minecraftforge.network.HandshakeHandler/FMLHANDSHAKE]: Sending ticking packet info 'Config camera-server.toml' to 'fml:handshake' sequence 24
[27Oct2025 17:08:15.238] [Server thread/DEBUG] [net.minecraftforge.network.HandshakeHandler/FMLHANDSHAKE]: Sending ticking packet info 'Config locks-server.toml' to 'fml:handshake' sequence 25
[27Oct2025 17:08:15.288] [Server thread/DEBUG] [net.minecraftforge.network.HandshakeHandler/FMLHANDSHAKE]: Sending ticking packet info 'Config curios-server.toml' to 'fml:handshake' sequence 26
[27Oct2025 17:08:15.337] [Server thread/DEBUG] [net.minecraftforge.network.HandshakeHandler/FMLHANDSHAKE]: Sending ticking packet info 'Config jeg-server.toml' to 'fml:handshake' sequence 27
[27Oct2025 17:08:15.386] [Server thread/DEBUG] [net.minecraftforge.network.HandshakeHandler/FMLHANDSHAKE]: Sending ticking packet info 'Config cuffed-server.toml' to 'fml:handshake' sequence 28
[27Oct2025 17:08:15.437] [Server thread/DEBUG] [net.minecraftforge.network.HandshakeHandler/FMLHANDSHAKE]: Sending ticking packet info 'Config forge-server.toml' to 'fml:handshake' sequence 29
[27Oct2025 17:09:02.587] [Server thread/INFO] [net.minecraft.server.network.ServerLoginPacketListenerImpl/]: com.mojang.authlib.GameProfile@65a27073[id=<null>,name=Null,properties={},legacy=false] (/127.187.26.140:36575) lost connection: Disconnected
[27Oct2025 17:09:05.889] [Netty Epoll Server IO #7/DEBUG] [net.minecraftforge.network.HandshakeHandler/FMLHANDSHAKE]: Starting new modded impl connection. Found 30 messages to dispatch.
[27Oct2025 17:09:06.186] [Server thread/DEBUG] [net.minecraftforge.network.HandshakeHandler/FMLHANDSHAKE]: Sending ticking packet info 'jeg:custom_gun_manager' to 'framework:handshake' sequence 0
[27Oct2025 17:09:06.236] [Server thread/DEBUG] [net.minecraftforge.network.HandshakeHandler/FMLHANDSHAKE]: Sending ticking packet info 'jeg:network_gun_manager' to 'framework:handshake' sequence 1
[27Oct2025 17:09:06.286] [Server thread/DEBUG] [net.minecraftforge.network.HandshakeHandler/FMLHANDSHAKE]: Sending ticking packet info 'net.minecraftforge.network.HandshakeMessages$S2CModData' to 'fml:handshake' sequence 2
[27Oct2025 17:09:06.309] [Netty Epoll Server IO #7/DEBUG] [net.minecraftforge.network.LoginWrapper/FMLHANDSHAKE]: Recieved login wrapper packet event for channel framework:handshake with index 0
[27Oct2025 17:09:06.309] [Netty Epoll Server IO #7/DEBUG] [net.minecraftforge.network.HandshakeHandler/FMLHANDSHAKE]: Received client indexed reply 0 of type com.mrcrayfish.framework.api.network.message.HandshakeMessage$Acknowledge
[27Oct2025 17:09:06.309] [Netty Epoll Server IO #7/DEBUG] [Framework/FRAMEWORK_HANDSHAKE]: Received acknowledgement from client
[27Oct2025 17:09:06.337] [Server thread/DEBUG] [net.minecraftforge.network.HandshakeHandler/FMLHANDSHAKE]: Sending ticking packet info 'net.minecraftforge.network.HandshakeMessages$S2CModList' to 'fml:handshake' sequence 3
[27Oct2025 17:09:06.387] [Server thread/DEBUG] [net.minecraftforge.network.HandshakeHandler/FMLHANDSHAKE]: Sending ticking packet info 'Registry minecraft:command_argument_type' to 'fml:handshake' sequence 4
[27Oct2025 17:09:06.399] [Netty Epoll Server IO #7/DEBUG] [net.minecraftforge.network.LoginWrapper/FMLHANDSHAKE]: Recieved login wrapper packet event for channel framework:handshake with index 1
[27Oct2025 17:09:06.399] [Netty Epoll Server IO #7/DEBUG] [net.minecraftforge.network.HandshakeHandler/FMLHANDSHAKE]: Received client indexed reply 1 of type com.mrcrayfish.framework.api.network.message.HandshakeMessage$Acknowledge
[27Oct2025 17:09:06.399] [Netty Epoll Server IO #7/DEBUG] [Framework/FRAMEWORK_HANDSHAKE]: Received acknowledgement from client
[27Oct2025 17:09:06.427] [Netty Epoll Server IO #7/DEBUG] [net.minecraftforge.network.LoginWrapper/FMLHANDSHAKE]: Recieved login wrapper packet event for channel fml:handshake with index 3
[27Oct2025 17:09:06.427] [Netty Epoll Server IO #7/DEBUG] [net.minecraftforge.network.HandshakeHandler/FMLHANDSHAKE]: Received client indexed reply 3 of type net.minecraftforge.network.HandshakeMessages$C2SModListReply
[27Oct2025 17:09:06.427] [Netty Epoll Server IO #7/DEBUG] [net.minecraftforge.network.HandshakeHandler/FMLHANDSHAKE]: Received client connection with modlist [minecraft, smoothchunk, cuffed, eyemod, bh, geckolib, culllessleaves, creativecore, locks, jeg, itemproductionlib, fcl, attributefix, skilltree, faz_roleplay_plus, connectivity, casinocraft, betterfpsdist, saros__money_mod, curios, lexiconfig, modernfurniture, camera, journeymap, modernfix, brcc, inv_view_forge, mixinextras, lucky77, devices, bookshelf, customnpcs, starlight, architectury, ftblibrary, ferritecore, mts, cupboard, boxing_madness, saros_road_signs_mod, dtrch, saros_road_blocks_mod, framework, forge, lazrslib, playerrevive]
[27Oct2025 17:09:06.427] [Netty Epoll Server IO #7/DEBUG] [net.minecraftforge.network.NetworkRegistry/NETREGISTRY]: Channel 'saros_road_signs_mod:saros_road_signs_mod' : Version test of '1' from client : ACCEPTED
[27Oct2025 17:09:06.427] [Netty Epoll Server IO #7/DEBUG] [net.minecraftforge.network.NetworkRegistry/NETREGISTRY]: Channel 'saros__money_mod:main' : Version test of '1' from client : ACCEPTED
[27Oct2025 17:09:06.428] [Netty Epoll Server IO #7/DEBUG] [net.minecraftforge.network.NetworkRegistry/NETREGISTRY]: Channel 'architectury:network' : Version test of '1' from client : ACCEPTED
[27Oct2025 17:09:06.428] [Netty Epoll Server IO #7/DEBUG] [net.minecraftforge.network.NetworkRegistry/NETREGISTRY]: Channel 'minecraft:unregister' : Version test of 'FML3' from client : ACCEPTED
[27Oct2025 17:09:06.428] [Netty Epoll Server IO #7/DEBUG] [net.minecraftforge.network.NetworkRegistry/NETREGISTRY]: Channel 'jeg:play' : Version test of '1' from client : ACCEPTED
[27Oct2025 17:09:06.428] [Netty Epoll Server IO #7/DEBUG] [net.minecraftforge.network.NetworkRegistry/NETREGISTRY]: Channel 'framework:play' : Version test of '1' from client : ACCEPTED
[27Oct2025 17:09:06.428] [Netty Epoll Server IO #7/DEBUG] [net.minecraftforge.network.NetworkRegistry/NETREGISTRY]: Channel 'dtrch:dtrch' : Version test of '1' from client : ACCEPTED
[27Oct2025 17:09:06.428] [Netty Epoll Server IO #7/DEBUG] [net.minecraftforge.network.NetworkRegistry/NETREGISTRY]: Channel 'modernfix:main' : Version test of '1' from client : ACCEPTED
[27Oct2025 17:09:06.428] [Netty Epoll Server IO #7/DEBUG] [net.minecraftforge.network.NetworkRegistry/NETREGISTRY]: Channel 'curios:main' : Version test of '1' from client : ACCEPTED
[27Oct2025 17:09:06.428] [Netty Epoll Server IO #7/DEBUG] [net.minecraftforge.network.NetworkRegistry/NETREGISTRY]: Channel 'locks:main' : Version test of 'locks' from client : ACCEPTED
[27Oct2025 17:09:06.428] [Netty Epoll Server IO #7/DEBUG] [net.minecraftforge.network.NetworkRegistry/NETREGISTRY]: Channel 'casinocraft:main' : Version test of '1' from client : ACCEPTED
[27Oct2025 17:09:06.428] [Netty Epoll Server IO #7/DEBUG] [net.minecraftforge.network.NetworkRegistry/NETREGISTRY]: Channel 'framework:handshake' : Version test of '1' from client : ACCEPTED
[27Oct2025 17:09:06.428] [Netty Epoll Server IO #7/DEBUG] [net.minecraftforge.network.NetworkRegistry/NETREGISTRY]: Channel 'fml:loginwrapper' : Version test of 'FML3' from client : ACCEPTED
[27Oct2025 17:09:06.428] [Netty Epoll Server IO #7/DEBUG] [net.minecraftforge.network.NetworkRegistry/NETREGISTRY]: Channel 'forge:tier_sorting' : Version test of '1.0' from client : ACCEPTED
[27Oct2025 17:09:06.428] [Netty Epoll Server IO #7/DEBUG] [net.minecraftforge.network.NetworkRegistry/NETREGISTRY]: Channel 'faz_roleplay_plus:faz_roleplay_plus' : Version test of '1' from client : ACCEPTED
[27Oct2025 17:09:06.428] [Netty Epoll Server IO #7/DEBUG] [net.minecraftforge.network.NetworkRegistry/NETREGISTRY]: Channel 'playerrevive:main' : Version test of '1' from client : ACCEPTED
[27Oct2025 17:09:06.428] [Netty Epoll Server IO #7/DEBUG] [net.minecraftforge.network.NetworkRegistry/NETREGISTRY]: Channel 'fml:play' : Version test of 'FML3' from client : ACCEPTED
[27Oct2025 17:09:06.428] [Netty Epoll Server IO #7/DEBUG] [net.minecraftforge.network.NetworkRegistry/NETREGISTRY]: Channel 'mts:main' : Version test of '1' from client : ACCEPTED
[27Oct2025 17:09:06.428] [Netty Epoll Server IO #7/DEBUG] [net.minecraftforge.network.NetworkRegistry/NETREGISTRY]: Channel 'customnpcs:packets' : Version test of 'CNPCS' from client : ACCEPTED
[27Oct2025 17:09:06.428] [Netty Epoll Server IO #7/DEBUG] [net.minecraftforge.network.NetworkRegistry/NETREGISTRY]: Channel 'creativecore:main' : Version test of '1' from client : ACCEPTED
[27Oct2025 17:09:06.428] [Netty Epoll Server IO #7/DEBUG] [net.minecraftforge.network.NetworkRegistry/NETREGISTRY]: Channel 'eyemod:main' : Version test of '1' from client : ACCEPTED
[27Oct2025 17:09:06.428] [Netty Epoll Server IO #7/DEBUG] [net.minecraftforge.network.NetworkRegistry/NETREGISTRY]: Channel 'camera:default' : Version test of '1.0.0' from client : ACCEPTED
[27Oct2025 17:09:06.428] [Netty Epoll Server IO #7/DEBUG] [net.minecraftforge.network.NetworkRegistry/NETREGISTRY]: Channel 'fcl:channel' : Version test of 'fcl' from client : ACCEPTED
[27Oct2025 17:09:06.428] [Netty Epoll Server IO #7/DEBUG] [net.minecraftforge.network.NetworkRegistry/NETREGISTRY]: Channel 'fml:handshake' : Version test of 'FML3' from client : ACCEPTED
[27Oct2025 17:09:06.428] [Netty Epoll Server IO #7/DEBUG] [net.minecraftforge.network.NetworkRegistry/NETREGISTRY]: Channel 'saros__money_mod:saros__money_mod' : Version test of '1' from client : ACCEPTED
[27Oct2025 17:09:06.428] [Netty Epoll Server IO #7/DEBUG] [net.minecraftforge.network.NetworkRegistry/NETREGISTRY]: Channel 'modernfix:ingredient_sync' : Version test of '1' from client : ACCEPTED
[27Oct2025 17:09:06.428] [Netty Epoll Server IO #7/DEBUG] [net.minecraftforge.network.NetworkRegistry/NETREGISTRY]: Channel 'saros_road_blocks_mod:saros_road_blocks_mod' : Version test of '1' from client : ACCEPTED
[27Oct2025 17:09:06.428] [Netty Epoll Server IO #7/DEBUG] [net.minecraftforge.network.NetworkRegistry/NETREGISTRY]: Channel 'cuffed:main' : Version test of '1' from client : ACCEPTED
[27Oct2025 17:09:06.428] [Netty Epoll Server IO #7/DEBUG] [net.minecraftforge.network.NetworkRegistry/NETREGISTRY]: Channel 'boxing_madness:boxing_madness' : Version test of '1' from client : ACCEPTED
[27Oct2025 17:09:06.428] [Netty Epoll Server IO #7/DEBUG] [net.minecraftforge.network.NetworkRegistry/NETREGISTRY]: Channel 'minecraft:register' : Version test of 'FML3' from client : ACCEPTED
[27Oct2025 17:09:06.428] [Netty Epoll Server IO #7/DEBUG] [net.minecraftforge.network.NetworkRegistry/NETREGISTRY]: Channel 'forge:split' : Version test of '1.1' from client : ACCEPTED
[27Oct2025 17:09:06.428] [Netty Epoll Server IO #7/DEBUG] [net.minecraftforge.network.NetworkRegistry/NETREGISTRY]: Channel 'geckolib:main' : Version test of '1' from client : ACCEPTED
[27Oct2025 17:09:06.428] [Netty Epoll Server IO #7/DEBUG] [net.minecraftforge.network.NetworkRegistry/NETREGISTRY]: Channel 'modernfurniture:modernfurniture' : Version test of '1' from client : ACCEPTED
[27Oct2025 17:09:06.428] [Netty Epoll Server IO #7/DEBUG] [net.minecraftforge.network.NetworkRegistry/NETREGISTRY]: Accepting channel list from client
[27Oct2025 17:09:06.428] [Netty Epoll Server IO #7/DEBUG] [net.minecraftforge.network.HandshakeHandler/FMLHANDSHAKE]: Accepted client connection mod list
[27Oct2025 17:09:06.428] [Netty Epoll Server IO #7/DEBUG] [net.minecraftforge.network.LoginWrapper/FMLHANDSHAKE]: Recieved login wrapper packet event for channel fml:handshake with index 4
[27Oct2025 17:09:06.428] [Netty Epoll Server IO #7/DEBUG] [net.minecraftforge.network.HandshakeHandler/FMLHANDSHAKE]: Received client indexed reply 4 of type net.minecraftforge.network.HandshakeMessages$C2SAcknowledge
[27Oct2025 17:09:06.429] [Netty Epoll Server IO #7/DEBUG] [net.minecraftforge.network.HandshakeHandler/FMLHANDSHAKE]: Received acknowledgement from client
[27Oct2025 17:09:06.437] [Server thread/DEBUG] [net.minecraftforge.network.HandshakeHandler/FMLHANDSHAKE]: Sending ticking packet info 'Registry minecraft:recipe_serializer' to 'fml:handshake' sequence 5
[27Oct2025 17:09:06.482] [Netty Epoll Server IO #7/DEBUG] [net.minecraftforge.network.LoginWrapper/FMLHANDSHAKE]: Recieved login wrapper packet event for channel fml:handshake with index 5
[27Oct2025 17:09:06.482] [Netty Epoll Server IO #7/DEBUG] [net.minecraftforge.network.HandshakeHandler/FMLHANDSHAKE]: Received client indexed reply 5 of type net.minecraftforge.network.HandshakeMessages$C2SAcknowledge
[27Oct2025 17:09:06.482] [Netty Epoll Server IO #7/DEBUG] [net.minecraftforge.network.HandshakeHandler/FMLHANDSHAKE]: Received acknowledgement from client
[27Oct2025 17:09:06.486] [Server thread/DEBUG] [net.minecraftforge.network.HandshakeHandler/FMLHANDSHAKE]: Sending ticking packet info 'Registry minecraft:sound_event' to 'fml:handshake' sequence 6
[27Oct2025 17:09:06.536] [Server thread/DEBUG] [net.minecraftforge.network.HandshakeHandler/FMLHANDSHAKE]: Sending ticking packet info 'Registry minecraft:particle_type' to 'fml:handshake' sequence 7
[27Oct2025 17:09:06.549] [Netty Epoll Server IO #7/DEBUG] [net.minecraftforge.network.LoginWrapper/FMLHANDSHAKE]: Recieved login wrapper packet event for channel fml:handshake with index 6
[27Oct2025 17:09:06.549] [Netty Epoll Server IO #7/DEBUG] [net.minecraftforge.network.HandshakeHandler/FMLHANDSHAKE]: Received client indexed reply 6 of type net.minecraftforge.network.HandshakeMessages$C2SAcknowledge
[27Oct2025 17:09:06.549] [Netty Epoll Server IO #7/DEBUG] [net.minecraftforge.network.HandshakeHandler/FMLHANDSHAKE]: Received acknowledgement from client
[27Oct2025 17:09:06.572] [Netty Epoll Server IO #7/DEBUG] [net.minecraftforge.network.LoginWrapper/FMLHANDSHAKE]: Recieved login wrapper packet event for channel fml:handshake with index 7
[27Oct2025 17:09:06.572] [Netty Epoll Server IO #7/DEBUG] [net.minecraftforge.network.HandshakeHandler/FMLHANDSHAKE]: Received client indexed reply 7 of type net.minecraftforge.network.HandshakeMessages$C2SAcknowledge
[27Oct2025 17:09:06.572] [Netty Epoll Server IO #7/DEBUG] [net.minecraftforge.network.HandshakeHandler/FMLHANDSHAKE]: Received acknowledgement from client
[27Oct2025 17:09:06.586] [Server thread/DEBUG] [net.minecraftforge.network.HandshakeHandler/FMLHANDSHAKE]: Sending ticking packet info 'Registry minecraft:villager_profession' to 'fml:handshake' sequence 8
[27Oct2025 17:09:06.622] [Netty Epoll Server IO #7/DEBUG] [net.minecraftforge.network.LoginWrapper/FMLHANDSHAKE]: Recieved login wrapper packet event for channel fml:handshake with index 8
[27Oct2025 17:09:06.622] [Netty Epoll Server IO #7/DEBUG] [net.minecraftforge.network.HandshakeHandler/FMLHANDSHAKE]: Received client indexed reply 8 of type net.minecraftforge.network.HandshakeMessages$C2SAcknowledge
[27Oct2025 17:09:06.622] [Netty Epoll Server IO #7/DEBUG] [net.minecraftforge.network.HandshakeHandler/FMLHANDSHAKE]: Received acknowledgement from client
[27Oct2025 17:09:06.644] [Server thread/DEBUG] [net.minecraftforge.network.HandshakeHandler/FMLHANDSHAKE]: Sending ticking packet info 'Registry minecraft:item' to 'fml:handshake' sequence 9
[27Oct2025 17:09:06.686] [Server thread/DEBUG] [net.minecraftforge.network.HandshakeHandler/FMLHANDSHAKE]: Sending ticking packet info 'Registry minecraft:potion' to 'fml:handshake' sequence 10
[27Oct2025 17:09:06.722] [Netty Epoll Server IO #7/DEBUG] [net.minecraftforge.network.LoginWrapper/FMLHANDSHAKE]: Recieved login wrapper packet event for channel fml:handshake with index 9
[27Oct2025 17:09:06.722] [Netty Epoll Server IO #7/DEBUG] [net.minecraftforge.network.HandshakeHandler/FMLHANDSHAKE]: Received client indexed reply 9 of type net.minecraftforge.network.HandshakeMessages$C2SAcknowledge
[27Oct2025 17:09:06.722] [Netty Epoll Server IO #7/DEBUG] [net.minecraftforge.network.HandshakeHandler/FMLHANDSHAKE]: Received acknowledgement from client
[27Oct2025 17:09:06.722] [Netty Epoll Server IO #7/DEBUG] [net.minecraftforge.network.LoginWrapper/FMLHANDSHAKE]: Recieved login wrapper packet event for channel fml:handshake with index 10
[27Oct2025 17:09:06.722] [Netty Epoll Server IO #7/DEBUG] [net.minecraftforge.network.HandshakeHandler/FMLHANDSHAKE]: Received client indexed reply 10 of type net.minecraftforge.network.HandshakeMessages$C2SAcknowledge
[27Oct2025 17:09:06.722] [Netty Epoll Server IO #7/DEBUG] [net.minecraftforge.network.HandshakeHandler/FMLHANDSHAKE]: Received acknowledgement from client
[27Oct2025 17:09:06.737] [Server thread/DEBUG] [net.minecraftforge.network.HandshakeHandler/FMLHANDSHAKE]: Sending ticking packet info 'Registry minecraft:painting_variant' to 'fml:handshake' sequence 11
[27Oct2025 17:09:06.782] [Netty Epoll Server IO #7/DEBUG] [net.minecraftforge.network.LoginWrapper/FMLHANDSHAKE]: Recieved login wrapper packet event for channel fml:handshake with index 11
[27Oct2025 17:09:06.782] [Netty Epoll Server IO #7/DEBUG] [net.minecraftforge.network.HandshakeHandler/FMLHANDSHAKE]: Received client indexed reply 11 of type net.minecraftforge.network.HandshakeMessages$C2SAcknowledge
[27Oct2025 17:09:06.782] [Netty Epoll Server IO #7/DEBUG] [net.minecraftforge.network.HandshakeHandler/FMLHANDSHAKE]: Received acknowledgement from client
[27Oct2025 17:09:06.786] [Server thread/DEBUG] [net.minecraftforge.network.HandshakeHandler/FMLHANDSHAKE]: Sending ticking packet info 'Registry forge:fluid_type' to 'fml:handshake' sequence 12
[27Oct2025 17:09:06.832] [Netty Epoll Server IO #7/DEBUG] [net.minecraftforge.network.LoginWrapper/FMLHANDSHAKE]: Recieved login wrapper packet event for channel fml:handshake with index 12
[27Oct2025 17:09:06.832] [Netty Epoll Server IO #7/DEBUG] [net.minecraftforge.network.HandshakeHandler/FMLHANDSHAKE]: Received client indexed reply 12 of type net.minecraftforge.network.HandshakeMessages$C2SAcknowledge
[27Oct2025 17:09:06.832] [Netty Epoll Server IO #7/DEBUG] [net.minecraftforge.network.HandshakeHandler/FMLHANDSHAKE]: Received acknowledgement from client
[27Oct2025 17:09:06.836] [Server thread/DEBUG] [net.minecraftforge.network.HandshakeHandler/FMLHANDSHAKE]: Sending ticking packet info 'Registry minecraft:block_entity_type' to 'fml:handshake' sequence 13
[27Oct2025 17:09:06.872] [Netty Epoll Server IO #7/DEBUG] [net.minecraftforge.network.LoginWrapper/FMLHANDSHAKE]: Recieved login wrapper packet event for channel fml:handshake with index 13
[27Oct2025 17:09:06.872] [Netty Epoll Server IO #7/DEBUG] [net.minecraftforge.network.HandshakeHandler/FMLHANDSHAKE]: Received client indexed reply 13 of type net.minecraftforge.network.HandshakeMessages$C2SAcknowledge
[27Oct2025 17:09:06.872] [Netty Epoll Server IO #7/DEBUG] [net.minecraftforge.network.HandshakeHandler/FMLHANDSHAKE]: Received acknowledgement from client
[27Oct2025 17:09:06.887] [Server thread/DEBUG] [net.minecraftforge.network.HandshakeHandler/FMLHANDSHAKE]: Sending ticking packet info 'Registry forge:display_contexts' to 'fml:handshake' sequence 14
[27Oct2025 17:09:06.922] [Netty Epoll Server IO #7/DEBUG] [net.minecraftforge.network.LoginWrapper/FMLHANDSHAKE]: Recieved login wrapper packet event for channel fml:handshake with index 14
[27Oct2025 17:09:06.922] [Netty Epoll Server IO #7/DEBUG] [net.minecraftforge.network.HandshakeHandler/FMLHANDSHAKE]: Received client indexed reply 14 of type net.minecraftforge.network.HandshakeMessages$C2SAcknowledge
[27Oct2025 17:09:06.922] [Netty Epoll Server IO #7/DEBUG] [net.minecraftforge.network.HandshakeHandler/FMLHANDSHAKE]: Received acknowledgement from client
[27Oct2025 17:09:06.938] [Server thread/DEBUG] [net.minecraftforge.network.HandshakeHandler/FMLHANDSHAKE]: Sending ticking packet info 'Registry minecraft:block' to 'fml:handshake' sequence 15
[27Oct2025 17:09:06.988] [Server thread/DEBUG] [net.minecraftforge.network.HandshakeHandler/FMLHANDSHAKE]: Sending ticking packet info 'Registry cuffed:restraints' to 'fml:handshake' sequence 16
[27Oct2025 17:09:06.990] [Netty Epoll Server IO #7/DEBUG] [net.minecraftforge.network.LoginWrapper/FMLHANDSHAKE]: Recieved login wrapper packet event for channel fml:handshake with index 15
[27Oct2025 17:09:06.990] [Netty Epoll Server IO #7/DEBUG] [net.minecraftforge.network.HandshakeHandler/FMLHANDSHAKE]: Received client indexed reply 15 of type net.minecraftforge.network.HandshakeMessages$C2SAcknowledge
[27Oct2025 17:09:06.990] [Netty Epoll Server IO #7/DEBUG] [net.minecraftforge.network.HandshakeHandler/FMLHANDSHAKE]: Received acknowledgement from client
[27Oct2025 17:09:07.032] [Netty Epoll Server IO #7/DEBUG] [net.minecraftforge.network.LoginWrapper/FMLHANDSHAKE]: Recieved login wrapper packet event for channel fml:handshake with index 16
[27Oct2025 17:09:07.032] [Netty Epoll Server IO #7/DEBUG] [net.minecraftforge.network.HandshakeHandler/FMLHANDSHAKE]: Received client indexed reply 16 of type net.minecraftforge.network.HandshakeMessages$C2SAcknowledge
[27Oct2025 17:09:07.032] [Netty Epoll Server IO #7/DEBUG] [net.minecraftforge.network.HandshakeHandler/FMLHANDSHAKE]: Received acknowledgement from client
[27Oct2025 17:09:07.038] [Server thread/DEBUG] [net.minecraftforge.network.HandshakeHandler/FMLHANDSHAKE]: Sending ticking packet info 'Registry forge:entity_data_serializers' to 'fml:handshake' sequence 17
[27Oct2025 17:09:07.072] [Netty Epoll Server IO #7/DEBUG] [net.minecraftforge.network.LoginWrapper/FMLHANDSHAKE]: Recieved login wrapper packet event for channel fml:handshake with index 17
[27Oct2025 17:09:07.072] [Netty Epoll Server IO #7/DEBUG] [net.minecraftforge.network.HandshakeHandler/FMLHANDSHAKE]: Received client indexed reply 17 of type net.minecraftforge.network.HandshakeMessages$C2SAcknowledge
[27Oct2025 17:09:07.072] [Netty Epoll Server IO #7/DEBUG] [net.minecraftforge.network.HandshakeHandler/FMLHANDSHAKE]: Received acknowledgement from client
[27Oct2025 17:09:07.087] [Server thread/DEBUG] [net.minecraftforge.network.HandshakeHandler/FMLHANDSHAKE]: Sending ticking packet info 'Registry minecraft:mob_effect' to 'fml:handshake' sequence 18
[27Oct2025 17:09:07.132] [Netty Epoll Server IO #7/DEBUG] [net.minecraftforge.network.LoginWrapper/FMLHANDSHAKE]: Recieved login wrapper packet event for channel fml:handshake with index 18
[27Oct2025 17:09:07.132] [Netty Epoll Server IO #7/DEBUG] [net.minecraftforge.network.HandshakeHandler/FMLHANDSHAKE]: Received client indexed reply 18 of type net.minecraftforge.network.HandshakeMessages$C2SAcknowledge
[27Oct2025 17:09:07.132] [Netty Epoll Server IO #7/DEBUG] [net.minecraftforge.network.HandshakeHandler/FMLHANDSHAKE]: Received acknowledgement from client
[27Oct2025 17:09:07.136] [Server thread/DEBUG] [net.minecraftforge.network.HandshakeHandler/FMLHANDSHAKE]: Sending ticking packet info 'Registry minecraft:stat_type' to 'fml:handshake' sequence 19
[27Oct2025 17:09:07.182] [Netty Epoll Server IO #7/DEBUG] [net.minecraftforge.network.LoginWrapper/FMLHANDSHAKE]: Recieved login wrapper packet event for channel fml:handshake with index 19
[27Oct2025 17:09:07.182] [Netty Epoll Server IO #7/DEBUG] [net.minecraftforge.network.HandshakeHandler/FMLHANDSHAKE]: Received client indexed reply 19 of type net.minecraftforge.network.HandshakeMessages$C2SAcknowledge
[27Oct2025 17:09:07.182] [Netty Epoll Server IO #7/DEBUG] [net.minecraftforge.network.HandshakeHandler/FMLHANDSHAKE]: Received acknowledgement from client
[27Oct2025 17:09:07.186] [Server thread/DEBUG] [net.minecraftforge.network.HandshakeHandler/FMLHANDSHAKE]: Sending ticking packet info 'Registry minecraft:menu' to 'fml:handshake' sequence 20
[27Oct2025 17:09:07.232] [Netty Epoll Server IO #7/DEBUG] [net.minecraftforge.network.LoginWrapper/FMLHANDSHAKE]: Recieved login wrapper packet event for channel fml:handshake with index 20
[27Oct2025 17:09:07.232] [Netty Epoll Server IO #7/DEBUG] [net.minecraftforge.network.HandshakeHandler/FMLHANDSHAKE]: Received client indexed reply 20 of type net.minecraftforge.network.HandshakeMessages$C2SAcknowledge
[27Oct2025 17:09:07.232] [Netty Epoll Server IO #7/DEBUG] [net.minecraftforge.network.HandshakeHandler/FMLHANDSHAKE]: Received acknowledgement from client
[27Oct2025 17:09:07.237] [Server thread/DEBUG] [net.minecraftforge.network.HandshakeHandler/FMLHANDSHAKE]: Sending ticking packet info 'Registry minecraft:enchantment' to 'fml:handshake' sequence 21
[27Oct2025 17:09:07.272] [Netty Epoll Server IO #7/DEBUG] [net.minecraftforge.network.LoginWrapper/FMLHANDSHAKE]: Recieved login wrapper packet event for channel fml:handshake with index 21
[27Oct2025 17:09:07.272] [Netty Epoll Server IO #7/DEBUG] [net.minecraftforge.network.HandshakeHandler/FMLHANDSHAKE]: Received client indexed reply 21 of type net.minecraftforge.network.HandshakeMessages$C2SAcknowledge
[27Oct2025 17:09:07.272] [Netty Epoll Server IO #7/DEBUG] [net.minecraftforge.network.HandshakeHandler/FMLHANDSHAKE]: Received acknowledgement from client
[27Oct2025 17:09:07.287] [Server thread/DEBUG] [net.minecraftforge.network.HandshakeHandler/FMLHANDSHAKE]: Sending ticking packet info 'Registry minecraft:fluid' to 'fml:handshake' sequence 22
[27Oct2025 17:09:07.332] [Netty Epoll Server IO #7/DEBUG] [net.minecraftforge.network.LoginWrapper/FMLHANDSHAKE]: Recieved login wrapper packet event for channel fml:handshake with index 22
[27Oct2025 17:09:07.332] [Netty Epoll Server IO #7/DEBUG] [net.minecraftforge.network.HandshakeHandler/FMLHANDSHAKE]: Received client indexed reply 22 of type net.minecraftforge.network.HandshakeMessages$C2SAcknowledge
[27Oct2025 17:09:07.332] [Netty Epoll Server IO #7/DEBUG] [net.minecraftforge.network.HandshakeHandler/FMLHANDSHAKE]: Received acknowledgement from client
[27Oct2025 17:09:07.337] [Server thread/DEBUG] [net.minecraftforge.network.HandshakeHandler/FMLHANDSHAKE]: Sending ticking packet info 'Registry minecraft:entity_type' to 'fml:handshake' sequence 23
[27Oct2025 17:09:07.387] [Server thread/DEBUG] [net.minecraftforge.network.HandshakeHandler/FMLHANDSHAKE]: Sending ticking packet info 'Config camera-server.toml' to 'fml:handshake' sequence 24
[27Oct2025 17:09:07.438] [Server thread/DEBUG] [net.minecraftforge.network.HandshakeHandler/FMLHANDSHAKE]: Sending ticking packet info 'Config locks-server.toml' to 'fml:handshake' sequence 25
[27Oct2025 17:09:07.487] [Server thread/DEBUG] [net.minecraftforge.network.HandshakeHandler/FMLHANDSHAKE]: Sending ticking packet info 'Config curios-server.toml' to 'fml:handshake' sequence 26
[27Oct2025 17:09:07.532] [Netty Epoll Server IO #7/DEBUG] [net.minecraftforge.network.LoginWrapper/FMLHANDSHAKE]: Recieved login wrapper packet event for channel fml:handshake with index 23
[27Oct2025 17:09:07.532] [Netty Epoll Server IO #7/DEBUG] [net.minecraftforge.network.HandshakeHandler/FMLHANDSHAKE]: Received client indexed reply 23 of type net.minecraftforge.network.HandshakeMessages$C2SAcknowledge
[27Oct2025 17:09:07.532] [Netty Epoll Server IO #7/DEBUG] [net.minecraftforge.network.HandshakeHandler/FMLHANDSHAKE]: Received acknowledgement from client
[27Oct2025 17:09:07.532] [Netty Epoll Server IO #7/DEBUG] [net.minecraftforge.network.LoginWrapper/FMLHANDSHAKE]: Recieved login wrapper packet event for channel fml:handshake with index 24
[27Oct2025 17:09:07.532] [Netty Epoll Server IO #7/DEBUG] [net.minecraftforge.network.HandshakeHandler/FMLHANDSHAKE]: Received client indexed reply 24 of type net.minecraftforge.network.HandshakeMessages$C2SAcknowledge
[27Oct2025 17:09:07.532] [Netty Epoll Server IO #7/DEBUG] [net.minecraftforge.network.HandshakeHandler/FMLHANDSHAKE]: Received acknowledgement from client
[27Oct2025 17:09:07.532] [Netty Epoll Server IO #7/DEBUG] [net.minecraftforge.network.LoginWrapper/FMLHANDSHAKE]: Recieved login wrapper packet event for channel fml:handshake with index 25
[27Oct2025 17:09:07.532] [Netty Epoll Server IO #7/DEBUG] [net.minecraftforge.network.HandshakeHandler/FMLHANDSHAKE]: Received client indexed reply 25 of type net.minecraftforge.network.HandshakeMessages$C2SAcknowledge
[27Oct2025 17:09:07.532] [Netty Epoll Server IO #7/DEBUG] [net.minecraftforge.network.HandshakeHandler/FMLHANDSHAKE]: Received acknowledgement from client
[27Oct2025 17:09:07.536] [Server thread/DEBUG] [net.minecraftforge.network.HandshakeHandler/FMLHANDSHAKE]: Sending ticking packet info 'Config jeg-server.toml' to 'fml:handshake' sequence 27
[27Oct2025 17:09:07.539] [Netty Epoll Server IO #7/DEBUG] [net.minecraftforge.network.LoginWrapper/FMLHANDSHAKE]: Recieved login wrapper packet event for channel fml:handshake with index 26
[27Oct2025 17:09:07.539] [Netty Epoll Server IO #7/DEBUG] [net.minecraftforge.network.HandshakeHandler/FMLHANDSHAKE]: Received client indexed reply 26 of type net.minecraftforge.network.HandshakeMessages$C2SAcknowledge
[27Oct2025 17:09:07.539] [Netty Epoll Server IO #7/DEBUG] [net.minecraftforge.network.HandshakeHandler/FMLHANDSHAKE]: Received acknowledgement from client
[27Oct2025 17:09:07.573] [Netty Epoll Server IO #7/DEBUG] [net.minecraftforge.network.LoginWrapper/FMLHANDSHAKE]: Recieved login wrapper packet event for channel fml:handshake with index 27
[27Oct2025 17:09:07.573] [Netty Epoll Server IO #7/DEBUG] [net.minecraftforge.network.HandshakeHandler/FMLHANDSHAKE]: Received client indexed reply 27 of type net.minecraftforge.network.HandshakeMessages$C2SAcknowledge
[27Oct2025 17:09:07.573] [Netty Epoll Server IO #7/DEBUG] [net.minecraftforge.network.HandshakeHandler/FMLHANDSHAKE]: Received acknowledgement from client
[27Oct2025 17:09:07.587] [Server thread/DEBUG] [net.minecraftforge.network.HandshakeHandler/FMLHANDSHAKE]: Sending ticking packet info 'Config cuffed-server.toml' to 'fml:handshake' sequence 28
[27Oct2025 17:09:07.632] [Netty Epoll Server IO #7/DEBUG] [net.minecraftforge.network.LoginWrapper/FMLHANDSHAKE]: Recieved login wrapper packet event for channel fml:handshake with index 28
[27Oct2025 17:09:07.632] [Netty Epoll Server IO #7/DEBUG] [net.minecraftforge.network.HandshakeHandler/FMLHANDSHAKE]: Received client indexed reply 28 of type net.minecraftforge.network.HandshakeMessages$C2SAcknowledge
[27Oct2025 17:09:07.632] [Netty Epoll Server IO #7/DEBUG] [net.minecraftforge.network.HandshakeHandler/FMLHANDSHAKE]: Received acknowledgement from client
[27Oct2025 17:09:07.644] [Server thread/DEBUG] [net.minecraftforge.network.HandshakeHandler/FMLHANDSHAKE]: Sending ticking packet info 'Config forge-server.toml' to 'fml:handshake' sequence 29
[27Oct2025 17:09:07.682] [Netty Epoll Server IO #7/DEBUG] [net.minecraftforge.network.LoginWrapper/FMLHANDSHAKE]: Recieved login wrapper packet event for channel fml:handshake with index 29
[27Oct2025 17:09:07.682] [Netty Epoll Server IO #7/DEBUG] [net.minecraftforge.network.HandshakeHandler/FMLHANDSHAKE]: Received client indexed reply 29 of type net.minecraftforge.network.HandshakeMessages$C2SAcknowledge
[27Oct2025 17:09:07.682] [Netty Epoll Server IO #7/DEBUG] [net.minecraftforge.network.HandshakeHandler/FMLHANDSHAKE]: Received acknowledgement from client
[27Oct2025 17:09:07.687] [Server thread/DEBUG] [net.minecraftforge.network.HandshakeHandler/FMLHANDSHAKE]: Handshake complete!
[27Oct2025 17:09:07.741] [Server thread/INFO] [net.minecraft.server.players.PlayerList/]: Null[/127.187.26.140:48887] logged in with entity id 2197 at (26.522997829285963, 69.0, 96.90715159681264)
[27Oct2025 17:09:07.741] [Server thread/DEBUG] [net.minecraftforge.network.filters.NetworkFilters/]: Injected net.minecraftforge.network.filters.ForgeConnectionNetworkFilter@52b839ce into net.minecraft.network.Connection@6e50be10
[27Oct2025 17:09:07.741] [Server thread/DEBUG] [ModernFix/]: Sending ID correction packet to client with 68 classes
[27Oct2025 17:09:07.744] [Server thread/INFO] [ModernFix/]: Using enhanced recipe sync for player Null
[27Oct2025 17:09:07.754] [Server thread/INFO] [net.minecraft.server.MinecraftServer/]: Null joined the game
[27Oct2025 17:09:07.792] [Server thread/INFO] [Devices Mod/]: Player logged in: literal{Null}
[27Oct2025 17:09:09.061] [Server thread/DEBUG] [net.minecraftforge.common.ForgeHooks/WP]: Gathering id map for writing to world save Matsuhama
[27Oct2025 17:09:09.068] [Server thread/DEBUG] [net.minecraftforge.common.ForgeHooks/WP]: ID Map collection complete Matsuhama
[27Oct2025 17:12:57.013] [Netty Epoll Server IO #2/INFO] [com.teampotato.redirector.Redirector/]: Redirecting net/minecraft/network/chat/FilterMask$Type
[27Oct2025 17:14:09.063] [Server thread/DEBUG] [net.minecraftforge.common.ForgeHooks/WP]: Gathering id map for writing to world save Matsuhama
[27Oct2025 17:14:09.070] [Server thread/DEBUG] [net.minecraftforge.common.ForgeHooks/WP]: ID Map collection complete Matsuhama
[27Oct2025 17:15:39.500] [Netty Epoll Server IO #1/DEBUG] [net.minecraftforge.network.HandshakeHandler/FMLHANDSHAKE]: Starting new modded impl connection. Found 30 messages to dispatch.
[27Oct2025 17:15:39.537] [Server thread/DEBUG] [net.minecraftforge.network.HandshakeHandler/FMLHANDSHAKE]: Sending ticking packet info 'jeg:custom_gun_manager' to 'framework:handshake' sequence 0
[27Oct2025 17:15:39.586] [Server thread/INFO] [net.minecraft.server.network.ServerGamePacketListenerImpl/]: Null lost connection: Disconnected
[27Oct2025 17:15:39.586] [Server thread/INFO] [net.minecraft.server.MinecraftServer/]: Null left the game
[27Oct2025 17:15:39.590] [Server thread/DEBUG] [net.minecraftforge.network.HandshakeHandler/FMLHANDSHAKE]: Sending ticking packet info 'jeg:network_gun_manager' to 'framework:handshake' sequence 1
[27Oct2025 17:15:39.646] [Server thread/DEBUG] [net.minecraftforge.network.HandshakeHandler/FMLHANDSHAKE]: Sending ticking packet info 'net.minecraftforge.network.HandshakeMessages$S2CModData' to 'fml:handshake' sequence 2
[27Oct2025 17:15:39.687] [Server thread/DEBUG] [net.minecraftforge.network.HandshakeHandler/FMLHANDSHAKE]: Sending ticking packet info 'net.minecraftforge.network.HandshakeMessages$S2CModList' to 'fml:handshake' sequence 3
[27Oct2025 17:15:39.736] [Server thread/DEBUG] [net.minecraftforge.network.HandshakeHandler/FMLHANDSHAKE]: Sending ticking packet info 'Registry minecraft:command_argument_type' to 'fml:handshake' sequence 4
[27Oct2025 17:15:39.786] [Server thread/DEBUG] [net.minecraftforge.network.HandshakeHandler/FMLHANDSHAKE]: Sending ticking packet info 'Registry minecraft:recipe_serializer' to 'fml:handshake' sequence 5
[27Oct2025 17:15:39.836] [Server thread/DEBUG] [net.minecraftforge.network.HandshakeHandler/FMLHANDSHAKE]: Sending ticking packet info 'Registry minecraft:sound_event' to 'fml:handshake' sequence 6
[27Oct2025 17:15:39.886] [Server thread/DEBUG] [net.minecraftforge.network.HandshakeHandler/FMLHANDSHAKE]: Sending ticking packet info 'Registry minecraft:particle_type' to 'fml:handshake' sequence 7
[27Oct2025 17:15:39.937] [Server thread/DEBUG] [net.minecraftforge.network.HandshakeHandler/FMLHANDSHAKE]: Sending ticking packet info 'Registry minecraft:villager_profession' to 'fml:handshake' sequence 8
[27Oct2025 17:15:39.986] [Server thread/DEBUG] [net.minecraftforge.network.HandshakeHandler/FMLHANDSHAKE]: Sending ticking packet info 'Registry minecraft:item' to 'fml:handshake' sequence 9
[27Oct2025 17:15:40.037] [Server thread/DEBUG] [net.minecraftforge.network.HandshakeHandler/FMLHANDSHAKE]: Sending ticking packet info 'Registry minecraft:potion' to 'fml:handshake' sequence 10
[27Oct2025 17:15:40.087] [Server thread/DEBUG] [net.minecraftforge.network.HandshakeHandler/FMLHANDSHAKE]: Sending ticking packet info 'Registry minecraft:painting_variant' to 'fml:handshake' sequence 11
[27Oct2025 17:15:40.136] [Server thread/DEBUG] [net.minecraftforge.network.HandshakeHandler/FMLHANDSHAKE]: Sending ticking packet info 'Registry forge:fluid_type' to 'fml:handshake' sequence 12
[27Oct2025 17:15:40.187] [Server thread/DEBUG] [net.minecraftforge.network.HandshakeHandler/FMLHANDSHAKE]: Sending ticking packet info 'Registry minecraft:block_entity_type' to 'fml:handshake' sequence 13
[27Oct2025 17:15:40.236] [Server thread/DEBUG] [net.minecraftforge.network.HandshakeHandler/FMLHANDSHAKE]: Sending ticking packet info 'Registry forge:display_contexts' to 'fml:handshake' sequence 14
[27Oct2025 17:15:40.287] [Server thread/DEBUG] [net.minecraftforge.network.HandshakeHandler/FMLHANDSHAKE]: Sending ticking packet info 'Registry minecraft:block' to 'fml:handshake' sequence 15
[27Oct2025 17:15:40.336] [Server thread/DEBUG] [net.minecraftforge.network.HandshakeHandler/FMLHANDSHAKE]: Sending ticking packet info 'Registry cuffed:restraints' to 'fml:handshake' sequence 16
[27Oct2025 17:15:40.388] [Server thread/DEBUG] [net.minecraftforge.network.HandshakeHandler/FMLHANDSHAKE]: Sending ticking packet info 'Registry forge:entity_data_serializers' to 'fml:handshake' sequence 17
[27Oct2025 17:15:40.438] [Server thread/DEBUG] [net.minecraftforge.network.HandshakeHandler/FMLHANDSHAKE]: Sending ticking packet info 'Registry minecraft:mob_effect' to 'fml:handshake' sequence 18
[27Oct2025 17:15:40.487] [Server thread/DEBUG] [net.minecraftforge.network.HandshakeHandler/FMLHANDSHAKE]: Sending ticking packet info 'Registry minecraft:stat_type' to 'fml:handshake' sequence 19
[27Oct2025 17:15:40.538] [Server thread/DEBUG] [net.minecraftforge.network.HandshakeHandler/FMLHANDSHAKE]: Sending ticking packet info 'Registry minecraft:menu' to 'fml:handshake' sequence 20
[27Oct2025 17:15:40.588] [Server thread/DEBUG] [net.minecraftforge.network.HandshakeHandler/FMLHANDSHAKE]: Sending ticking packet info 'Registry minecraft:enchantment' to 'fml:handshake' sequence 21
[27Oct2025 17:15:40.646] [Server thread/DEBUG] [net.minecraftforge.network.HandshakeHandler/FMLHANDSHAKE]: Sending ticking packet info 'Registry minecraft:fluid' to 'fml:handshake' sequence 22
[27Oct2025 17:15:40.687] [Server thread/DEBUG] [net.minecraftforge.network.HandshakeHandler/FMLHANDSHAKE]: Sending ticking packet info 'Registry minecraft:entity_type' to 'fml:handshake' sequence 23
[27Oct2025 17:15:40.737] [Server thread/DEBUG] [net.minecraftforge.network.HandshakeHandler/FMLHANDSHAKE]: Sending ticking packet info 'Config camera-server.toml' to 'fml:handshake' sequence 24
[27Oct2025 17:15:40.788] [Server thread/DEBUG] [net.minecraftforge.network.HandshakeHandler/FMLHANDSHAKE]: Sending ticking packet info 'Config locks-server.toml' to 'fml:handshake' sequence 25
[27Oct2025 17:15:40.837] [Server thread/DEBUG] [net.minecraftforge.network.HandshakeHandler/FMLHANDSHAKE]: Sending ticking packet info 'Config curios-server.toml' to 'fml:handshake' sequence 26
[27Oct2025 17:15:40.887] [Server thread/DEBUG] [net.minecraftforge.network.HandshakeHandler/FMLHANDSHAKE]: Sending ticking packet info 'Config jeg-server.toml' to 'fml:handshake' sequence 27
[27Oct2025 17:15:40.937] [Server thread/DEBUG] [net.minecraftforge.network.HandshakeHandler/FMLHANDSHAKE]: Sending ticking packet info 'Config cuffed-server.toml' to 'fml:handshake' sequence 28
[27Oct2025 17:15:40.986] [Server thread/DEBUG] [net.minecraftforge.network.HandshakeHandler/FMLHANDSHAKE]: Sending ticking packet info 'Config forge-server.toml' to 'fml:handshake' sequence 29
[27Oct2025 17:15:59.987] [Server thread/INFO] [net.minecraft.server.network.ServerLoginPacketListenerImpl/]: com.mojang.authlib.GameProfile@7c9c75d8[id=<null>,name=Null,properties={},legacy=false] (/127.187.26.140:58975) lost connection: Disconnected
[27Oct2025 17:16:06.083] [Netty Epoll Server IO #3/DEBUG] [net.minecraftforge.network.HandshakeHandler/FMLHANDSHAKE]: Starting new modded impl connection. Found 30 messages to dispatch.
[27Oct2025 17:16:06.088] [Server thread/DEBUG] [net.minecraftforge.network.HandshakeHandler/FMLHANDSHAKE]: Sending ticking packet info 'jeg:custom_gun_manager' to 'framework:handshake' sequence 0
[27Oct2025 17:16:06.138] [Server thread/DEBUG] [net.minecraftforge.network.HandshakeHandler/FMLHANDSHAKE]: Sending ticking packet info 'jeg:network_gun_manager' to 'framework:handshake' sequence 1
[27Oct2025 17:16:06.188] [Server thread/DEBUG] [net.minecraftforge.network.HandshakeHandler/FMLHANDSHAKE]: Sending ticking packet info 'net.minecraftforge.network.HandshakeMessages$S2CModData' to 'fml:handshake' sequence 2
[27Oct2025 17:16:06.237] [Server thread/DEBUG] [net.minecraftforge.network.HandshakeHandler/FMLHANDSHAKE]: Sending ticking packet info 'net.minecraftforge.network.HandshakeMessages$S2CModList' to 'fml:handshake' sequence 3
[27Oct2025 17:16:06.288] [Server thread/DEBUG] [net.minecraftforge.network.HandshakeHandler/FMLHANDSHAKE]: Sending ticking packet info 'Registry minecraft:command_argument_type' to 'fml:handshake' sequence 4
[27Oct2025 17:16:06.338] [Server thread/DEBUG] [net.minecraftforge.network.HandshakeHandler/FMLHANDSHAKE]: Sending ticking packet info 'Registry minecraft:recipe_serializer' to 'fml:handshake' sequence 5
[27Oct2025 17:16:06.388] [Server thread/DEBUG] [net.minecraftforge.network.HandshakeHandler/FMLHANDSHAKE]: Sending ticking packet info 'Registry minecraft:sound_event' to 'fml:handshake' sequence 6
[27Oct2025 17:16:06.438] [Server thread/DEBUG] [net.minecraftforge.network.HandshakeHandler/FMLHANDSHAKE]: Sending ticking packet info 'Registry minecraft:particle_type' to 'fml:handshake' sequence 7
[27Oct2025 17:16:06.488] [Server thread/DEBUG] [net.minecraftforge.network.HandshakeHandler/FMLHANDSHAKE]: Sending ticking packet info 'Registry minecraft:villager_profession' to 'fml:handshake' sequence 8
[27Oct2025 17:16:06.537] [Server thread/DEBUG] [net.minecraftforge.network.HandshakeHandler/FMLHANDSHAKE]: Sending ticking packet info 'Registry minecraft:item' to 'fml:handshake' sequence 9
[27Oct2025 17:16:06.587] [Server thread/DEBUG] [net.minecraftforge.network.HandshakeHandler/FMLHANDSHAKE]: Sending ticking packet info 'Registry minecraft:potion' to 'fml:handshake' sequence 10
[27Oct2025 17:16:06.645] [Server thread/DEBUG] [net.minecraftforge.network.HandshakeHandler/FMLHANDSHAKE]: Sending ticking packet info 'Registry minecraft:painting_variant' to 'fml:handshake' sequence 11
[27Oct2025 17:16:06.687] [Server thread/DEBUG] [net.minecraftforge.network.HandshakeHandler/FMLHANDSHAKE]: Sending ticking packet info 'Registry forge:fluid_type' to 'fml:handshake' sequence 12
[27Oct2025 17:16:06.736] [Server thread/DEBUG] [net.minecraftforge.network.HandshakeHandler/FMLHANDSHAKE]: Sending ticking packet info 'Registry minecraft:block_entity_type' to 'fml:handshake' sequence 13
[27Oct2025 17:16:06.786] [Server thread/DEBUG] [net.minecraftforge.network.HandshakeHandler/FMLHANDSHAKE]: Sending ticking packet info 'Registry forge:display_contexts' to 'fml:handshake' sequence 14
[27Oct2025 17:16:06.836] [Server thread/DEBUG] [net.minecraftforge.network.HandshakeHandler/FMLHANDSHAKE]: Sending ticking packet info 'Registry minecraft:block' to 'fml:handshake' sequence 15
[27Oct2025 17:16:06.886] [Server thread/DEBUG] [net.minecraftforge.network.HandshakeHandler/FMLHANDSHAKE]: Sending ticking packet info 'Registry cuffed:restraints' to 'fml:handshake' sequence 16
[27Oct2025 17:16:06.936] [Server thread/DEBUG] [net.minecraftforge.network.HandshakeHandler/FMLHANDSHAKE]: Sending ticking packet info 'Registry forge:entity_data_serializers' to 'fml:handshake' sequence 17
[27Oct2025 17:16:06.986] [Server thread/DEBUG] [net.minecraftforge.network.HandshakeHandler/FMLHANDSHAKE]: Sending ticking packet info 'Registry minecraft:mob_effect' to 'fml:handshake' sequence 18
[27Oct2025 17:16:07.036] [Server thread/DEBUG] [net.minecraftforge.network.HandshakeHandler/FMLHANDSHAKE]: Sending ticking packet info 'Registry minecraft:stat_type' to 'fml:handshake' sequence 19
[27Oct2025 17:16:07.086] [Server thread/DEBUG] [net.minecraftforge.network.HandshakeHandler/FMLHANDSHAKE]: Sending ticking packet info 'Registry minecraft:menu' to 'fml:handshake' sequence 20
[27Oct2025 17:16:07.138] [Server thread/DEBUG] [net.minecraftforge.network.HandshakeHandler/FMLHANDSHAKE]: Sending ticking packet info 'Registry minecraft:enchantment' to 'fml:handshake' sequence 21
[27Oct2025 17:16:07.188] [Server thread/DEBUG] [net.minecraftforge.network.HandshakeHandler/FMLHANDSHAKE]: Sending ticking packet info 'Registry minecraft:fluid' to 'fml:handshake' sequence 22
[27Oct2025 17:16:07.238] [Server thread/DEBUG] [net.minecraftforge.network.HandshakeHandler/FMLHANDSHAKE]: Sending ticking packet info 'Registry minecraft:entity_type' to 'fml:handshake' sequence 23
[27Oct2025 17:16:07.288] [Server thread/DEBUG] [net.minecraftforge.network.HandshakeHandler/FMLHANDSHAKE]: Sending ticking packet info 'Config camera-server.toml' to 'fml:handshake' sequence 24
[27Oct2025 17:16:07.337] [Server thread/DEBUG] [net.minecraftforge.network.HandshakeHandler/FMLHANDSHAKE]: Sending ticking packet info 'Config locks-server.toml' to 'fml:handshake' sequence 25
[27Oct2025 17:16:07.386] [Server thread/DEBUG] [net.minecraftforge.network.HandshakeHandler/FMLHANDSHAKE]: Sending ticking packet info 'Config curios-server.toml' to 'fml:handshake' sequence 26
[27Oct2025 17:16:07.438] [Server thread/DEBUG] [net.minecraftforge.network.HandshakeHandler/FMLHANDSHAKE]: Sending ticking packet info 'Config jeg-server.toml' to 'fml:handshake' sequence 27
[27Oct2025 17:16:07.490] [Server thread/DEBUG] [net.minecraftforge.network.HandshakeHandler/FMLHANDSHAKE]: Sending ticking packet info 'Config cuffed-server.toml' to 'fml:handshake' sequence 28
[27Oct2025 17:16:07.538] [Server thread/DEBUG] [net.minecraftforge.network.HandshakeHandler/FMLHANDSHAKE]: Sending ticking packet info 'Config forge-server.toml' to 'fml:handshake' sequence 29
[27Oct2025 17:16:35.786] [Server thread/INFO] [net.minecraft.server.network.ServerLoginPacketListenerImpl/]: com.mojang.authlib.GameProfile@5c81fe23[id=<null>,name=Null,properties={},legacy=false] (/127.187.26.140:34523) lost connection: Disconnected
[27Oct2025 17:16:38.344] [Netty Epoll Server IO #5/DEBUG] [net.minecraftforge.network.HandshakeHandler/FMLHANDSHAKE]: Starting new modded impl connection. Found 30 messages to dispatch.
[27Oct2025 17:16:38.644] [Server thread/DEBUG] [net.minecraftforge.network.HandshakeHandler/FMLHANDSHAKE]: Sending ticking packet info 'jeg:custom_gun_manager' to 'framework:handshake' sequence 0
[27Oct2025 17:16:38.686] [Server thread/DEBUG] [net.minecraftforge.network.HandshakeHandler/FMLHANDSHAKE]: Sending ticking packet info 'jeg:network_gun_manager' to 'framework:handshake' sequence 1
[27Oct2025 17:16:38.730] [Netty Epoll Server IO #5/DEBUG] [net.minecraftforge.network.LoginWrapper/FMLHANDSHAKE]: Recieved login wrapper packet event for channel framework:handshake with index 0
[27Oct2025 17:16:38.730] [Netty Epoll Server IO #5/DEBUG] [net.minecraftforge.network.HandshakeHandler/FMLHANDSHAKE]: Received client indexed reply 0 of type com.mrcrayfish.framework.api.network.message.HandshakeMessage$Acknowledge
[27Oct2025 17:16:38.730] [Netty Epoll Server IO #5/DEBUG] [Framework/FRAMEWORK_HANDSHAKE]: Received acknowledgement from client
[27Oct2025 17:16:38.736] [Server thread/DEBUG] [net.minecraftforge.network.HandshakeHandler/FMLHANDSHAKE]: Sending ticking packet info 'net.minecraftforge.network.HandshakeMessages$S2CModData' to 'fml:handshake' sequence 2
[27Oct2025 17:16:38.786] [Server thread/DEBUG] [net.minecraftforge.network.HandshakeHandler/FMLHANDSHAKE]: Sending ticking packet info 'net.minecraftforge.network.HandshakeMessages$S2CModList' to 'fml:handshake' sequence 3
[27Oct2025 17:16:38.833] [Netty Epoll Server IO #5/DEBUG] [net.minecraftforge.network.LoginWrapper/FMLHANDSHAKE]: Recieved login wrapper packet event for channel framework:handshake with index 1
[27Oct2025 17:16:38.833] [Netty Epoll Server IO #5/DEBUG] [net.minecraftforge.network.HandshakeHandler/FMLHANDSHAKE]: Received client indexed reply 1 of type com.mrcrayfish.framework.api.network.message.HandshakeMessage$Acknowledge
[27Oct2025 17:16:38.833] [Netty Epoll Server IO #5/DEBUG] [Framework/FRAMEWORK_HANDSHAKE]: Received acknowledgement from client
[27Oct2025 17:16:38.836] [Server thread/DEBUG] [net.minecraftforge.network.HandshakeHandler/FMLHANDSHAKE]: Sending ticking packet info 'Registry minecraft:command_argument_type' to 'fml:handshake' sequence 4
[27Oct2025 17:16:38.850] [Netty Epoll Server IO #5/DEBUG] [net.minecraftforge.network.LoginWrapper/FMLHANDSHAKE]: Recieved login wrapper packet event for channel fml:handshake with index 3
[27Oct2025 17:16:38.850] [Netty Epoll Server IO #5/DEBUG] [net.minecraftforge.network.HandshakeHandler/FMLHANDSHAKE]: Received client indexed reply 3 of type net.minecraftforge.network.HandshakeMessages$C2SModListReply
[27Oct2025 17:16:38.850] [Netty Epoll Server IO #5/DEBUG] [net.minecraftforge.network.HandshakeHandler/FMLHANDSHAKE]: Received client connection with modlist [minecraft, smoothchunk, cuffed, eyemod, bh, geckolib, culllessleaves, creativecore, locks, jeg, itemproductionlib, fcl, attributefix, skilltree, faz_roleplay_plus, connectivity, casinocraft, betterfpsdist, saros__money_mod, curios, lexiconfig, modernfurniture, camera, journeymap, modernfix, brcc, inv_view_forge, mixinextras, lucky77, devices, bookshelf, customnpcs, starlight, architectury, ftblibrary, ferritecore, mts, cupboard, boxing_madness, saros_road_signs_mod, dtrch, saros_road_blocks_mod, framework, forge, lazrslib, playerrevive]
[27Oct2025 17:16:38.851] [Netty Epoll Server IO #5/DEBUG] [net.minecraftforge.network.NetworkRegistry/NETREGISTRY]: Channel 'saros_road_signs_mod:saros_road_signs_mod' : Version test of '1' from client : ACCEPTED
[27Oct2025 17:16:38.851] [Netty Epoll Server IO #5/DEBUG] [net.minecraftforge.network.NetworkRegistry/NETREGISTRY]: Channel 'saros__money_mod:main' : Version test of '1' from client : ACCEPTED
[27Oct2025 17:16:38.851] [Netty Epoll Server IO #5/DEBUG] [net.minecraftforge.network.NetworkRegistry/NETREGISTRY]: Channel 'architectury:network' : Version test of '1' from client : ACCEPTED
[27Oct2025 17:16:38.851] [Netty Epoll Server IO #5/DEBUG] [net.minecraftforge.network.NetworkRegistry/NETREGISTRY]: Channel 'minecraft:unregister' : Version test of 'FML3' from client : ACCEPTED
[27Oct2025 17:16:38.851] [Netty Epoll Server IO #5/DEBUG] [net.minecraftforge.network.NetworkRegistry/NETREGISTRY]: Channel 'jeg:play' : Version test of '1' from client : ACCEPTED
[27Oct2025 17:16:38.851] [Netty Epoll Server IO #5/DEBUG] [net.minecraftforge.network.NetworkRegistry/NETREGISTRY]: Channel 'framework:play' : Version test of '1' from client : ACCEPTED
[27Oct2025 17:16:38.851] [Netty Epoll Server IO #5/DEBUG] [net.minecraftforge.network.NetworkRegistry/NETREGISTRY]: Channel 'dtrch:dtrch' : Version test of '1' from client : ACCEPTED
[27Oct2025 17:16:38.851] [Netty Epoll Server IO #5/DEBUG] [net.minecraftforge.network.NetworkRegistry/NETREGISTRY]: Channel 'modernfix:main' : Version test of '1' from client : ACCEPTED
[27Oct2025 17:16:38.851] [Netty Epoll Server IO #5/DEBUG] [net.minecraftforge.network.NetworkRegistry/NETREGISTRY]: Channel 'curios:main' : Version test of '1' from client : ACCEPTED
[27Oct2025 17:16:38.851] [Netty Epoll Server IO #5/DEBUG] [net.minecraftforge.network.NetworkRegistry/NETREGISTRY]: Channel 'locks:main' : Version test of 'locks' from client : ACCEPTED
[27Oct2025 17:16:38.851] [Netty Epoll Server IO #5/DEBUG] [net.minecraftforge.network.NetworkRegistry/NETREGISTRY]: Channel 'casinocraft:main' : Version test of '1' from client : ACCEPTED
[27Oct2025 17:16:38.851] [Netty Epoll Server IO #5/DEBUG] [net.minecraftforge.network.NetworkRegistry/NETREGISTRY]: Channel 'framework:handshake' : Version test of '1' from client : ACCEPTED
[27Oct2025 17:16:38.851] [Netty Epoll Server IO #5/DEBUG] [net.minecraftforge.network.NetworkRegistry/NETREGISTRY]: Channel 'fml:loginwrapper' : Version test of 'FML3' from client : ACCEPTED
[27Oct2025 17:16:38.851] [Netty Epoll Server IO #5/DEBUG] [net.minecraftforge.network.NetworkRegistry/NETREGISTRY]: Channel 'forge:tier_sorting' : Version test of '1.0' from client : ACCEPTED
[27Oct2025 17:16:38.851] [Netty Epoll Server IO #5/DEBUG] [net.minecraftforge.network.NetworkRegistry/NETREGISTRY]: Channel 'faz_roleplay_plus:faz_roleplay_plus' : Version test of '1' from client : ACCEPTED
[27Oct2025 17:16:38.851] [Netty Epoll Server IO #5/DEBUG] [net.minecraftforge.network.NetworkRegistry/NETREGISTRY]: Channel 'playerrevive:main' : Version test of '1' from client : ACCEPTED
[27Oct2025 17:16:38.851] [Netty Epoll Server IO #5/DEBUG] [net.minecraftforge.network.NetworkRegistry/NETREGISTRY]: Channel 'fml:play' : Version test of 'FML3' from client : ACCEPTED
[27Oct2025 17:16:38.851] [Netty Epoll Server IO #5/DEBUG] [net.minecraftforge.network.NetworkRegistry/NETREGISTRY]: Channel 'mts:main' : Version test of '1' from client : ACCEPTED
[27Oct2025 17:16:38.851] [Netty Epoll Server IO #5/DEBUG] [net.minecraftforge.network.NetworkRegistry/NETREGISTRY]: Channel 'customnpcs:packets' : Version test of 'CNPCS' from client : ACCEPTED
[27Oct2025 17:16:38.851] [Netty Epoll Server IO #5/DEBUG] [net.minecraftforge.network.NetworkRegistry/NETREGISTRY]: Channel 'creativecore:main' : Version test of '1' from client : ACCEPTED
[27Oct2025 17:16:38.851] [Netty Epoll Server IO #5/DEBUG] [net.minecraftforge.network.NetworkRegistry/NETREGISTRY]: Channel 'eyemod:main' : Version test of '1' from client : ACCEPTED
[27Oct2025 17:16:38.851] [Netty Epoll Server IO #5/DEBUG] [net.minecraftforge.network.NetworkRegistry/NETREGISTRY]: Channel 'camera:default' : Version test of '1.0.0' from client : ACCEPTED
[27Oct2025 17:16:38.851] [Netty Epoll Server IO #5/DEBUG] [net.minecraftforge.network.NetworkRegistry/NETREGISTRY]: Channel 'fcl:channel' : Version test of 'fcl' from client : ACCEPTED
[27Oct2025 17:16:38.851] [Netty Epoll Server IO #5/DEBUG] [net.minecraftforge.network.NetworkRegistry/NETREGISTRY]: Channel 'fml:handshake' : Version test of 'FML3' from client : ACCEPTED
[27Oct2025 17:16:38.851] [Netty Epoll Server IO #5/DEBUG] [net.minecraftforge.network.NetworkRegistry/NETREGISTRY]: Channel 'saros__money_mod:saros__money_mod' : Version test of '1' from client : ACCEPTED
[27Oct2025 17:16:38.851] [Netty Epoll Server IO #5/DEBUG] [net.minecraftforge.network.NetworkRegistry/NETREGISTRY]: Channel 'modernfix:ingredient_sync' : Version test of '1' from client : ACCEPTED
[27Oct2025 17:16:38.851] [Netty Epoll Server IO #5/DEBUG] [net.minecraftforge.network.NetworkRegistry/NETREGISTRY]: Channel 'saros_road_blocks_mod:saros_road_blocks_mod' : Version test of '1' from client : ACCEPTED
[27Oct2025 17:16:38.851] [Netty Epoll Server IO #5/DEBUG] [net.minecraftforge.network.NetworkRegistry/NETREGISTRY]: Channel 'cuffed:main' : Version test of '1' from client : ACCEPTED
[27Oct2025 17:16:38.851] [Netty Epoll Server IO #5/DEBUG] [net.minecraftforge.network.NetworkRegistry/NETREGISTRY]: Channel 'boxing_madness:boxing_madness' : Version test of '1' from client : ACCEPTED
[27Oct2025 17:16:38.851] [Netty Epoll Server IO #5/DEBUG] [net.minecraftforge.network.NetworkRegistry/NETREGISTRY]: Channel 'minecraft:register' : Version test of 'FML3' from client : ACCEPTED
[27Oct2025 17:16:38.851] [Netty Epoll Server IO #5/DEBUG] [net.minecraftforge.network.NetworkRegistry/NETREGISTRY]: Channel 'forge:split' : Version test of '1.1' from client : ACCEPTED
[27Oct2025 17:16:38.851] [Netty Epoll Server IO #5/DEBUG] [net.minecraftforge.network.NetworkRegistry/NETREGISTRY]: Channel 'geckolib:main' : Version test of '1' from client : ACCEPTED
[27Oct2025 17:16:38.851] [Netty Epoll Server IO #5/DEBUG] [net.minecraftforge.network.NetworkRegistry/NETREGISTRY]: Channel 'modernfurniture:modernfurniture' : Version test of '1' from client : ACCEPTED
[27Oct2025 17:16:38.851] [Netty Epoll Server IO #5/DEBUG] [net.minecraftforge.network.NetworkRegistry/NETREGISTRY]: Accepting channel list from client
[27Oct2025 17:16:38.851] [Netty Epoll Server IO #5/DEBUG] [net.minecraftforge.network.HandshakeHandler/FMLHANDSHAKE]: Accepted client connection mod list
[27Oct2025 17:16:38.852] [Server thread/INFO] [com.teampotato.redirector.Redirector/]: Redirecting net/minecraft/world/entity/player/Player$BedSleepingProblem
[27Oct2025 17:16:38.873] [Netty Epoll Server IO #5/DEBUG] [net.minecraftforge.network.LoginWrapper/FMLHANDSHAKE]: Recieved login wrapper packet event for channel fml:handshake with index 4
[27Oct2025 17:16:38.873] [Netty Epoll Server IO #5/DEBUG] [net.minecraftforge.network.HandshakeHandler/FMLHANDSHAKE]: Received client indexed reply 4 of type net.minecraftforge.network.HandshakeMessages$C2SAcknowledge
[27Oct2025 17:16:38.873] [Netty Epoll Server IO #5/DEBUG] [net.minecraftforge.network.HandshakeHandler/FMLHANDSHAKE]: Received acknowledgement from client
[27Oct2025 17:16:38.887] [Server thread/DEBUG] [net.minecraftforge.network.HandshakeHandler/FMLHANDSHAKE]: Sending ticking packet info 'Registry minecraft:recipe_serializer' to 'fml:handshake' sequence 5
[27Oct2025 17:16:38.933] [Netty Epoll Server IO #5/DEBUG] [net.minecraftforge.network.LoginWrapper/FMLHANDSHAKE]: Recieved login wrapper packet event for channel fml:handshake with index 5
[27Oct2025 17:16:38.933] [Netty Epoll Server IO #5/DEBUG] [net.minecraftforge.network.HandshakeHandler/FMLHANDSHAKE]: Received client indexed reply 5 of type net.minecraftforge.network.HandshakeMessages$C2SAcknowledge
[27Oct2025 17:16:38.933] [Netty Epoll Server IO #5/DEBUG] [net.minecraftforge.network.HandshakeHandler/FMLHANDSHAKE]: Received acknowledgement from client
[27Oct2025 17:16:38.936] [Server thread/DEBUG] [net.minecraftforge.network.HandshakeHandler/FMLHANDSHAKE]: Sending ticking packet info 'Registry minecraft:sound_event' to 'fml:handshake' sequence 6
[27Oct2025 17:16:38.986] [Server thread/DEBUG] [net.minecraftforge.network.HandshakeHandler/FMLHANDSHAKE]: Sending ticking packet info 'Registry minecraft:particle_type' to 'fml:handshake' sequence 7
[27Oct2025 17:16:39.023] [Netty Epoll Server IO #5/DEBUG] [net.minecraftforge.network.LoginWrapper/FMLHANDSHAKE]: Recieved login wrapper packet event for channel fml:handshake with index 6
[27Oct2025 17:16:39.023] [Netty Epoll Server IO #5/DEBUG] [net.minecraftforge.network.HandshakeHandler/FMLHANDSHAKE]: Received client indexed reply 6 of type net.minecraftforge.network.HandshakeMessages$C2SAcknowledge
[27Oct2025 17:16:39.023] [Netty Epoll Server IO #5/DEBUG] [net.minecraftforge.network.HandshakeHandler/FMLHANDSHAKE]: Received acknowledgement from client
[27Oct2025 17:16:39.023] [Netty Epoll Server IO #5/DEBUG] [net.minecraftforge.network.LoginWrapper/FMLHANDSHAKE]: Recieved login wrapper packet event for channel fml:handshake with index 7
[27Oct2025 17:16:39.023] [Netty Epoll Server IO #5/DEBUG] [net.minecraftforge.network.HandshakeHandler/FMLHANDSHAKE]: Received client indexed reply 7 of type net.minecraftforge.network.HandshakeMessages$C2SAcknowledge
[27Oct2025 17:16:39.024] [Netty Epoll Server IO #5/DEBUG] [net.minecraftforge.network.HandshakeHandler/FMLHANDSHAKE]: Received acknowledgement from client
[27Oct2025 17:16:39.037] [Server thread/DEBUG] [net.minecraftforge.network.HandshakeHandler/FMLHANDSHAKE]: Sending ticking packet info 'Registry minecraft:villager_profession' to 'fml:handshake' sequence 8
[27Oct2025 17:16:39.063] [Netty Epoll Server IO #5/DEBUG] [net.minecraftforge.network.LoginWrapper/FMLHANDSHAKE]: Recieved login wrapper packet event for channel fml:handshake with index 8
[27Oct2025 17:16:39.063] [Netty Epoll Server IO #5/DEBUG] [net.minecraftforge.network.HandshakeHandler/FMLHANDSHAKE]: Received client indexed reply 8 of type net.minecraftforge.network.HandshakeMessages$C2SAcknowledge
[27Oct2025 17:16:39.063] [Netty Epoll Server IO #5/DEBUG] [net.minecraftforge.network.HandshakeHandler/FMLHANDSHAKE]: Received acknowledgement from client
[27Oct2025 17:16:39.086] [Server thread/DEBUG] [net.minecraftforge.network.HandshakeHandler/FMLHANDSHAKE]: Sending ticking packet info 'Registry minecraft:item' to 'fml:handshake' sequence 9
[27Oct2025 17:16:39.136] [Server thread/DEBUG] [net.minecraftforge.network.HandshakeHandler/FMLHANDSHAKE]: Sending ticking packet info 'Registry minecraft:potion' to 'fml:handshake' sequence 10
[27Oct2025 17:16:39.163] [Netty Epoll Server IO #5/DEBUG] [net.minecraftforge.network.LoginWrapper/FMLHANDSHAKE]: Recieved login wrapper packet event for channel fml:handshake with index 9
[27Oct2025 17:16:39.163] [Netty Epoll Server IO #5/DEBUG] [net.minecraftforge.network.HandshakeHandler/FMLHANDSHAKE]: Received client indexed reply 9 of type net.minecraftforge.network.HandshakeMessages$C2SAcknowledge
[27Oct2025 17:16:39.163] [Netty Epoll Server IO #5/DEBUG] [net.minecraftforge.network.HandshakeHandler/FMLHANDSHAKE]: Received acknowledgement from client
[27Oct2025 17:16:39.163] [Netty Epoll Server IO #5/DEBUG] [net.minecraftforge.network.LoginWrapper/FMLHANDSHAKE]: Recieved login wrapper packet event for channel fml:handshake with index 10
[27Oct2025 17:16:39.163] [Netty Epoll Server IO #5/DEBUG] [net.minecraftforge.network.HandshakeHandler/FMLHANDSHAKE]: Received client indexed reply 10 of type net.minecraftforge.network.HandshakeMessages$C2SAcknowledge
[27Oct2025 17:16:39.163] [Netty Epoll Server IO #5/DEBUG] [net.minecraftforge.network.HandshakeHandler/FMLHANDSHAKE]: Received acknowledgement from client
[27Oct2025 17:16:39.186] [Server thread/DEBUG] [net.minecraftforge.network.HandshakeHandler/FMLHANDSHAKE]: Sending ticking packet info 'Registry minecraft:painting_variant' to 'fml:handshake' sequence 11
[27Oct2025 17:16:39.223] [Netty Epoll Server IO #5/DEBUG] [net.minecraftforge.network.LoginWrapper/FMLHANDSHAKE]: Recieved login wrapper packet event for channel fml:handshake with index 11
[27Oct2025 17:16:39.223] [Netty Epoll Server IO #5/DEBUG] [net.minecraftforge.network.HandshakeHandler/FMLHANDSHAKE]: Received client indexed reply 11 of type net.minecraftforge.network.HandshakeMessages$C2SAcknowledge
[27Oct2025 17:16:39.223] [Netty Epoll Server IO #5/DEBUG] [net.minecraftforge.network.HandshakeHandler/FMLHANDSHAKE]: Received acknowledgement from client
[27Oct2025 17:16:39.236] [Server thread/DEBUG] [net.minecraftforge.network.HandshakeHandler/FMLHANDSHAKE]: Sending ticking packet info 'Registry forge:fluid_type' to 'fml:handshake' sequence 12
[27Oct2025 17:16:39.273] [Netty Epoll Server IO #5/DEBUG] [net.minecraftforge.network.LoginWrapper/FMLHANDSHAKE]: Recieved login wrapper packet event for channel fml:handshake with index 12
[27Oct2025 17:16:39.273] [Netty Epoll Server IO #5/DEBUG] [net.minecraftforge.network.HandshakeHandler/FMLHANDSHAKE]: Received client indexed reply 12 of type net.minecraftforge.network.HandshakeMessages$C2SAcknowledge
[27Oct2025 17:16:39.273] [Netty Epoll Server IO #5/DEBUG] [net.minecraftforge.network.HandshakeHandler/FMLHANDSHAKE]: Received acknowledgement from client
[27Oct2025 17:16:39.286] [Server thread/DEBUG] [net.minecraftforge.network.HandshakeHandler/FMLHANDSHAKE]: Sending ticking packet info 'Registry minecraft:block_entity_type' to 'fml:handshake' sequence 13
[27Oct2025 17:16:39.333] [Netty Epoll Server IO #5/DEBUG] [net.minecraftforge.network.LoginWrapper/FMLHANDSHAKE]: Recieved login wrapper packet event for channel fml:handshake with index 13
[27Oct2025 17:16:39.333] [Netty Epoll Server IO #5/DEBUG] [net.minecraftforge.network.HandshakeHandler/FMLHANDSHAKE]: Received client indexed reply 13 of type net.minecraftforge.network.HandshakeMessages$C2SAcknowledge
[27Oct2025 17:16:39.333] [Netty Epoll Server IO #5/DEBUG] [net.minecraftforge.network.HandshakeHandler/FMLHANDSHAKE]: Received acknowledgement from client
[27Oct2025 17:16:39.336] [Server thread/DEBUG] [net.minecraftforge.network.HandshakeHandler/FMLHANDSHAKE]: Sending ticking packet info 'Registry forge:display_contexts' to 'fml:handshake' sequence 14
[27Oct2025 17:16:39.373] [Netty Epoll Server IO #5/DEBUG] [net.minecraftforge.network.LoginWrapper/FMLHANDSHAKE]: Recieved login wrapper packet event for channel fml:handshake with index 14
[27Oct2025 17:16:39.373] [Netty Epoll Server IO #5/DEBUG] [net.minecraftforge.network.HandshakeHandler/FMLHANDSHAKE]: Received client indexed reply 14 of type net.minecraftforge.network.HandshakeMessages$C2SAcknowledge
[27Oct2025 17:16:39.373] [Netty Epoll Server IO #5/DEBUG] [net.minecraftforge.network.HandshakeHandler/FMLHANDSHAKE]: Received acknowledgement from client
[27Oct2025 17:16:39.386] [Server thread/DEBUG] [net.minecraftforge.network.HandshakeHandler/FMLHANDSHAKE]: Sending ticking packet info 'Registry minecraft:block' to 'fml:handshake' sequence 15
[27Oct2025 17:16:39.436] [Server thread/DEBUG] [net.minecraftforge.network.HandshakeHandler/FMLHANDSHAKE]: Sending ticking packet info 'Registry cuffed:restraints' to 'fml:handshake' sequence 16
[27Oct2025 17:16:39.453] [Netty Epoll Server IO #5/DEBUG] [net.minecraftforge.network.LoginWrapper/FMLHANDSHAKE]: Recieved login wrapper packet event for channel fml:handshake with index 15
[27Oct2025 17:16:39.453] [Netty Epoll Server IO #5/DEBUG] [net.minecraftforge.network.HandshakeHandler/FMLHANDSHAKE]: Received client indexed reply 15 of type net.minecraftforge.network.HandshakeMessages$C2SAcknowledge
[27Oct2025 17:16:39.453] [Netty Epoll Server IO #5/DEBUG] [net.minecraftforge.network.HandshakeHandler/FMLHANDSHAKE]: Received acknowledgement from client
[27Oct2025 17:16:39.473] [Netty Epoll Server IO #5/DEBUG] [net.minecraftforge.network.LoginWrapper/FMLHANDSHAKE]: Recieved login wrapper packet event for channel fml:handshake with index 16
[27Oct2025 17:16:39.473] [Netty Epoll Server IO #5/DEBUG] [net.minecraftforge.network.HandshakeHandler/FMLHANDSHAKE]: Received client indexed reply 16 of type net.minecraftforge.network.HandshakeMessages$C2SAcknowledge
[27Oct2025 17:16:39.473] [Netty Epoll Server IO #5/DEBUG] [net.minecraftforge.network.HandshakeHandler/FMLHANDSHAKE]: Received acknowledgement from client
[27Oct2025 17:16:39.487] [Server thread/DEBUG] [net.minecraftforge.network.HandshakeHandler/FMLHANDSHAKE]: Sending ticking packet info 'Registry forge:entity_data_serializers' to 'fml:handshake' sequence 17
[27Oct2025 17:16:39.523] [Netty Epoll Server IO #5/DEBUG] [net.minecraftforge.network.LoginWrapper/FMLHANDSHAKE]: Recieved login wrapper packet event for channel fml:handshake with index 17
[27Oct2025 17:16:39.523] [Netty Epoll Server IO #5/DEBUG] [net.minecraftforge.network.HandshakeHandler/FMLHANDSHAKE]: Received client indexed reply 17 of type net.minecraftforge.network.HandshakeMessages$C2SAcknowledge
[27Oct2025 17:16:39.523] [Netty Epoll Server IO #5/DEBUG] [net.minecraftforge.network.HandshakeHandler/FMLHANDSHAKE]: Received acknowledgement from client
[27Oct2025 17:16:39.536] [Server thread/DEBUG] [net.minecraftforge.network.HandshakeHandler/FMLHANDSHAKE]: Sending ticking packet info 'Registry minecraft:mob_effect' to 'fml:handshake' sequence 18
[27Oct2025 17:16:39.573] [Netty Epoll Server IO #5/DEBUG] [net.minecraftforge.network.LoginWrapper/FMLHANDSHAKE]: Recieved login wrapper packet event for channel fml:handshake with index 18
[27Oct2025 17:16:39.573] [Netty Epoll Server IO #5/DEBUG] [net.minecraftforge.network.HandshakeHandler/FMLHANDSHAKE]: Received client indexed reply 18 of type net.minecraftforge.network.HandshakeMessages$C2SAcknowledge
[27Oct2025 17:16:39.573] [Netty Epoll Server IO #5/DEBUG] [net.minecraftforge.network.HandshakeHandler/FMLHANDSHAKE]: Received acknowledgement from client
[27Oct2025 17:16:39.587] [Server thread/DEBUG] [net.minecraftforge.network.HandshakeHandler/FMLHANDSHAKE]: Sending ticking packet info 'Registry minecraft:stat_type' to 'fml:handshake' sequence 19
[27Oct2025 17:16:39.623] [Netty Epoll Server IO #5/DEBUG] [net.minecraftforge.network.LoginWrapper/FMLHANDSHAKE]: Recieved login wrapper packet event for channel fml:handshake with index 19
[27Oct2025 17:16:39.623] [Netty Epoll Server IO #5/DEBUG] [net.minecraftforge.network.HandshakeHandler/FMLHANDSHAKE]: Received client indexed reply 19 of type net.minecraftforge.network.HandshakeMessages$C2SAcknowledge
[27Oct2025 17:16:39.623] [Netty Epoll Server IO #5/DEBUG] [net.minecraftforge.network.HandshakeHandler/FMLHANDSHAKE]: Received acknowledgement from client
[27Oct2025 17:16:39.646] [Server thread/DEBUG] [net.minecraftforge.network.HandshakeHandler/FMLHANDSHAKE]: Sending ticking packet info 'Registry minecraft:menu' to 'fml:handshake' sequence 20
[27Oct2025 17:16:39.683] [Netty Epoll Server IO #5/DEBUG] [net.minecraftforge.network.LoginWrapper/FMLHANDSHAKE]: Recieved login wrapper packet event for channel fml:handshake with index 20
[27Oct2025 17:16:39.683] [Netty Epoll Server IO #5/DEBUG] [net.minecraftforge.network.HandshakeHandler/FMLHANDSHAKE]: Received client indexed reply 20 of type net.minecraftforge.network.HandshakeMessages$C2SAcknowledge
[27Oct2025 17:16:39.683] [Netty Epoll Server IO #5/DEBUG] [net.minecraftforge.network.HandshakeHandler/FMLHANDSHAKE]: Received acknowledgement from client
[27Oct2025 17:16:39.686] [Server thread/DEBUG] [net.minecraftforge.network.HandshakeHandler/FMLHANDSHAKE]: Sending ticking packet info 'Registry minecraft:enchantment' to 'fml:handshake' sequence 21
[27Oct2025 17:16:39.723] [Netty Epoll Server IO #5/DEBUG] [net.minecraftforge.network.LoginWrapper/FMLHANDSHAKE]: Recieved login wrapper packet event for channel fml:handshake with index 21
[27Oct2025 17:16:39.723] [Netty Epoll Server IO #5/DEBUG] [net.minecraftforge.network.HandshakeHandler/FMLHANDSHAKE]: Received client indexed reply 21 of type net.minecraftforge.network.HandshakeMessages$C2SAcknowledge
[27Oct2025 17:16:39.723] [Netty Epoll Server IO #5/DEBUG] [net.minecraftforge.network.HandshakeHandler/FMLHANDSHAKE]: Received acknowledgement from client
[27Oct2025 17:16:39.736] [Server thread/DEBUG] [net.minecraftforge.network.HandshakeHandler/FMLHANDSHAKE]: Sending ticking packet info 'Registry minecraft:fluid' to 'fml:handshake' sequence 22
[27Oct2025 17:16:39.773] [Netty Epoll Server IO #5/DEBUG] [net.minecraftforge.network.LoginWrapper/FMLHANDSHAKE]: Recieved login wrapper packet event for channel fml:handshake with index 22
[27Oct2025 17:16:39.773] [Netty Epoll Server IO #5/DEBUG] [net.minecraftforge.network.HandshakeHandler/FMLHANDSHAKE]: Received client indexed reply 22 of type net.minecraftforge.network.HandshakeMessages$C2SAcknowledge
[27Oct2025 17:16:39.773] [Netty Epoll Server IO #5/DEBUG] [net.minecraftforge.network.HandshakeHandler/FMLHANDSHAKE]: Received acknowledgement from client
[27Oct2025 17:16:39.786] [Server thread/DEBUG] [net.minecraftforge.network.HandshakeHandler/FMLHANDSHAKE]: Sending ticking packet info 'Registry minecraft:entity_type' to 'fml:handshake' sequence 23
[27Oct2025 17:16:39.836] [Server thread/DEBUG] [net.minecraftforge.network.HandshakeHandler/FMLHANDSHAKE]: Sending ticking packet info 'Config camera-server.toml' to 'fml:handshake' sequence 24
[27Oct2025 17:16:39.886] [Server thread/DEBUG] [net.minecraftforge.network.HandshakeHandler/FMLHANDSHAKE]: Sending ticking packet info 'Config locks-server.toml' to 'fml:handshake' sequence 25
[27Oct2025 17:16:39.937] [Server thread/DEBUG] [net.minecraftforge.network.HandshakeHandler/FMLHANDSHAKE]: Sending ticking packet info 'Config curios-server.toml' to 'fml:handshake' sequence 26
[27Oct2025 17:16:39.983] [Netty Epoll Server IO #5/DEBUG] [net.minecraftforge.network.LoginWrapper/FMLHANDSHAKE]: Recieved login wrapper packet event for channel fml:handshake with index 23
[27Oct2025 17:16:39.983] [Netty Epoll Server IO #5/DEBUG] [net.minecraftforge.network.HandshakeHandler/FMLHANDSHAKE]: Received client indexed reply 23 of type net.minecraftforge.network.HandshakeMessages$C2SAcknowledge
[27Oct2025 17:16:39.983] [Netty Epoll Server IO #5/DEBUG] [net.minecraftforge.network.HandshakeHandler/FMLHANDSHAKE]: Received acknowledgement from client
[27Oct2025 17:16:39.983] [Netty Epoll Server IO #5/DEBUG] [net.minecraftforge.network.LoginWrapper/FMLHANDSHAKE]: Recieved login wrapper packet event for channel fml:handshake with index 24
[27Oct2025 17:16:39.983] [Netty Epoll Server IO #5/DEBUG] [net.minecraftforge.network.HandshakeHandler/FMLHANDSHAKE]: Received client indexed reply 24 of type net.minecraftforge.network.HandshakeMessages$C2SAcknowledge
[27Oct2025 17:16:39.983] [Netty Epoll Server IO #5/DEBUG] [net.minecraftforge.network.HandshakeHandler/FMLHANDSHAKE]: Received acknowledgement from client
[27Oct2025 17:16:39.983] [Netty Epoll Server IO #5/DEBUG] [net.minecraftforge.network.LoginWrapper/FMLHANDSHAKE]: Recieved login wrapper packet event for channel fml:handshake with index 25
[27Oct2025 17:16:39.983] [Netty Epoll Server IO #5/DEBUG] [net.minecraftforge.network.HandshakeHandler/FMLHANDSHAKE]: Received client indexed reply 25 of type net.minecraftforge.network.HandshakeMessages$C2SAcknowledge
[27Oct2025 17:16:39.983] [Netty Epoll Server IO #5/DEBUG] [net.minecraftforge.network.HandshakeHandler/FMLHANDSHAKE]: Received acknowledgement from client
[27Oct2025 17:16:39.987] [Server thread/DEBUG] [net.minecraftforge.network.HandshakeHandler/FMLHANDSHAKE]: Sending ticking packet info 'Config jeg-server.toml' to 'fml:handshake' sequence 27
[27Oct2025 17:16:39.993] [Netty Epoll Server IO #5/DEBUG] [net.minecraftforge.network.LoginWrapper/FMLHANDSHAKE]: Recieved login wrapper packet event for channel fml:handshake with index 26
[27Oct2025 17:16:39.993] [Netty Epoll Server IO #5/DEBUG] [net.minecraftforge.network.HandshakeHandler/FMLHANDSHAKE]: Received client indexed reply 26 of type net.minecraftforge.network.HandshakeMessages$C2SAcknowledge
[27Oct2025 17:16:39.993] [Netty Epoll Server IO #5/DEBUG] [net.minecraftforge.network.HandshakeHandler/FMLHANDSHAKE]: Received acknowledgement from client
[27Oct2025 17:16:40.023] [Netty Epoll Server IO #5/DEBUG] [net.minecraftforge.network.LoginWrapper/FMLHANDSHAKE]: Recieved login wrapper packet event for channel fml:handshake with index 27
[27Oct2025 17:16:40.023] [Netty Epoll Server IO #5/DEBUG] [net.minecraftforge.network.HandshakeHandler/FMLHANDSHAKE]: Received client indexed reply 27 of type net.minecraftforge.network.HandshakeMessages$C2SAcknowledge
[27Oct2025 17:16:40.023] [Netty Epoll Server IO #5/DEBUG] [net.minecraftforge.network.HandshakeHandler/FMLHANDSHAKE]: Received acknowledgement from client
[27Oct2025 17:16:40.036] [Server thread/DEBUG] [net.minecraftforge.network.HandshakeHandler/FMLHANDSHAKE]: Sending ticking packet info 'Config cuffed-server.toml' to 'fml:handshake' sequence 28
[27Oct2025 17:16:40.084] [Netty Epoll Server IO #5/DEBUG] [net.minecraftforge.network.LoginWrapper/FMLHANDSHAKE]: Recieved login wrapper packet event for channel fml:handshake with index 28
[27Oct2025 17:16:40.085] [Netty Epoll Server IO #5/DEBUG] [net.minecraftforge.network.HandshakeHandler/FMLHANDSHAKE]: Received client indexed reply 28 of type net.minecraftforge.network.HandshakeMessages$C2SAcknowledge
[27Oct2025 17:16:40.085] [Netty Epoll Server IO #5/DEBUG] [net.minecraftforge.network.HandshakeHandler/FMLHANDSHAKE]: Received acknowledgement from client
[27Oct2025 17:16:40.086] [Server thread/DEBUG] [net.minecraftforge.network.HandshakeHandler/FMLHANDSHAKE]: Sending ticking packet info 'Config forge-server.toml' to 'fml:handshake' sequence 29
[27Oct2025 17:16:40.123] [Netty Epoll Server IO #5/DEBUG] [net.minecraftforge.network.LoginWrapper/FMLHANDSHAKE]: Recieved login wrapper packet event for channel fml:handshake with index 29
[27Oct2025 17:16:40.123] [Netty Epoll Server IO #5/DEBUG] [net.minecraftforge.network.HandshakeHandler/FMLHANDSHAKE]: Received client indexed reply 29 of type net.minecraftforge.network.HandshakeMessages$C2SAcknowledge
[27Oct2025 17:16:40.123] [Netty Epoll Server IO #5/DEBUG] [net.minecraftforge.network.HandshakeHandler/FMLHANDSHAKE]: Received acknowledgement from client
[27Oct2025 17:16:40.136] [Server thread/DEBUG] [net.minecraftforge.network.HandshakeHandler/FMLHANDSHAKE]: Handshake complete!
[27Oct2025 17:16:40.190] [Server thread/INFO] [net.minecraft.server.players.PlayerList/]: Null[/127.187.26.140:36771] logged in with entity id 2658 at (30.193368628983926, 69.0, 91.64766656819059)
[27Oct2025 17:16:40.190] [Server thread/DEBUG] [net.minecraftforge.network.filters.NetworkFilters/]: Injected net.minecraftforge.network.filters.ForgeConnectionNetworkFilter@a92cd84 into net.minecraft.network.Connection@60ef224d
[27Oct2025 17:16:40.190] [Server thread/DEBUG] [ModernFix/]: Sending ID correction packet to client with 68 classes
[27Oct2025 17:16:40.193] [Server thread/INFO] [ModernFix/]: Using enhanced recipe sync for player Null
[27Oct2025 17:16:40.202] [Server thread/INFO] [net.minecraft.server.MinecraftServer/]: Null joined the game
[27Oct2025 17:16:40.239] [Server thread/INFO] [Devices Mod/]: Player logged in: literal{Null}
[27Oct2025 17:17:26.959] [Server thread/INFO] [net.minecraft.server.MinecraftServer/]: [Not Secure] <Imranack> REDUCTIONS 25% SUR LES MAISONS/APARTEMENTS
[27Oct2025 17:17:43.137] [Server thread/INFO] [net.minecraft.server.MinecraftServer/]: [Imranack: Set own game mode to Survival Mode]
[27Oct2025 17:18:19.541] [Server thread/INFO] [net.minecraft.server.MinecraftServer/]: [Imranack: Teleported Imranack to -33.500000, 65.000000, 293.500000]
[27Oct2025 17:18:27.840] [Server thread/INFO] [net.minecraft.server.MinecraftServer/]: [Imranack: Teleported Imranack to -40.500000, 66.000000, 237.500000]
[27Oct2025 17:18:52.450] [Server thread/INFO] [net.minecraft.server.MinecraftServer/]: [Imranack: Set own game mode to Creative Mode]
[27Oct2025 17:18:53.827] [Server thread/INFO] [net.minecraft.server.MinecraftServer/]: [Imranack: Set own game mode to Spectator Mode]
[27Oct2025 17:19:09.057] [Server thread/DEBUG] [net.minecraftforge.common.ForgeHooks/WP]: Gathering id map for writing to world save Matsuhama
[27Oct2025 17:19:09.063] [Server thread/DEBUG] [net.minecraftforge.common.ForgeHooks/WP]: ID Map collection complete Matsuhama
[27Oct2025 17:19:57.815] [Server thread/INFO] [net.minecraft.server.MinecraftServer/]: [Not Secure] <Null> fdp
[27Oct2025 17:20:19.193] [Server thread/INFO] [net.minecraft.server.MinecraftServer/]: [Imranack: Teleported Imranack to 10.500000, 65.000000, 91.500000]
[27Oct2025 17:20:21.713] [Server thread/INFO] [net.minecraft.server.MinecraftServer/]: [Imranack: Set own game mode to Creative Mode]
[27Oct2025 17:20:24.795] [Server thread/INFO] [net.minecraft.server.MinecraftServer/]: [Imranack: Set own game mode to Spectator Mode]
[27Oct2025 17:20:26.267] [Server thread/INFO] [net.minecraft.server.MinecraftServer/]: [Imranack: Set own game mode to Survival Mode]
[27Oct2025 17:20:44.915] [Server thread/INFO] [net.minecraft.server.MinecraftServer/]: [Imranack: Gave 16 [Bread] to 3]
[27Oct2025 17:21:00.646] [Server thread/INFO] [net.minecraft.server.MinecraftServer/]: [Imranack: Set own game mode to Spectator Mode]
[27Oct2025 17:21:10.353] [Server thread/INFO] [net.minecraft.server.MinecraftServer/]: [Imranack: Teleported Imranack to 366.500000, 65.000000, 11.500000]
[27Oct2025 17:21:16.087] [Server thread/INFO] [net.minecraft.server.MinecraftServer/]: [Imranack: Set own game mode to Creative Mode]
[27Oct2025 17:21:30.633] [Server thread/INFO] [net.minecraft.server.MinecraftServer/]: [Imranack: Set own game mode to Survival Mode]
[27Oct2025 17:21:46.690] [Server thread/INFO] [net.minecraft.server.MinecraftServer/]: [Not Secure] <Null> zeyad j'ai besoin d'un wifi et des des câbles c'est disponible
[27Oct2025 17:22:08.444] [Server thread/INFO] [net.minecraft.server.MinecraftServer/]: [Not Secure] <Steve> non dsl
